country;region_pcode;region;division_pcode;division;sub_division_pcode;sub_division;village_name;place
cameroun;CM004;Extrme-Nord;CM004003;Mayo-Danay;CM004003004;Kai-Kai;Balam;village
cameroun;CM004;Extrme-Nord;CM004003;Mayo-Danay;CM004003004;Kai-Kai;Kay kay;village
cameroun;CM004;Extrme-Nord;CM004003;Mayo-Danay;CM004003004;Kai-Kai;Kai-Kai;town
cameroun;CM004;Extrme-Nord;CM004003;Mayo-Danay;CM004003004;Kai-Kai;Barkaya;village
cameroun;CM004;Extrme-Nord;CM004003;Mayo-Danay;CM004003009;Vele;Madalam;village
cameroun;CM004;Extrme-Nord;CM004003;Mayo-Danay;CM004003009;Vele;Meringue;village
cameroun;CM004;Extrme-Nord;CM004003;Mayo-Danay;CM004003009;Vele;Bama;village
cameroun;CM004;Extrme-Nord;CM004003;Mayo-Danay;CM004003009;Vele;Bama;village
cameroun;CM004;Extrme-Nord;CM004003;Mayo-Danay;CM004003009;Vele;Kouro Mokdaye;village
cameroun;CM004;Extrme-Nord;CM004003;Mayo-Danay;CM004003005;Kalfou;Kouro;village
cameroun;CM004;Extrme-Nord;CM004003;Mayo-Danay;CM004003005;Kalfou;Gobio;village
cameroun;CM004;Extrme-Nord;CM004003;Mayo-Danay;CM004003005;Kalfou;Loukol Haoussa;village
cameroun;CM004;Extrme-Nord;CM004003;Mayo-Danay;CM004003005;Kalfou;Baga;village
cameroun;CM004;Extrme-Nord;CM004003;Mayo-Danay;CM004003005;Kalfou;Sanyao;village
cameroun;CM004;Extrme-Nord;CM004003;Mayo-Danay;CM004003005;Kalfou;Bagarao;village
cameroun;CM004;Extrme-Nord;CM004003;Mayo-Danay;CM004003009;Vele;Gabaraye;village
cameroun;CM004;Extrme-Nord;CM004003;Mayo-Danay;CM004003009;Vele;Gabaraye_widi;village
cameroun;CM004;Extrme-Nord;CM004003;Mayo-Danay;CM004003009;Vele;Widigue;village
cameroun;CM008;Ouest;CM008003;Hauts-Plateaux;CM008003002;Bamendjou;Mboum;village
cameroun;CM008;Ouest;CM008003;Hauts-Plateaux;CM008003004;Batie;Famgoum;village
cameroun;CM008;Ouest;CM008003;Hauts-Plateaux;CM008003004;Batie;La'ngou;village
cameroun;CM008;Ouest;CM008003;Hauts-Plateaux;CM008003004;Batie;Bati;town
cameroun;CM008;Ouest;CM008003;Hauts-Plateaux;CM008003001;Baham;Pou'mze;village
cameroun;CM010;Sud-Ouest;CM010001;Fako;CM010001006;Tiko;Mutengene;town
cameroun;CM010;Sud-Ouest;CM010001;Fako;CM010001006;Tiko;Bwenga;village
cameroun;CM010;Sud-Ouest;CM010001;Fako;CM010001006;Tiko;Monkey Kombo;village
cameroun;CM010;Sud-Ouest;CM010001;Fako;CM010001006;Tiko;Ikange;village
cameroun;CM005;Littoral;CM005004;Wouri;CM005004006;Douala 6e;Kangu;village
cameroun;CM010;Sud-Ouest;CM010001;Fako;CM010001004;Limbe 3rd;Mbomo;village
cameroun;CM010;Sud-Ouest;CM010001;Fako;CM010001006;Tiko;Law Mabeta;village
cameroun;CM010;Sud-Ouest;CM010001;Fako;CM010001004;Limbe 3rd;Mabeta;village
cameroun;CM010;Sud-Ouest;CM010001;Fako;CM010001004;Limbe 3rd;Mboko I;village
cameroun;CM010;Sud-Ouest;CM010001;Fako;CM010001004;Limbe 3rd;Mboko II;village
cameroun;CM010;Sud-Ouest;CM010001;Fako;CM010001004;Limbe 3rd;King William Town;village
cameroun;CM010;Sud-Ouest;CM010001;Fako;CM010001004;Limbe 3rd;Bonabile;village
cameroun;CM010;Sud-Ouest;CM010001;Fako;CM010001004;Limbe 3rd;Dikolo;village
cameroun;CM010;Sud-Ouest;CM010001;Fako;CM010001004;Limbe 3rd;Essele village;village
cameroun;CM010;Sud-Ouest;CM010001;Fako;CM010001004;Limbe 3rd;Mitondo;village
cameroun;CM010;Sud-Ouest;CM010001;Fako;CM010001004;Limbe 3rd;Bonjo;village
cameroun;CM010;Sud-Ouest;CM010001;Fako;CM010001004;Limbe 3rd;Ladja;village
cameroun;CM009;Sud;CM009003;Ocan;CM009003004;Kribi 1er;bom;village
cameroun;CM009;Sud;CM009003;Ocan;CM009003004;Kribi 1er;Nangadjango;village
cameroun;CM009;Sud;CM009003;Ocan;CM009003004;Kribi 1er;Bengandw;village
cameroun;CM009;Sud;CM009003;Ocan;CM009003004;Kribi 1er;Mpango;village
cameroun;CM009;Sud;CM009003;Ocan;CM009003004;Kribi 1er;Nabaro;village
cameroun;CM009;Sud;CM009003;Ocan;CM009003004;Kribi 1er;Nadontemb;village
cameroun;CM009;Sud;CM009003;Ocan;CM009003004;Kribi 1er;Miangadjio;village
cameroun;CM009;Sud;CM009003;Ocan;CM009003004;Kribi 1er;Lende;village
cameroun;CM009;Sud;CM009003;Ocan;CM009003005;Kribi 2e;Bossiki;village
cameroun;CM009;Sud;CM009003;Ocan;CM009003005;Kribi 2e;Bikondo;village
cameroun;CM009;Sud;CM009003;Ocan;CM009003005;Kribi 2e;Ndjibo;village
cameroun;CM009;Sud;CM009003;Ocan;CM009003005;Kribi 2e;Mahale;village
cameroun;CM009;Sud;CM009003;Ocan;CM009003005;Kribi 2e;Domb;village
cameroun;CM009;Sud;CM009003;Ocan;CM009003005;Kribi 2e;Ngoy;village
cameroun;CM009;Sud;CM009003;Ocan;CM009003005;Kribi 2e;labe;village
cameroun;CM009;Sud;CM009003;Ocan;CM009003005;Kribi 2e;Ebouiyo;village
cameroun;CM009;Sud;CM009003;Ocan;CM009003005;Kribi 2e;Mpala;village
cameroun;CM009;Sud;CM009003;Ocan;CM009003005;Kribi 2e;Mpolongw I;village
cameroun;CM009;Sud;CM009003;Ocan;CM009003006;Lokoundje;Djamanmoni;village
cameroun;CM009;Sud;CM009003;Ocan;CM009003006;Lokoundje;Mangongo;village
cameroun;CM009;Sud;CM009003;Ocan;CM009003006;Lokoundje;Lokoundj;village
cameroun;CM009;Sud;CM009003;Ocan;CM009003006;Lokoundje;Ondja;village
cameroun;CM009;Sud;CM009003;Ocan;CM009003006;Lokoundje;Idolo;village
cameroun;CM009;Sud;CM009003;Ocan;CM009003006;Lokoundje;Bahondo;village
cameroun;CM005;Littoral;CM005003;Sanaga-Maritime;CM005003003;Edea 1er;Malnd;village
cameroun;CM005;Littoral;CM005003;Sanaga-Maritime;CM005003006;Mouanko;Tanda;village
cameroun;CM005;Littoral;CM005003;Sanaga-Maritime;CM005003006;Mouanko;Gabon;village
cameroun;CM005;Littoral;CM005003;Sanaga-Maritime;CM005003006;Mouanko;Lot;village
cameroun;CM005;Littoral;CM005003;Sanaga-Maritime;CM005003006;Mouanko;Mon Poisson;village
cameroun;CM005;Littoral;CM005003;Sanaga-Maritime;CM005003006;Mouanko;Badangu;village
cameroun;CM005;Littoral;CM005003;Sanaga-Maritime;CM005003003;Edea 1er;Enyango;village
cameroun;CM005;Littoral;CM005003;Sanaga-Maritime;CM005003006;Mouanko;London;village
cameroun;CM005;Littoral;CM005003;Sanaga-Maritime;CM005003006;Mouanko;Kombe II;village
cameroun;CM005;Littoral;CM005003;Sanaga-Maritime;CM005003006;Mouanko;Ngog Wout;village
cameroun;CM005;Littoral;CM005003;Sanaga-Maritime;CM005003006;Mouanko;Nsp;village
cameroun;CM005;Littoral;CM005003;Sanaga-Maritime;CM005003006;Mouanko;Elongango;village
cameroun;CM005;Littoral;CM005003;Sanaga-Maritime;CM005003006;Mouanko;Pongo Songo;village
cameroun;CM005;Littoral;CM005003;Sanaga-Maritime;CM005003006;Mouanko;Komb I;village
cameroun;CM005;Littoral;CM005003;Sanaga-Maritime;CM005003006;Mouanko;Marienberg;village
cameroun;CM005;Littoral;CM005003;Sanaga-Maritime;CM005003006;Mouanko;Okogong;village
cameroun;CM005;Littoral;CM005003;Sanaga-Maritime;CM005003006;Mouanko;Yankonzok;village
cameroun;CM005;Littoral;CM005003;Sanaga-Maritime;CM005003006;Mouanko;Lavonga;village
cameroun;CM005;Littoral;CM005003;Sanaga-Maritime;CM005003006;Mouanko;Mbanga Bekgud;village
cameroun;CM005;Littoral;CM005003;Sanaga-Maritime;CM005003006;Mouanko;Mbanga Sanaga;village
cameroun;CM005;Littoral;CM005003;Sanaga-Maritime;CM005003006;Mouanko;Dpaga;village
cameroun;CM005;Littoral;CM005003;Sanaga-Maritime;CM005003006;Mouanko;Yatou;village
cameroun;CM005;Littoral;CM005003;Sanaga-Maritime;CM005003006;Mouanko;Yavi;village
cameroun;CM005;Littoral;CM005003;Sanaga-Maritime;CM005003006;Mouanko;Moutoubou;village
cameroun;CM005;Littoral;CM005003;Sanaga-Maritime;CM005003006;Mouanko;Sitan;village
cameroun;CM005;Littoral;CM005003;Sanaga-Maritime;CM005003006;Mouanko;Bongo;village
cameroun;CM005;Littoral;CM005003;Sanaga-Maritime;CM005003006;Mouanko;Ngola;village
cameroun;CM005;Littoral;CM005003;Sanaga-Maritime;CM005003006;Mouanko;Moulimba Djdou;village
cameroun;CM005;Littoral;CM005003;Sanaga-Maritime;CM005003006;Mouanko;Bonapembe;village
cameroun;CM005;Littoral;CM005003;Sanaga-Maritime;CM005003006;Mouanko;Moulongo;village
cameroun;CM005;Littoral;CM005003;Sanaga-Maritime;CM005003006;Mouanko;Bonongo;village
cameroun;CM005;Littoral;CM005003;Sanaga-Maritime;CM005003006;Mouanko;Boloy;village
cameroun;CM005;Littoral;CM005003;Sanaga-Maritime;CM005003006;Mouanko;Moulongo Djdou;village
cameroun;CM005;Littoral;CM005003;Sanaga-Maritime;CM005003006;Mouanko;Moulongo Mbengu;village
cameroun;CM005;Littoral;CM005003;Sanaga-Maritime;CM005003006;Mouanko;Malimba;village
cameroun;CM005;Littoral;CM005003;Sanaga-Maritime;CM005003006;Mouanko;Coconut Kombo;village
cameroun;CM005;Littoral;CM005003;Sanaga-Maritime;CM005003006;Mouanko;Mbiako;village
cameroun;CM005;Littoral;CM005003;Sanaga-Maritime;CM005003006;Mouanko;Soulaba;village
cameroun;CM005;Littoral;CM005003;Sanaga-Maritime;CM005003006;Mouanko;Bolondo;village
cameroun;CM005;Littoral;CM005003;Sanaga-Maritime;CM005003006;Mouanko;Bwlbangango;village
cameroun;CM005;Littoral;CM005003;Sanaga-Maritime;CM005003006;Mouanko;Yoyo I;village
cameroun;CM005;Littoral;CM005003;Sanaga-Maritime;CM005003006;Mouanko;Yoyo II;village
cameroun;CM005;Littoral;CM005003;Sanaga-Maritime;CM005003006;Mouanko;Buea I;village
cameroun;CM005;Littoral;CM005003;Sanaga-Maritime;CM005003006;Mouanko;Mbenadikoum;village
cameroun;CM005;Littoral;CM005004;Wouri;CM005004006;Douala 6e;Epaka II;village
cameroun;CM005;Littoral;CM005003;Sanaga-Maritime;CM005003006;Mouanko;Yimbio;village
cameroun;CM005;Littoral;CM005004;Wouri;CM005004006;Douala 6e;Epaka I;village
cameroun;CM005;Littoral;CM005003;Sanaga-Maritime;CM005003006;Mouanko;Moukouk I;village
cameroun;CM005;Littoral;CM005003;Sanaga-Maritime;CM005003006;Mouanko;Moukouk II;village
cameroun;CM005;Littoral;CM005003;Sanaga-Maritime;CM005003006;Mouanko;Youm II;village
cameroun;CM005;Littoral;CM005003;Sanaga-Maritime;CM005003006;Mouanko;Youm I;village
cameroun;CM005;Littoral;CM005004;Wouri;CM005004006;Douala 6e;Dahomey;village
cameroun;CM005;Littoral;CM005004;Wouri;CM005004006;Douala 6e;Manoka;town
cameroun;CM005;Littoral;CM005004;Wouri;CM005004006;Douala 6e;Nyangadou;village
cameroun;CM005;Littoral;CM005004;Wouri;CM005004006;Douala 6e;Number One Creek;village
cameroun;CM005;Littoral;CM005004;Wouri;CM005004006;Douala 6e;Number Two Creek;village
cameroun;CM005;Littoral;CM005003;Sanaga-Maritime;CM005003002;Dizangue;Epassi;village
cameroun;CM005;Littoral;CM005004;Wouri;CM005004006;Douala 6e;Matanda Massadi;village
cameroun;CM005;Littoral;CM005004;Wouri;CM005004006;Douala 6e;Nyanga Kombo;village
cameroun;CM005;Littoral;CM005004;Wouri;CM005004006;Douala 6e;Bikoro;village
cameroun;CM005;Littoral;CM005004;Wouri;CM005004006;Douala 6e;Koo;village
cameroun;CM005;Littoral;CM005004;Wouri;CM005004006;Douala 6e;Kombo Moukoko;village
cameroun;CM005;Littoral;CM005004;Wouri;CM005004006;Douala 6e;Petit Toub;village
cameroun;CM005;Littoral;CM005004;Wouri;CM005004006;Douala 6e;Dengd;village
cameroun;CM005;Littoral;CM005004;Wouri;CM005004006;Douala 6e;Akra Kombo;village
cameroun;CM005;Littoral;CM005004;Wouri;CM005004006;Douala 6e;Bessoukoudou;village
cameroun;CM005;Littoral;CM005004;Wouri;CM005004004;Douala 4e;Moungangu;village
cameroun;CM005;Littoral;CM005004;Wouri;CM005004004;Douala 4e;Bouma;village
cameroun;CM005;Littoral;CM005004;Wouri;CM005004004;Douala 4e;Kombo;village
cameroun;CM010;Sud-Ouest;CM010001;Fako;CM010001006;Tiko;Kongwe;village
cameroun;CM010;Sud-Ouest;CM010001;Fako;CM010001006;Tiko;Bonasson;village
cameroun;CM010;Sud-Ouest;CM010001;Fako;CM010001006;Tiko;Bonamandja;village
cameroun;CM010;Sud-Ouest;CM010001;Fako;CM010001006;Tiko;Mungo;village
cameroun;CM010;Sud-Ouest;CM010001;Fako;CM010001006;Tiko;Bonako;village
cameroun;CM010;Sud-Ouest;CM010001;Fako;CM010001006;Tiko;Bonamon;village
cameroun;CM010;Sud-Ouest;CM010001;Fako;CM010001006;Tiko;Yundi;village
cameroun;CM010;Sud-Ouest;CM010001;Fako;CM010001006;Tiko;Bonagalo;village
cameroun;CM010;Sud-Ouest;CM010001;Fako;CM010001006;Tiko;Moulanga;village
cameroun;CM005;Littoral;CM005001;Moungo;CM005001002;Dibombari;Yato;village
cameroun;CM005;Littoral;CM005001;Moungo;CM005001002;Dibombari;Manoka;village
cameroun;CM005;Littoral;CM005001;Moungo;CM005001002;Dibombari;Bambou;village
cameroun;CM005;Littoral;CM005001;Moungo;CM005001002;Dibombari;Betayi;village
cameroun;CM010;Sud-Ouest;CM010001;Fako;CM010001006;Tiko;Bonebanda;village
cameroun;CM010;Sud-Ouest;CM010001;Fako;CM010001006;Tiko;Yundi;village
cameroun;CM010;Sud-Ouest;CM010001;Fako;CM010001006;Tiko;Bonakoh;village
cameroun;CM010;Sud-Ouest;CM010001;Fako;CM010001006;Tiko;Misaka;village
cameroun;CM010;Sud-Ouest;CM010001;Fako;CM010001006;Tiko;Mondoni;village
cameroun;CM010;Sud-Ouest;CM010001;Fako;CM010001006;Tiko;Moko;village
cameroun;CM010;Sud-Ouest;CM010001;Fako;CM010001006;Tiko;Modeka;village
cameroun;CM010;Sud-Ouest;CM010001;Fako;CM010001006;Tiko;Manga;village
cameroun;CM010;Sud-Ouest;CM010001;Fako;CM010001006;Tiko;Likoki;village
cameroun;CM005;Littoral;CM005001;Moungo;CM005001002;Dibombari;Diongo;village
cameroun;CM005;Littoral;CM005001;Moungo;CM005001002;Dibombari;Malend;village
cameroun;CM005;Littoral;CM005001;Moungo;CM005001002;Dibombari;Penda Mboko;village
cameroun;CM005;Littoral;CM005001;Moungo;CM005001006;Mbanga;Matouk;village
cameroun;CM005;Littoral;CM005001;Moungo;CM005001006;Mbanga;Koto III;village
cameroun;CM005;Littoral;CM005001;Moungo;CM005001006;Mbanga;Nachtigal Bekeke;village
cameroun;CM005;Littoral;CM005001;Moungo;CM005001006;Mbanga;Koto II;village
cameroun;CM005;Littoral;CM005001;Moungo;CM005001003;Fiko;Beyang Mbondjo;village
cameroun;CM005;Littoral;CM005001;Moungo;CM005001002;Dibombari;Mbondjo II;village
cameroun;CM010;Sud-Ouest;CM010001;Fako;CM010001006;Tiko;Djopongo;village
cameroun;CM005;Littoral;CM005001;Moungo;CM005001002;Dibombari;bayong;village
cameroun;CM005;Littoral;CM005001;Moungo;CM005001002;Dibombari;Mbondjo I;village
cameroun;CM005;Littoral;CM005001;Moungo;CM005001002;Dibombari;Bikouma;village
cameroun;CM005;Littoral;CM005001;Moungo;CM005001002;Dibombari;Djoungue;village
cameroun;CM005;Littoral;CM005001;Moungo;CM005001002;Dibombari;Nkend;village
cameroun;CM005;Littoral;CM005001;Moungo;CM005001002;Dibombari;Nkompen;village
cameroun;CM005;Littoral;CM005001;Moungo;CM005001002;Dibombari;Kombiang Souza;village
cameroun;CM005;Littoral;CM005001;Moungo;CM005001002;Dibombari;Kolo Souza;village
cameroun;CM005;Littoral;CM005001;Moungo;CM005001002;Dibombari;Souza Gare;village
cameroun;CM005;Littoral;CM005001;Moungo;CM005001002;Dibombari;Souza;town
cameroun;CM005;Littoral;CM005001;Moungo;CM005001002;Dibombari;Nkapa;village
cameroun;CM005;Littoral;CM005001;Moungo;CM005001002;Dibombari;Kasalafam;village
cameroun;CM005;Littoral;CM005001;Moungo;CM005001003;Fiko;Bekouma;village
cameroun;CM005;Littoral;CM005001;Moungo;CM005001003;Fiko;Mengoumba;village
cameroun;CM005;Littoral;CM005001;Moungo;CM005001003;Fiko;Malk;village
cameroun;CM005;Littoral;CM005001;Moungo;CM005001003;Fiko;Kompina;town
cameroun;CM005;Littoral;CM005001;Moungo;CM005001003;Fiko;Bandjiou;village
cameroun;CM005;Littoral;CM005001;Moungo;CM005001003;Fiko;Badou;village
cameroun;CM005;Littoral;CM005001;Moungo;CM005001003;Fiko;Ndongo;village
cameroun;CM005;Littoral;CM005001;Moungo;CM005001003;Fiko;Grand Makemba;village
cameroun;CM005;Littoral;CM005001;Moungo;CM005001003;Fiko;Bonakou;village
cameroun;CM005;Littoral;CM005001;Moungo;CM005001003;Fiko;Bonanko;village
cameroun;CM005;Littoral;CM005001;Moungo;CM005001002;Dibombari;Grand Souza;village
cameroun;CM005;Littoral;CM005001;Moungo;CM005001002;Dibombari;Djobwl;village
cameroun;CM005;Littoral;CM005001;Moungo;CM005001002;Dibombari;Mabanga;village
cameroun;CM005;Littoral;CM005001;Moungo;CM005001002;Dibombari;Mabanga;village
cameroun;CM005;Littoral;CM005001;Moungo;CM005001002;Dibombari;Bossdi 2;village
cameroun;CM005;Littoral;CM005001;Moungo;CM005001002;Dibombari;Bonabweng;village
cameroun;CM005;Littoral;CM005001;Moungo;CM005001002;Dibombari;Bonbo;village
cameroun;CM005;Littoral;CM005001;Moungo;CM005001002;Dibombari;Bonambongu;village
cameroun;CM005;Littoral;CM005001;Moungo;CM005001002;Dibombari;Yamb;village
cameroun;CM005;Littoral;CM005001;Moungo;CM005001002;Dibombari;Yandoungou;village
cameroun;CM005;Littoral;CM005001;Moungo;CM005001002;Dibombari;Nkongbong;village
cameroun;CM005;Littoral;CM005001;Moungo;CM005001002;Dibombari;Bali;village
cameroun;CM005;Littoral;CM005001;Moungo;CM005001002;Dibombari;Yamikoki;village
cameroun;CM005;Littoral;CM005001;Moungo;CM005001002;Dibombari;Yandom;village
cameroun;CM005;Littoral;CM005001;Moungo;CM005001002;Dibombari;Bonamateke;village
cameroun;CM005;Littoral;CM005001;Moungo;CM005001002;Dibombari;Yansang;village
cameroun;CM005;Littoral;CM005001;Moungo;CM005001002;Dibombari;Bonambwasse;village
cameroun;CM005;Littoral;CM005001;Moungo;CM005001002;Dibombari;Bonangando;village
cameroun;CM005;Littoral;CM005001;Moungo;CM005001002;Dibombari;Songu;village
cameroun;CM005;Littoral;CM005001;Moungo;CM005001002;Dibombari;Mounyoungou;village
cameroun;CM005;Littoral;CM005004;Wouri;CM005004004;Douala 4e;Djbal;village
cameroun;CM005;Littoral;CM005001;Moungo;CM005001002;Dibombari;Biendend;village
cameroun;CM005;Littoral;CM005001;Moungo;CM005001002;Dibombari;Moudimapondji;village
cameroun;CM005;Littoral;CM005001;Moungo;CM005001002;Dibombari;Ngodi Bossdi;village
cameroun;CM005;Littoral;CM005001;Moungo;CM005001002;Dibombari;Ewoulo Bonambp;village
cameroun;CM005;Littoral;CM005001;Moungo;CM005001002;Dibombari;Bossdi 1;village
cameroun;CM005;Littoral;CM005001;Moungo;CM005001002;Dibombari;Dibombari;town
cameroun;CM005;Littoral;CM005001;Moungo;CM005001002;Dibombari;Modib;village
cameroun;CM005;Littoral;CM005001;Moungo;CM005001002;Dibombari;Bwanjoumba;village
cameroun;CM005;Littoral;CM005001;Moungo;CM005001002;Dibombari;Ngodi Bwanjoumba;village
cameroun;CM005;Littoral;CM005001;Moungo;CM005001002;Dibombari;Bonadind;village
cameroun;CM005;Littoral;CM005001;Moungo;CM005001002;Dibombari;Ba Djrou;village
cameroun;CM005;Littoral;CM005001;Moungo;CM005001002;Dibombari;Bwassalo;village
cameroun;CM005;Littoral;CM005001;Moungo;CM005001002;Dibombari;Sol;village
cameroun;CM005;Littoral;CM005001;Moungo;CM005001002;Dibombari;Bomono;village
cameroun;CM005;Littoral;CM005001;Moungo;CM005001002;Dibombari;Bomono Gare;village
cameroun;CM005;Littoral;CM005001;Moungo;CM005001002;Dibombari;Bassa;village
cameroun;CM005;Littoral;CM005001;Moungo;CM005001002;Dibombari;Ba Mbengu 2;village
cameroun;CM005;Littoral;CM005001;Moungo;CM005001002;Dibombari;Bkouma;village
cameroun;CM005;Littoral;CM005001;Moungo;CM005001002;Dibombari;Bomono;village
cameroun;CM005;Littoral;CM005001;Moungo;CM005001002;Dibombari;Bakoko;village
cameroun;CM005;Littoral;CM005001;Moungo;CM005001002;Dibombari;Ba Mbengu 1;village
cameroun;CM005;Littoral;CM005001;Moungo;CM005001002;Dibombari;Bkoko;village
cameroun;CM005;Littoral;CM005001;Moungo;CM005001002;Dibombari;Babenga;village
cameroun;CM005;Littoral;CM005004;Wouri;CM005004004;Douala 4e;Minkwl;village
cameroun;CM005;Littoral;CM005001;Moungo;CM005001002;Dibombari;Maka;village
cameroun;CM005;Littoral;CM005001;Moungo;CM005001002;Dibombari;Djouki;village
cameroun;CM005;Littoral;CM005004;Wouri;CM005004004;Douala 4e;Minkwl;village
cameroun;CM005;Littoral;CM005001;Moungo;CM005001002;Dibombari;Bwadibo;village
cameroun;CM005;Littoral;CM005004;Wouri;CM005004004;Douala 4e;Moukala Tanda;village
cameroun;CM005;Littoral;CM005004;Wouri;CM005004004;Douala 4e;Bwap;village
cameroun;CM007;Nord-Ouest;CM007003;Donga-Mantung;CM007003003;Ndu;Tsi;village
cameroun;CM007;Nord-Ouest;CM007003;Donga-Mantung;CM007003003;Ndu;Nsop;village
cameroun;CM007;Nord-Ouest;CM007003;Donga-Mantung;CM007003003;Ndu;Nsop;village
cameroun;CM007;Nord-Ouest;CM007003;Donga-Mantung;CM007003005;Nwa;Sam;village
cameroun;CM008;Ouest;CM008008;Noun;CM008008006;Magba;Moutoubiuo;village
cameroun;CM007;Nord-Ouest;CM007002;Bui;CM007002003;Mbven;Kouki;village
cameroun;CM007;Nord-Ouest;CM007002;Bui;CM007002003;Mbven;Mbomzem;village
cameroun;CM007;Nord-Ouest;CM007002;Bui;CM007002003;Mbven;Ngonsin;village
cameroun;CM008;Ouest;CM008008;Noun;CM008008006;Magba;Manku;village
cameroun;CM008;Ouest;CM008008;Noun;CM008008009;Njimom;Makam;village
cameroun;CM008;Ouest;CM008008;Noun;CM008008009;Njimom;Mabouo;village
cameroun;CM008;Ouest;CM008008;Noun;CM008008009;Njimom;Nkoumbam;village
cameroun;CM007;Nord-Ouest;CM007002;Bui;CM007002003;Mbven;Lam;village
cameroun;CM007;Nord-Ouest;CM007002;Bui;CM007002003;Mbven;Mbiami;village
cameroun;CM007;Nord-Ouest;CM007002;Bui;CM007002003;Mbven;Boshong;village
cameroun;CM007;Nord-Ouest;CM007002;Bui;CM007002003;Mbven;Mbiame;village
cameroun;CM007;Nord-Ouest;CM007002;Bui;CM007002003;Mbven;Dzeng;village
cameroun;CM007;Nord-Ouest;CM007002;Bui;CM007002003;Mbven;Yan;village
cameroun;CM007;Nord-Ouest;CM007002;Bui;CM007002002;Kumbo;Mbuluf;village
cameroun;CM007;Nord-Ouest;CM007002;Bui;CM007002001;Jakiri;Mensay;village
cameroun;CM007;Nord-Ouest;CM007002;Bui;CM007002001;Jakiri;Nseni;village
cameroun;CM007;Nord-Ouest;CM007002;Bui;CM007002002;Kumbo;Shishong;village
cameroun;CM007;Nord-Ouest;CM007002;Bui;CM007002002;Kumbo;Kishi;village
cameroun;CM007;Nord-Ouest;CM007002;Bui;CM007002002;Kumbo;Nso;village
cameroun;CM007;Nord-Ouest;CM007002;Bui;CM007002002;Kumbo;Kumbo Town;town
cameroun;CM007;Nord-Ouest;CM007002;Bui;CM007002002;Kumbo;Mve;village
cameroun;CM007;Nord-Ouest;CM007002;Bui;CM007002002;Kumbo;Tobin;village
cameroun;CM007;Nord-Ouest;CM007002;Bui;CM007002002;Kumbo;Mba;village
cameroun;CM007;Nord-Ouest;CM007002;Bui;CM007002002;Kumbo;Njaynui;village
cameroun;CM007;Nord-Ouest;CM007002;Bui;CM007002002;Kumbo;Melim;village
cameroun;CM007;Nord-Ouest;CM007002;Bui;CM007002002;Kumbo;Meluf;village
cameroun;CM007;Nord-Ouest;CM007002;Bui;CM007002002;Kumbo;Toi;village
cameroun;CM007;Nord-Ouest;CM007002;Bui;CM007002002;Kumbo;Kai;village
cameroun;CM007;Nord-Ouest;CM007002;Bui;CM007002002;Kumbo;Djamie;village
cameroun;CM007;Nord-Ouest;CM007002;Bui;CM007002002;Kumbo;Kokenku;village
cameroun;CM007;Nord-Ouest;CM007002;Bui;CM007002002;Kumbo;Nkarkui;village
cameroun;CM007;Nord-Ouest;CM007002;Bui;CM007002001;Jakiri;Sop;village
cameroun;CM007;Nord-Ouest;CM007002;Bui;CM007002001;Jakiri;Yei;village
cameroun;CM007;Nord-Ouest;CM007002;Bui;CM007002001;Jakiri;Shangwai;village
cameroun;CM007;Nord-Ouest;CM007002;Bui;CM007002002;Kumbo;KI;village
cameroun;CM007;Nord-Ouest;CM007002;Bui;CM007002001;Jakiri;Manum;village
cameroun;CM007;Nord-Ouest;CM007002;Bui;CM007002001;Jakiri;Jakiri;town
cameroun;CM007;Nord-Ouest;CM007002;Bui;CM007002001;Jakiri;Shi;village
cameroun;CM008;Ouest;CM008003;Hauts-Plateaux;CM008003001;Baham;Banom;village
cameroun;CM008;Ouest;CM008003;Hauts-Plateaux;CM008003001;Baham;Baham;town
cameroun;CM008;Ouest;CM008003;Hauts-Plateaux;CM008003001;Baham;Tsoum;village
cameroun;CM008;Ouest;CM008003;Hauts-Plateaux;CM008003001;Baham;Tchie;village
cameroun;CM008;Ouest;CM008003;Hauts-Plateaux;CM008003001;Baham;Baho;village
cameroun;CM008;Ouest;CM008003;Hauts-Plateaux;CM008003001;Baham;Sou'e;village
cameroun;CM008;Ouest;CM008003;Hauts-Plateaux;CM008003001;Baham;Kamka'tse;village
cameroun;CM008;Ouest;CM008003;Hauts-Plateaux;CM008003001;Baham;Chefou;village
cameroun;CM008;Ouest;CM008003;Hauts-Plateaux;CM008003001;Baham;Hom;village
cameroun;CM008;Ouest;CM008004;Koung-Khi;CM008004003;Poumougne;Bandjoun;town
cameroun;CM008;Ouest;CM008003;Hauts-Plateaux;CM008003002;Bamendjou;Wang;village
cameroun;CM008;Ouest;CM008003;Hauts-Plateaux;CM008003002;Bamendjou;Bahouan;village
cameroun;CM008;Ouest;CM008003;Hauts-Plateaux;CM008003002;Bamendjou;Ndang;village
cameroun;CM008;Ouest;CM008004;Koung-Khi;CM008004003;Poumougne;Tsela;village
cameroun;CM008;Ouest;CM008003;Hauts-Plateaux;CM008003002;Bamendjou;Bamesseng;village
cameroun;CM008;Ouest;CM008006;Mifi;CM008006003;Bafoussam 3e;Nkwabang;village
cameroun;CM008;Ouest;CM008006;Mifi;CM008006003;Bafoussam 3e;Tchouo;village
cameroun;CM008;Ouest;CM008006;Mifi;CM008006003;Bafoussam 3e;Tobang;village
cameroun;CM008;Ouest;CM008003;Hauts-Plateaux;CM008003002;Bamendjou;Mefe;village
cameroun;CM008;Ouest;CM008006;Mifi;CM008006001;Bafoussam 1er;Tsewong;village
cameroun;CM008;Ouest;CM008006;Mifi;CM008006001;Bafoussam 1er;Tchouwong;village
cameroun;CM008;Ouest;CM008004;Koung-Khi;CM008004003;Poumougne;Megom;village
cameroun;CM008;Ouest;CM008004;Koung-Khi;CM008004003;Poumougne;Ndjleng I;village
cameroun;CM008;Ouest;CM008004;Koung-Khi;CM008004003;Poumougne;Mbing;village
cameroun;CM008;Ouest;CM008004;Koung-Khi;CM008004003;Poumougne;Ndjleng II;village
cameroun;CM008;Ouest;CM008006;Mifi;CM008006001;Bafoussam 1er;Mbwo;village
cameroun;CM001;Adamaoua;CM001005;Vina;CM001005002;Martap;Toumbouroum;village
cameroun;CM001;Adamaoua;CM001005;Vina;CM001005008;Nyambaka;Mangom;village
cameroun;CM007;Nord-Ouest;CM007002;Bui;CM007002001;Jakiri;Tan;village
cameroun;CM007;Nord-Ouest;CM007002;Bui;CM007002001;Jakiri;Ndze;village
cameroun;CM008;Ouest;CM008008;Noun;CM008008001;Bangourain;Nkoutoupi;village
cameroun;CM008;Ouest;CM008008;Noun;CM008008001;Bangourain;Ngwenfon;village
cameroun;CM008;Ouest;CM008008;Noun;CM008008001;Bangourain;Bangourain;town
cameroun;CM008;Ouest;CM008008;Noun;CM008008001;Bangourain;Garap;village
cameroun;CM007;Nord-Ouest;CM007007;Ngo-Ketunjia;CM007007001;Babessi;Bangola;village
cameroun;CM007;Nord-Ouest;CM007007;Ngo-Ketunjia;CM007007001;Babessi;Mambin;village
cameroun;CM007;Nord-Ouest;CM007007;Ngo-Ketunjia;CM007007001;Babessi;Babessi;town
cameroun;CM007;Nord-Ouest;CM007007;Ngo-Ketunjia;CM007007003;Ndop;Bambalang;village
cameroun;CM007;Nord-Ouest;CM007007;Ngo-Ketunjia;CM007007001;Babessi;Chingo;village
cameroun;CM007;Nord-Ouest;CM007007;Ngo-Ketunjia;CM007007001;Babessi;Muya;village
cameroun;CM007;Nord-Ouest;CM007007;Ngo-Ketunjia;CM007007003;Ndop;Ngwala;village
cameroun;CM007;Nord-Ouest;CM007007;Ngo-Ketunjia;CM007007001;Babessi;Baba I;village
cameroun;CM007;Nord-Ouest;CM007002;Bui;CM007002001;Jakiri;Memb;village
cameroun;CM007;Nord-Ouest;CM007002;Bui;CM007002001;Jakiri;Venama;village
cameroun;CM007;Nord-Ouest;CM007002;Bui;CM007002001;Jakiri;Tohoti;village
cameroun;CM007;Nord-Ouest;CM007002;Bui;CM007002001;Jakiri;Mbawere;village
cameroun;CM007;Nord-Ouest;CM007002;Bui;CM007002006;Oku;Oku;village
cameroun;CM007;Nord-Ouest;CM007002;Bui;CM007002005;Noni;Din;village
cameroun;CM007;Nord-Ouest;CM007002;Bui;CM007002005;Noni;Nkor;town
cameroun;CM007;Nord-Ouest;CM007002;Bui;CM007002005;Noni;Banten;village
cameroun;CM007;Nord-Ouest;CM007002;Bui;CM007002005;Noni;Ketzem;village
cameroun;CM007;Nord-Ouest;CM007002;Bui;CM007002005;Noni;Djottin;village
cameroun;CM007;Nord-Ouest;CM007002;Bui;CM007002006;Oku;Mbuh;village
cameroun;CM007;Nord-Ouest;CM007002;Bui;CM007002006;Oku;Tadu;village
cameroun;CM007;Nord-Ouest;CM007002;Bui;CM007002005;Noni;Mbam;village
cameroun;CM007;Nord-Ouest;CM007002;Bui;CM007002002;Kumbo;Rogwa;village
cameroun;CM007;Nord-Ouest;CM007002;Bui;CM007002002;Kumbo;Kakaymfu;village
cameroun;CM007;Nord-Ouest;CM007002;Bui;CM007002002;Kumbo;Kikaikom;village
cameroun;CM007;Nord-Ouest;CM007002;Bui;CM007002002;Kumbo;Kiyang;village
cameroun;CM007;Nord-Ouest;CM007002;Bui;CM007002002;Kumbo;Sanyere;village
cameroun;CM007;Nord-Ouest;CM007002;Bui;CM007002002;Kumbo;Kikay;village
cameroun;CM007;Nord-Ouest;CM007002;Bui;CM007002002;Kumbo;Ntenla;village
cameroun;CM007;Nord-Ouest;CM007002;Bui;CM007002002;Kumbo;Yeh;village
cameroun;CM007;Nord-Ouest;CM007002;Bui;CM007002002;Kumbo;Kitiwum;village
cameroun;CM007;Nord-Ouest;CM007002;Bui;CM007002004;Nkum;Kishong;village
cameroun;CM007;Nord-Ouest;CM007002;Bui;CM007002004;Nkum;Ma;village
cameroun;CM007;Nord-Ouest;CM007002;Bui;CM007002004;Nkum;Takija;village
cameroun;CM007;Nord-Ouest;CM007002;Bui;CM007002004;Nkum;Tashibi;village
cameroun;CM007;Nord-Ouest;CM007002;Bui;CM007002004;Nkum;Takou;village
cameroun;CM007;Nord-Ouest;CM007002;Bui;CM007002004;Nkum;Ngodzen;village
cameroun;CM007;Nord-Ouest;CM007002;Bui;CM007002004;Nkum;Nkin;village
cameroun;CM007;Nord-Ouest;CM007003;Donga-Mantung;CM007003003;Ndu;Luh;village
cameroun;CM007;Nord-Ouest;CM007002;Bui;CM007002004;Nkum;Kuvlu;village
cameroun;CM007;Nord-Ouest;CM007002;Bui;CM007002005;Noni;Noni;village
cameroun;CM007;Nord-Ouest;CM007002;Bui;CM007002005;Noni;Lassin;village
cameroun;CM007;Nord-Ouest;CM007003;Donga-Mantung;CM007003004;Nkambe;Chup;village
cameroun;CM007;Nord-Ouest;CM007003;Donga-Mantung;CM007003004;Nkambe;Wannte;village
cameroun;CM007;Nord-Ouest;CM007003;Donga-Mantung;CM007003003;Ndu;Ntundip;village
cameroun;CM007;Nord-Ouest;CM007003;Donga-Mantung;CM007003004;Nkambe;Tum;village
cameroun;CM007;Nord-Ouest;CM007003;Donga-Mantung;CM007003004;Nkambe;Njap;village
cameroun;CM007;Nord-Ouest;CM007003;Donga-Mantung;CM007003004;Nkambe;Tabenken;village
cameroun;CM007;Nord-Ouest;CM007003;Donga-Mantung;CM007003004;Nkambe;Nkambe;town
cameroun;CM007;Nord-Ouest;CM007003;Donga-Mantung;CM007003004;Nkambe;Ng;village
cameroun;CM007;Nord-Ouest;CM007003;Donga-Mantung;CM007003002;Misaje;Fingo;village
cameroun;CM001;Adamaoua;CM001005;Vina;CM001005008;Nyambaka;Ngaou Mbol Kognoli;village
cameroun;CM001;Adamaoua;CM001005;Vina;CM001005002;Martap;Assom;village
cameroun;CM001;Adamaoua;CM001005;Vina;CM001005002;Martap;Makor;village
cameroun;CM001;Adamaoua;CM001001;Djrem;CM001001001;Ngaoundal;Djound;village
cameroun;CM001;Adamaoua;CM001005;Vina;CM001005002;Martap;Tkel;village
cameroun;CM001;Adamaoua;CM001005;Vina;CM001005002;Martap;Lwa;village
cameroun;CM001;Adamaoua;CM001005;Vina;CM001005002;Martap;Mabarangal'l;village
cameroun;CM001;Adamaoua;CM001005;Vina;CM001005002;Martap;Louga;village
cameroun;CM001;Adamaoua;CM001005;Vina;CM001005002;Martap;Manden;village
cameroun;CM001;Adamaoua;CM001005;Vina;CM001005002;Martap;Bawa;village
cameroun;CM001;Adamaoua;CM001005;Vina;CM001005002;Martap;Bka-Managari;village
cameroun;CM001;Adamaoua;CM001005;Vina;CM001005002;Martap;Likok;village
cameroun;CM001;Adamaoua;CM001005;Vina;CM001005002;Martap;Djombi Maoba;village
cameroun;CM001;Adamaoua;CM001001;Djrem;CM001001002;Tibati;Minim;village
cameroun;CM007;Nord-Ouest;CM007003;Donga-Mantung;CM007003002;Misaje;Misaje;village
cameroun;CM007;Nord-Ouest;CM007003;Donga-Mantung;CM007003002;Misaje;Mbissa;village
cameroun;CM007;Nord-Ouest;CM007003;Donga-Mantung;CM007003002;Misaje;Maya-Kilan;village
cameroun;CM007;Nord-Ouest;CM007003;Donga-Mantung;CM007003002;Misaje;Jama;village
cameroun;CM007;Nord-Ouest;CM007003;Donga-Mantung;CM007003002;Misaje;Akonka;village
cameroun;CM007;Nord-Ouest;CM007003;Donga-Mantung;CM007003002;Misaje;Sabon-Geda;village
cameroun;CM007;Nord-Ouest;CM007003;Donga-Mantung;CM007003002;Misaje;Dumbo;village
cameroun;CM007;Nord-Ouest;CM007003;Donga-Mantung;CM007003002;Misaje;Gidan-Jikum;village
cameroun;CM007;Nord-Ouest;CM007003;Donga-Mantung;CM007003001;Ako;Abbafum;village
cameroun;CM007;Nord-Ouest;CM007003;Donga-Mantung;CM007003002;Misaje;Babo-Jatto;village
cameroun;CM007;Nord-Ouest;CM007003;Donga-Mantung;CM007003001;Ako;Ndaka;village
cameroun;CM007;Nord-Ouest;CM007003;Donga-Mantung;CM007003001;Ako;Edifia;village
cameroun;CM007;Nord-Ouest;CM007003;Donga-Mantung;CM007003001;Ako;Ebosheng;village
cameroun;CM007;Nord-Ouest;CM007003;Donga-Mantung;CM007003001;Ako;Bogu;village
cameroun;CM007;Nord-Ouest;CM007003;Donga-Mantung;CM007003001;Ako;Abonse;village
cameroun;CM007;Nord-Ouest;CM007003;Donga-Mantung;CM007003001;Ako;Akwapiang;village
cameroun;CM007;Nord-Ouest;CM007003;Donga-Mantung;CM007003001;Ako;Ngomo II;village
cameroun;CM007;Nord-Ouest;CM007003;Donga-Mantung;CM007003001;Ako;Ngomo I;village
cameroun;CM007;Nord-Ouest;CM007003;Donga-Mantung;CM007003001;Ako;Nzibie;village
cameroun;CM007;Nord-Ouest;CM007003;Donga-Mantung;CM007003001;Ako;Adu;village
cameroun;CM007;Nord-Ouest;CM007003;Donga-Mantung;CM007003001;Ako;Ntumbo;village
cameroun;CM007;Nord-Ouest;CM007003;Donga-Mantung;CM007003001;Ako;Berabe;village
cameroun;CM007;Nord-Ouest;CM007003;Donga-Mantung;CM007003001;Ako;Berobi;village
cameroun;CM007;Nord-Ouest;CM007003;Donga-Mantung;CM007003002;Misaje;Abonkwa;village
cameroun;CM007;Nord-Ouest;CM007003;Donga-Mantung;CM007003002;Misaje;Bebeketti;village
cameroun;CM007;Nord-Ouest;CM007003;Donga-Mantung;CM007003002;Misaje;Mband;village
cameroun;CM007;Nord-Ouest;CM007003;Donga-Mantung;CM007003001;Ako;Ande;village
cameroun;CM007;Nord-Ouest;CM007003;Donga-Mantung;CM007003001;Ako;Ntumbe II;village
cameroun;CM007;Nord-Ouest;CM007003;Donga-Mantung;CM007003004;Nkambe;Nkonchep;village
cameroun;CM007;Nord-Ouest;CM007003;Donga-Mantung;CM007003004;Nkambe;Bi;village
cameroun;CM007;Nord-Ouest;CM007003;Donga-Mantung;CM007003004;Nkambe;Sa;village
cameroun;CM007;Nord-Ouest;CM007003;Donga-Mantung;CM007003001;Ako;Anmba;village
cameroun;CM007;Nord-Ouest;CM007003;Donga-Mantung;CM007003001;Ako;Miribua;village
cameroun;CM007;Nord-Ouest;CM007003;Donga-Mantung;CM007003001;Ako;Assa;village
cameroun;CM007;Nord-Ouest;CM007003;Donga-Mantung;CM007003001;Ako;Akwaja;village
cameroun;CM007;Nord-Ouest;CM007003;Donga-Mantung;CM007003001;Ako;Mankem;village
cameroun;CM007;Nord-Ouest;CM007003;Donga-Mantung;CM007003005;Nwa;Mbibzi;village
cameroun;CM007;Nord-Ouest;CM007003;Donga-Mantung;CM007003005;Nwa;Kom;village
cameroun;CM007;Nord-Ouest;CM007003;Donga-Mantung;CM007003005;Nwa;Mbinji;village
cameroun;CM007;Nord-Ouest;CM007003;Donga-Mantung;CM007003005;Nwa;Mbala;village
cameroun;CM007;Nord-Ouest;CM007003;Donga-Mantung;CM007003005;Nwa;Bang;village
cameroun;CM007;Nord-Ouest;CM007003;Donga-Mantung;CM007003005;Nwa;Lassi;village
cameroun;CM007;Nord-Ouest;CM007003;Donga-Mantung;CM007003005;Nwa;Adere;village
cameroun;CM007;Nord-Ouest;CM007003;Donga-Mantung;CM007003005;Nwa;Shia;village
cameroun;CM007;Nord-Ouest;CM007003;Donga-Mantung;CM007003001;Ako;Assa;village
cameroun;CM007;Nord-Ouest;CM007003;Donga-Mantung;CM007003001;Ako;Zombu;village
cameroun;CM007;Nord-Ouest;CM007003;Donga-Mantung;CM007003001;Ako;Ako;village
cameroun;CM007;Nord-Ouest;CM007003;Donga-Mantung;CM007003001;Ako;Akwomse;village
cameroun;CM007;Nord-Ouest;CM007003;Donga-Mantung;CM007003001;Ako;Zabe;village
cameroun;CM005;Littoral;CM005004;Wouri;CM005004005;Douala 5e;Logbessou Pk.14;village
cameroun;CM005;Littoral;CM005004;Wouri;CM005004005;Douala 5e;Lendi;village
cameroun;CM005;Littoral;CM005004;Wouri;CM005004005;Douala 5e;Ngoma;village
cameroun;CM005;Littoral;CM005004;Wouri;CM005004005;Douala 5e;Massoumbou Carrefour;village
cameroun;CM005;Littoral;CM005004;Wouri;CM005004005;Douala 5e;Bonangando;village
cameroun;CM005;Littoral;CM005001;Moungo;CM005001002;Dibombari;Yassem;village
cameroun;CM005;Littoral;CM005001;Moungo;CM005001002;Dibombari;Yabakon;village
cameroun;CM005;Littoral;CM005004;Wouri;CM005004005;Douala 5e;Bonamoussadi Village;village
cameroun;CM005;Littoral;CM005004;Wouri;CM005004005;Douala 5e;Bonagang;village
cameroun;CM005;Littoral;CM005001;Moungo;CM005001002;Dibombari;Mbangu I;village
cameroun;CM005;Littoral;CM005001;Moungo;CM005001002;Dibombari;Yankout;village
cameroun;CM005;Littoral;CM005001;Moungo;CM005001002;Dibombari;Yamidjang;village
cameroun;CM005;Littoral;CM005001;Moungo;CM005001002;Dibombari;Mbangue II;village
cameroun;CM005;Littoral;CM005001;Moungo;CM005001002;Dibombari;Yabona;village
cameroun;CM005;Littoral;CM005001;Moungo;CM005001002;Dibombari;Touw;village
cameroun;CM005;Littoral;CM005001;Moungo;CM005001002;Dibombari;Bongo;village
cameroun;CM005;Littoral;CM005001;Moungo;CM005001002;Dibombari;Yangonang;village
cameroun;CM005;Littoral;CM005001;Moungo;CM005001002;Dibombari;Yaba;village
cameroun;CM005;Littoral;CM005001;Moungo;CM005001002;Dibombari;Yalouka;village
cameroun;CM005;Littoral;CM005001;Moungo;CM005001002;Dibombari;Yassouka;village
cameroun;CM005;Littoral;CM005001;Moungo;CM005001002;Dibombari;Diwongo;village
cameroun;CM005;Littoral;CM005001;Moungo;CM005001002;Dibombari;Ngoki;village
cameroun;CM005;Littoral;CM005001;Moungo;CM005001003;Fiko;Bossamba;village
cameroun;CM005;Littoral;CM005001;Moungo;CM005001003;Fiko;Bessoungkang;village
cameroun;CM005;Littoral;CM005001;Moungo;CM005001003;Fiko;Miang;village
cameroun;CM005;Littoral;CM005001;Moungo;CM005001003;Fiko;Fiko;village
cameroun;CM005;Littoral;CM005001;Moungo;CM005001003;Fiko;Bonakwassi;village
cameroun;CM005;Littoral;CM005001;Moungo;CM005001003;Fiko;Bonamboul;village
cameroun;CM005;Littoral;CM005001;Moungo;CM005001003;Fiko;Mangamba;village
cameroun;CM005;Littoral;CM005001;Moungo;CM005001003;Fiko;Mandouka;village
cameroun;CM005;Littoral;CM005001;Moungo;CM005001003;Fiko;Bonandika;village
cameroun;CM005;Littoral;CM005001;Moungo;CM005001003;Fiko;Bonala;village
cameroun;CM005;Littoral;CM005001;Moungo;CM005001003;Fiko;Bonalea;village
cameroun;CM005;Littoral;CM005001;Moungo;CM005001003;Fiko;Mbomboo;village
cameroun;CM005;Littoral;CM005001;Moungo;CM005001003;Fiko;Bamwn;village
cameroun;CM005;Littoral;CM005001;Moungo;CM005001003;Fiko;Boneyan;village
cameroun;CM005;Littoral;CM005001;Moungo;CM005001003;Fiko;Siga Bonjo;village
cameroun;CM005;Littoral;CM005002;Nkam;CM005002003;Yabassi;Bwn;village
cameroun;CM005;Littoral;CM005002;Nkam;CM005002003;Yabassi;Bonindi;village
cameroun;CM005;Littoral;CM005002;Nkam;CM005002003;Yabassi;Mbouma;village
cameroun;CM005;Littoral;CM005002;Nkam;CM005002003;Yabassi;Moussadi;village
cameroun;CM005;Littoral;CM005002;Nkam;CM005002003;Yabassi;Bonpa;village
cameroun;CM005;Littoral;CM005002;Nkam;CM005002003;Yabassi;Tond;village
cameroun;CM005;Littoral;CM005002;Nkam;CM005002003;Yabassi;Bonambassi;village
cameroun;CM005;Littoral;CM005002;Nkam;CM005002003;Yabassi;Dn;village
cameroun;CM005;Littoral;CM005002;Nkam;CM005002003;Yabassi;Bonalambo;village
cameroun;CM005;Littoral;CM005002;Nkam;CM005002003;Yabassi;Dibomb;village
cameroun;CM005;Littoral;CM005002;Nkam;CM005002003;Yabassi;Bonandolo;village
cameroun;CM005;Littoral;CM005002;Nkam;CM005002003;Yabassi;Bonamakita;village
cameroun;CM005;Littoral;CM005002;Nkam;CM005002003;Yabassi;Bonkoul;village
cameroun;CM005;Littoral;CM005002;Nkam;CM005002003;Yabassi;Mangoule;village
cameroun;CM005;Littoral;CM005002;Nkam;CM005002003;Yabassi;Nkolmbong;village
cameroun;CM005;Littoral;CM005002;Nkam;CM005002003;Yabassi;Massoumbou - Chantiers;village
cameroun;CM005;Littoral;CM005003;Sanaga-Maritime;CM005003001;Dibamba;Pitti;village
cameroun;CM005;Littoral;CM005003;Sanaga-Maritime;CM005003002;Dizangue;Mbanda;village
cameroun;CM005;Littoral;CM005003;Sanaga-Maritime;CM005003002;Dizangue;Nkondjok;village
cameroun;CM005;Littoral;CM005003;Sanaga-Maritime;CM005003002;Dizangue;Mbongo;village
cameroun;CM005;Littoral;CM005003;Sanaga-Maritime;CM005003002;Dizangue;Ndonga;village
cameroun;CM005;Littoral;CM005003;Sanaga-Maritime;CM005003002;Dizangue;Sakmbanda;village
cameroun;CM005;Littoral;CM005003;Sanaga-Maritime;CM005003002;Dizangue;Logot;village
cameroun;CM005;Littoral;CM005003;Sanaga-Maritime;CM005003002;Dizangue;Bilola;village
cameroun;CM005;Littoral;CM005003;Sanaga-Maritime;CM005003002;Dizangue;Village 3;village
cameroun;CM005;Littoral;CM005003;Sanaga-Maritime;CM005003002;Dizangue;Village 5;village
cameroun;CM005;Littoral;CM005003;Sanaga-Maritime;CM005003002;Dizangue;Village I;village
cameroun;CM005;Littoral;CM005004;Wouri;CM005004003;Douala 3e;Yassa Bakoko;village
cameroun;CM005;Littoral;CM005004;Wouri;CM005004003;Douala 3e;Dibamba;village
cameroun;CM005;Littoral;CM005004;Wouri;CM005004003;Douala 3e;Bwang Beach;village
cameroun;CM005;Littoral;CM005003;Sanaga-Maritime;CM005003002;Dizangue;Piti Dibamba;village
cameroun;CM005;Littoral;CM005003;Sanaga-Maritime;CM005003002;Dizangue;Mokake;village
cameroun;CM005;Littoral;CM005004;Wouri;CM005004003;Douala 3e;Yansoki;village
cameroun;CM005;Littoral;CM005004;Wouri;CM005004003;Douala 3e;Yatika;village
cameroun;CM005;Littoral;CM005004;Wouri;CM005004003;Douala 3e;Ngodi Bakoko;village
cameroun;CM005;Littoral;CM005004;Wouri;CM005004003;Douala 3e;Ngodi;village
cameroun;CM005;Littoral;CM005003;Sanaga-Maritime;CM005003002;Dizangue;Dongo I;village
cameroun;CM005;Littoral;CM005003;Sanaga-Maritime;CM005003002;Dizangue;Dongo II;village
cameroun;CM005;Littoral;CM005003;Sanaga-Maritime;CM005003002;Dizangue;Missipi;village
cameroun;CM005;Littoral;CM005003;Sanaga-Maritime;CM005003002;Dizangue;Sissio;village
cameroun;CM005;Littoral;CM005003;Sanaga-Maritime;CM005003002;Dizangue;Mapa;village
cameroun;CM005;Littoral;CM005003;Sanaga-Maritime;CM005003002;Dizangue;Mamiwater;village
cameroun;CM005;Littoral;CM005003;Sanaga-Maritime;CM005003006;Mouanko;Logbayang;village
cameroun;CM005;Littoral;CM005003;Sanaga-Maritime;CM005003006;Mouanko;Elokotod;village
cameroun;CM005;Littoral;CM005003;Sanaga-Maritime;CM005003006;Mouanko;Bengando;village
cameroun;CM005;Littoral;CM005003;Sanaga-Maritime;CM005003006;Mouanko;Lobtal;village
cameroun;CM005;Littoral;CM005003;Sanaga-Maritime;CM005003006;Mouanko;Nkaganzog;village
cameroun;CM005;Littoral;CM005003;Sanaga-Maritime;CM005003006;Mouanko;Mouanko;town
cameroun;CM005;Littoral;CM005003;Sanaga-Maritime;CM005003006;Mouanko;Yadibo;village
cameroun;CM005;Littoral;CM005003;Sanaga-Maritime;CM005003006;Mouanko;Bemengu;village
cameroun;CM005;Littoral;CM005003;Sanaga-Maritime;CM005003006;Mouanko;Bindal;village
cameroun;CM005;Littoral;CM005003;Sanaga-Maritime;CM005003006;Mouanko;Ndi;village
cameroun;CM005;Littoral;CM005003;Sanaga-Maritime;CM005003006;Mouanko;Abe;village
cameroun;CM005;Littoral;CM005003;Sanaga-Maritime;CM005003006;Mouanko;Okola;village
cameroun;CM005;Littoral;CM005003;Sanaga-Maritime;CM005003002;Dizangue;Village 4;village
cameroun;CM005;Littoral;CM005003;Sanaga-Maritime;CM005003002;Dizangue;Ndogbom;village
cameroun;CM005;Littoral;CM005003;Sanaga-Maritime;CM005003002;Dizangue;Ndoghgdjong;village
cameroun;CM005;Littoral;CM005003;Sanaga-Maritime;CM005003002;Dizangue;Mbambou;village
cameroun;CM005;Littoral;CM005003;Sanaga-Maritime;CM005003002;Dizangue;Dikola;village
cameroun;CM005;Littoral;CM005003;Sanaga-Maritime;CM005003002;Dizangue;Koungu;village
cameroun;CM005;Littoral;CM005003;Sanaga-Maritime;CM005003002;Dizangue;Soms;village
cameroun;CM005;Littoral;CM005003;Sanaga-Maritime;CM005003002;Dizangue;Song Mbengu;village
cameroun;CM005;Littoral;CM005003;Sanaga-Maritime;CM005003002;Dizangue;Ndjlsa;village
cameroun;CM005;Littoral;CM005003;Sanaga-Maritime;CM005003002;Dizangue;Douala;village
cameroun;CM005;Littoral;CM005003;Sanaga-Maritime;CM005003006;Mouanko;Nsp;village
cameroun;CM005;Littoral;CM005003;Sanaga-Maritime;CM005003006;Mouanko;Olomb;village
cameroun;CM005;Littoral;CM005003;Sanaga-Maritime;CM005003006;Mouanko;Son;village
cameroun;CM005;Littoral;CM005003;Sanaga-Maritime;CM005003006;Mouanko;Kout;village
cameroun;CM005;Littoral;CM005003;Sanaga-Maritime;CM005003002;Dizangue;Katkat;village
cameroun;CM005;Littoral;CM005003;Sanaga-Maritime;CM005003002;Dizangue;Dizangu;town
cameroun;CM005;Littoral;CM005003;Sanaga-Maritime;CM005003006;Mouanko;Bossambo Farm;village
cameroun;CM005;Littoral;CM005003;Sanaga-Maritime;CM005003002;Dizangue;Ile;village
cameroun;CM005;Littoral;CM005003;Sanaga-Maritime;CM005003004;Edea 2e;Songueland;village
cameroun;CM005;Littoral;CM005003;Sanaga-Maritime;CM005003004;Edea 2e;Ekit;town
cameroun;CM005;Littoral;CM005003;Sanaga-Maritime;CM005003003;Edea 1er;Apouh;village
cameroun;CM005;Littoral;CM005003;Sanaga-Maritime;CM005003003;Edea 1er;Nkoaya;village
cameroun;CM005;Littoral;CM005003;Sanaga-Maritime;CM005003003;Edea 1er;Koukou;village
cameroun;CM005;Littoral;CM005003;Sanaga-Maritime;CM005003003;Edea 1er;Nkak Anzok;village
cameroun;CM005;Littoral;CM005003;Sanaga-Maritime;CM005003003;Edea 1er;Mtounga;village
cameroun;CM005;Littoral;CM005003;Sanaga-Maritime;CM005003003;Edea 1er;Ntouma;village
cameroun;CM005;Littoral;CM005003;Sanaga-Maritime;CM005003003;Edea 1er;Batomb;village
cameroun;CM005;Littoral;CM005003;Sanaga-Maritime;CM005003003;Edea 1er;Elog Bele;village
cameroun;CM005;Littoral;CM005003;Sanaga-Maritime;CM005003003;Edea 1er;Nzock Nkong;village
cameroun;CM005;Littoral;CM005003;Sanaga-Maritime;CM005003003;Edea 1er;Okor;village
cameroun;CM005;Littoral;CM005003;Sanaga-Maritime;CM005003003;Edea 1er;Bon;village
cameroun;CM005;Littoral;CM005003;Sanaga-Maritime;CM005003003;Edea 1er;Besseng;village
cameroun;CM005;Littoral;CM005003;Sanaga-Maritime;CM005003003;Edea 1er;Eboka;village
cameroun;CM005;Littoral;CM005003;Sanaga-Maritime;CM005003003;Edea 1er;Ndogbinan Lom;village
cameroun;CM005;Littoral;CM005003;Sanaga-Maritime;CM005003004;Edea 2e;Malimba II;village
cameroun;CM005;Littoral;CM005003;Sanaga-Maritime;CM005003004;Edea 2e;Malimba I;village
cameroun;CM005;Littoral;CM005003;Sanaga-Maritime;CM005003004;Edea 2e;Ndog Makoumek;village
cameroun;CM005;Littoral;CM005003;Sanaga-Maritime;CM005003001;Dibamba;Pout Njouma;village
cameroun;CM005;Littoral;CM005003;Sanaga-Maritime;CM005003004;Edea 2e;Bertouan;village
cameroun;CM005;Littoral;CM005003;Sanaga-Maritime;CM005003001;Dibamba;Nkom;village
cameroun;CM005;Littoral;CM005003;Sanaga-Maritime;CM005003001;Dibamba;Njouma;village
cameroun;CM005;Littoral;CM005003;Sanaga-Maritime;CM005003001;Dibamba;Somakak;village
cameroun;CM005;Littoral;CM005003;Sanaga-Maritime;CM005003001;Dibamba;Bienkok;village
cameroun;CM005;Littoral;CM005003;Sanaga-Maritime;CM005003001;Dibamba;Bienkok;village
cameroun;CM005;Littoral;CM005003;Sanaga-Maritime;CM005003001;Dibamba;Kopongo;village
cameroun;CM005;Littoral;CM005003;Sanaga-Maritime;CM005003001;Dibamba;Kopongo;village
cameroun;CM005;Littoral;CM005003;Sanaga-Maritime;CM005003001;Dibamba;Logbadjek;town
cameroun;CM005;Littoral;CM005003;Sanaga-Maritime;CM005003001;Dibamba;Bessomb;village
cameroun;CM005;Littoral;CM005003;Sanaga-Maritime;CM005003002;Dizangue;Mvia;village
cameroun;CM005;Littoral;CM005003;Sanaga-Maritime;CM005003001;Dibamba;Lungah;village
cameroun;CM005;Littoral;CM005003;Sanaga-Maritime;CM005003001;Dibamba;Bonepoupa I;village
cameroun;CM005;Littoral;CM005003;Sanaga-Maritime;CM005003001;Dibamba;Bonepoup;village
cameroun;CM005;Littoral;CM005002;Nkam;CM005002003;Yabassi;Sodikoa;village
cameroun;CM005;Littoral;CM005002;Nkam;CM005002003;Yabassi;Bonpoupa III;village
cameroun;CM005;Littoral;CM005002;Nkam;CM005002003;Yabassi;Bonepoupa 1;village
cameroun;CM005;Littoral;CM005002;Nkam;CM005002003;Yabassi;Bonpoupa II;village
cameroun;CM005;Littoral;CM005002;Nkam;CM005002003;Yabassi;Nsak Ndoundak;village
cameroun;CM005;Littoral;CM005002;Nkam;CM005002003;Yabassi;Ndoksom;village
cameroun;CM005;Littoral;CM005002;Nkam;CM005002003;Yabassi;Ndokama;village
cameroun;CM005;Littoral;CM005003;Sanaga-Maritime;CM005003001;Dibamba;Pout-Toupou-Ngogom;village
cameroun;CM005;Littoral;CM005003;Sanaga-Maritime;CM005003004;Edea 2e;Dikouss 2;village
cameroun;CM005;Littoral;CM005003;Sanaga-Maritime;CM005003004;Edea 2e;Dikouss;village
cameroun;CM005;Littoral;CM005002;Nkam;CM005002004;Yingui;Bekob;village
cameroun;CM005;Littoral;CM005002;Nkam;CM005002004;Yingui;Ndickam;village
cameroun;CM005;Littoral;CM005003;Sanaga-Maritime;CM005003008;Ngambe;Lebaba Tola;village
cameroun;CM005;Littoral;CM005003;Sanaga-Maritime;CM005003008;Ngambe;Nkomandes;village
cameroun;CM005;Littoral;CM005002;Nkam;CM005002004;Yingui;Ikem;village
cameroun;CM005;Littoral;CM005002;Nkam;CM005002004;Yingui;Ndokbaembi;village
cameroun;CM005;Littoral;CM005002;Nkam;CM005002004;Yingui;Ndogbanguendeng;village
cameroun;CM005;Littoral;CM005002;Nkam;CM005002004;Yingui;Ndickbalemb;village
cameroun;CM005;Littoral;CM005002;Nkam;CM005002004;Yingui;Balikol;village
cameroun;CM005;Littoral;CM005002;Nkam;CM005002004;Yingui;Ndikminokon 1;village
cameroun;CM005;Littoral;CM005003;Sanaga-Maritime;CM005003008;Ngambe;Nguimbock;village
cameroun;CM005;Littoral;CM005003;Sanaga-Maritime;CM005003008;Ngambe;Nleleb;village
cameroun;CM005;Littoral;CM005003;Sanaga-Maritime;CM005003005;Massock-Songloulou;Tomel;village
cameroun;CM005;Littoral;CM005003;Sanaga-Maritime;CM005003005;Massock-Songloulou;Songloulou village;village
cameroun;CM005;Littoral;CM005003;Sanaga-Maritime;CM005003005;Massock-Songloulou;Massok;town
cameroun;CM005;Littoral;CM005003;Sanaga-Maritime;CM005003004;Edea 2e;Masseng;village
cameroun;CM005;Littoral;CM005003;Sanaga-Maritime;CM005003004;Edea 2e;Dissat;village
cameroun;CM005;Littoral;CM005003;Sanaga-Maritime;CM005003004;Edea 2e;Dissat;village
cameroun;CM005;Littoral;CM005003;Sanaga-Maritime;CM005003004;Edea 2e;Dissat 2;village
cameroun;CM005;Littoral;CM005003;Sanaga-Maritime;CM005003004;Edea 2e;Dissat 3;village
cameroun;CM005;Littoral;CM005003;Sanaga-Maritime;CM005003004;Edea 2e;Ndobyanga;village
cameroun;CM005;Littoral;CM005003;Sanaga-Maritime;CM005003004;Edea 2e;Ngonga;village
cameroun;CM005;Littoral;CM005003;Sanaga-Maritime;CM005003009;Ngwei;Ngwei II;village
cameroun;CM005;Littoral;CM005003;Sanaga-Maritime;CM005003009;Ngwei;Ngwei I;village
cameroun;CM005;Littoral;CM005003;Sanaga-Maritime;CM005003009;Ngwei;Mapubi;village
cameroun;CM005;Littoral;CM005003;Sanaga-Maritime;CM005003004;Edea 2e;Malo;village
cameroun;CM005;Littoral;CM005003;Sanaga-Maritime;CM005003009;Ngwei;Song Ndong;village
cameroun;CM001;Adamaoua;CM001001;Djrem;CM001001002;Tibati;Laygack Gouda;village
cameroun;CM001;Adamaoua;CM001001;Djrem;CM001001002;Tibati;Lainde Ngounda;village
cameroun;CM001;Adamaoua;CM001001;Djrem;CM001001002;Tibati;Doualayel;town
cameroun;CM001;Adamaoua;CM001001;Djrem;CM001001002;Tibati;Mayo Tapar;village
cameroun;CM001;Adamaoua;CM001001;Djrem;CM001001002;Tibati;Oumarou Tikar;village
cameroun;CM001;Adamaoua;CM001002;Faro-et-Do;CM001002004;Tignere;Maloa;village
cameroun;CM001;Adamaoua;CM001002;Faro-et-Do;CM001002004;Tignere;Paro;village
cameroun;CM001;Adamaoua;CM001001;Djrem;CM001001002;Tibati;Boubala;village
cameroun;CM001;Adamaoua;CM001001;Djrem;CM001001002;Tibati;Djalingo;village
cameroun;CM001;Adamaoua;CM001001;Djrem;CM001001002;Tibati;Arnado Pan;village
cameroun;CM001;Adamaoua;CM001001;Djrem;CM001001002;Tibati;Pang;village
cameroun;CM001;Adamaoua;CM001001;Djrem;CM001001002;Tibati;Wadjiri;village
cameroun;CM001;Adamaoua;CM001001;Djrem;CM001001002;Tibati;Mafo;village
cameroun;CM001;Adamaoua;CM001001;Djrem;CM001001002;Tibati;Bikini;village
cameroun;CM001;Adamaoua;CM001001;Djrem;CM001001002;Tibati;Maka Boubala;village
cameroun;CM001;Adamaoua;CM001001;Djrem;CM001001002;Tibati;Djonbi;village
cameroun;CM001;Adamaoua;CM001001;Djrem;CM001001002;Tibati;Kandje;village
cameroun;CM001;Adamaoua;CM001001;Djrem;CM001001002;Tibati;Mandjara;village
cameroun;CM001;Adamaoua;CM001001;Djrem;CM001001002;Tibati;Mbella Assom;village
cameroun;CM001;Adamaoua;CM001005;Vina;CM001005002;Martap;Bali;village
cameroun;CM001;Adamaoua;CM001005;Vina;CM001005002;Martap;Martap;town
cameroun;CM001;Adamaoua;CM001001;Djrem;CM001001001;Ngaoundal;Bka Goto;village
cameroun;CM001;Adamaoua;CM001001;Djrem;CM001001002;Tibati;Danfili;village
cameroun;CM001;Adamaoua;CM001001;Djrem;CM001001002;Tibati;Mambal;village
cameroun;CM001;Adamaoua;CM001001;Djrem;CM001001002;Tibati;Manmbal Danfili;village
cameroun;CM001;Adamaoua;CM001001;Djrem;CM001001002;Tibati;Sarmale;village
cameroun;CM001;Adamaoua;CM001001;Djrem;CM001001002;Tibati;Malarba Barya;village
cameroun;CM001;Adamaoua;CM001001;Djrem;CM001001002;Tibati;Fbadi;village
cameroun;CM001;Adamaoua;CM001001;Djrem;CM001001002;Tibati;Bobodji;village
cameroun;CM001;Adamaoua;CM001001;Djrem;CM001001002;Tibati;Martap;village
cameroun;CM001;Adamaoua;CM001001;Djrem;CM001001001;Ngaoundal;Bissao;village
cameroun;CM005;Littoral;CM005003;Sanaga-Maritime;CM005003009;Ngwei;bomb;village
cameroun;CM005;Littoral;CM005003;Sanaga-Maritime;CM005003009;Ngwei;Song Mbog;village
cameroun;CM005;Littoral;CM005003;Sanaga-Maritime;CM005003009;Ngwei;Makay;village
cameroun;CM005;Littoral;CM005003;Sanaga-Maritime;CM005003009;Ngwei;Makondo;town
cameroun;CM005;Littoral;CM005003;Sanaga-Maritime;CM005003009;Ngwei;Mbambel;village
cameroun;CM005;Littoral;CM005003;Sanaga-Maritime;CM005003009;Ngwei;Etouha;village
cameroun;CM005;Littoral;CM005003;Sanaga-Maritime;CM005003009;Ngwei;Makek;village
cameroun;CM005;Littoral;CM005003;Sanaga-Maritime;CM005003009;Ngwei;Digombi;village
cameroun;CM005;Littoral;CM005003;Sanaga-Maritime;CM005003009;Ngwei;Mandjap;village
cameroun;CM002;Centre;CM002008;Nyong-et-Kell;CM002008008;Messondo;Mabga;village
cameroun;CM002;Centre;CM002008;Nyong-et-Kell;CM002008008;Messondo;Sodibanga;village
cameroun;CM002;Centre;CM002008;Nyong-et-Kell;CM002008008;Messondo;Kl Ndongond;village
cameroun;CM005;Littoral;CM005003;Sanaga-Maritime;CM005003009;Ngwei;Logbi;village
cameroun;CM002;Centre;CM002008;Nyong-et-Kell;CM002008008;Messondo;Mboui I;village
cameroun;CM002;Centre;CM002008;Nyong-et-Kell;CM002008008;Messondo;Mboui II;village
cameroun;CM002;Centre;CM002008;Nyong-et-Kell;CM002008008;Messondo;So Kl;village
cameroun;CM002;Centre;CM002008;Nyong-et-Kell;CM002008008;Messondo;Song Ngomb;village
cameroun;CM002;Centre;CM002008;Nyong-et-Kell;CM002008008;Messondo;Messondo;town
cameroun;CM002;Centre;CM002008;Nyong-et-Kell;CM002008008;Messondo;Mbengu I;village
cameroun;CM002;Centre;CM002008;Nyong-et-Kell;CM002008008;Messondo;Timalom;village
cameroun;CM002;Centre;CM002008;Nyong-et-Kell;CM002008008;Messondo;Mbengu II;village
cameroun;CM002;Centre;CM002008;Nyong-et-Kell;CM002008008;Messondo;Kell Bidjoka;village
cameroun;CM002;Centre;CM002008;Nyong-et-Kell;CM002008008;Messondo;Kell Mpek;village
cameroun;CM002;Centre;CM002008;Nyong-et-Kell;CM002008008;Messondo;So Hianga;village
cameroun;CM002;Centre;CM002008;Nyong-et-Kell;CM002008008;Messondo;Ntogo;village
cameroun;CM009;Sud;CM009003;Ocan;CM009003002;Bipindi;Atog Boga;village
cameroun;CM009;Sud;CM009003;Ocan;CM009003002;Bipindi;Mlen;village
cameroun;CM002;Centre;CM002008;Nyong-et-Kell;CM002008008;Messondo;Libok;village
cameroun;CM002;Centre;CM002008;Nyong-et-Kell;CM002008008;Messondo;Likouk;village
cameroun;CM002;Centre;CM002008;Nyong-et-Kell;CM002008008;Messondo;Ndong Lien;village
cameroun;CM005;Littoral;CM005003;Sanaga-Maritime;CM005003009;Ngwei;Mbandjock;village
cameroun;CM005;Littoral;CM005003;Sanaga-Maritime;CM005003009;Ngwei;Ndjokloumbe;village
cameroun;CM005;Littoral;CM005003;Sanaga-Maritime;CM005003009;Ngwei;Soloba;village
cameroun;CM005;Littoral;CM005003;Sanaga-Maritime;CM005003009;Ngwei;Bitoutouk;village
cameroun;CM009;Sud;CM009003;Ocan;CM009003006;Lokoundje;Ebondi;village
cameroun;CM009;Sud;CM009003;Ocan;CM009003006;Lokoundje;Bonguen;village
cameroun;CM009;Sud;CM009003;Ocan;CM009003006;Lokoundje;Nsah;village
cameroun;CM009;Sud;CM009003;Ocan;CM009003006;Lokoundje;Lepah;village
cameroun;CM005;Littoral;CM005003;Sanaga-Maritime;CM005003003;Edea 1er;Ferme Suisse;village
cameroun;CM009;Sud;CM009003;Ocan;CM009003006;Lokoundje;Song Abwi;village
cameroun;CM005;Littoral;CM005003;Sanaga-Maritime;CM005003006;Mouanko;Mpolb;village
cameroun;CM005;Littoral;CM005003;Sanaga-Maritime;CM005003006;Mouanko;Ngombi;village
cameroun;CM005;Littoral;CM005003;Sanaga-Maritime;CM005003006;Mouanko;Tinosso;village
cameroun;CM005;Littoral;CM005003;Sanaga-Maritime;CM005003006;Mouanko;Mpolb;village
cameroun;CM005;Littoral;CM005003;Sanaga-Maritime;CM005003003;Edea 1er;Yambong;village
cameroun;CM005;Littoral;CM005003;Sanaga-Maritime;CM005003003;Edea 1er;logkam;village
cameroun;CM005;Littoral;CM005003;Sanaga-Maritime;CM005003003;Edea 1er;Kolo;village
cameroun;CM005;Littoral;CM005003;Sanaga-Maritime;CM005003003;Edea 1er;Ndogmbiang;village
cameroun;CM005;Littoral;CM005003;Sanaga-Maritime;CM005003003;Edea 1er;Mponbo;village
cameroun;CM005;Littoral;CM005003;Sanaga-Maritime;CM005003003;Edea 1er;kot;village
cameroun;CM005;Littoral;CM005003;Sanaga-Maritime;CM005003003;Edea 1er;Ongu;village
cameroun;CM009;Sud;CM009003;Ocan;CM009003006;Lokoundje;Dhan;village
cameroun;CM009;Sud;CM009003;Ocan;CM009003006;Lokoundje;Ndog Kohi;village
cameroun;CM005;Littoral;CM005003;Sanaga-Maritime;CM005003003;Edea 1er;Yalpnda;village
cameroun;CM009;Sud;CM009003;Ocan;CM009003006;Lokoundje;Yawanda;village
cameroun;CM005;Littoral;CM005003;Sanaga-Maritime;CM005003003;Edea 1er;Ab;village
cameroun;CM005;Littoral;CM005003;Sanaga-Maritime;CM005003003;Edea 1er;Ndogtima-Crique;village
cameroun;CM009;Sud;CM009003;Ocan;CM009003006;Lokoundje;Dikob;village
cameroun;CM009;Sud;CM009003;Ocan;CM009003006;Lokoundje;Petit Batanga;village
cameroun;CM005;Littoral;CM005003;Sanaga-Maritime;CM005003003;Edea 1er;Ndogtima-Nyong;village
cameroun;CM009;Sud;CM009003;Ocan;CM009003006;Lokoundje;Dabounga;village
cameroun;CM009;Sud;CM009003;Ocan;CM009003006;Lokoundje;Ndongok;village
cameroun;CM009;Sud;CM009003;Ocan;CM009003006;Lokoundje;Nsimalen;village
cameroun;CM009;Sud;CM009003;Ocan;CM009003006;Lokoundje;Pama;village
cameroun;CM009;Sud;CM009003;Ocan;CM009003006;Lokoundje;Alangok;village
cameroun;CM009;Sud;CM009003;Ocan;CM009003006;Lokoundje;Bivouba;village
cameroun;CM009;Sud;CM009003;Ocan;CM009003006;Lokoundje;Nkonmezan;village
cameroun;CM009;Sud;CM009003;Ocan;CM009003006;Lokoundje;Mekwora;village
cameroun;CM009;Sud;CM009003;Ocan;CM009003006;Lokoundje;Mbb;village
cameroun;CM009;Sud;CM009003;Ocan;CM009003006;Lokoundje;logbatindi;town
cameroun;CM009;Sud;CM009003;Ocan;CM009003006;Lokoundje;Yalependa;village
cameroun;CM009;Sud;CM009003;Ocan;CM009003006;Lokoundje;Mbongo;village
cameroun;CM009;Sud;CM009003;Ocan;CM009003006;Lokoundje;Membok;village
cameroun;CM009;Sud;CM009003;Ocan;CM009003006;Lokoundje;Bera;village
cameroun;CM009;Sud;CM009003;Ocan;CM009003006;Lokoundje;Bella;village
cameroun;CM009;Sud;CM009003;Ocan;CM009003006;Lokoundje;Fifinda I;town
cameroun;CM009;Sud;CM009003;Ocan;CM009003006;Lokoundje;Fifinda II;village
cameroun;CM009;Sud;CM009003;Ocan;CM009003006;Lokoundje;lon;village
cameroun;CM009;Sud;CM009003;Ocan;CM009003006;Lokoundje;Bipaga II;village
cameroun;CM009;Sud;CM009003;Ocan;CM009003006;Lokoundje;Eboudava;village
cameroun;CM009;Sud;CM009003;Ocan;CM009003005;Kribi 2e;Londji;town
cameroun;CM009;Sud;CM009003;Ocan;CM009003005;Kribi 2e;Sonkwari;village
cameroun;CM009;Sud;CM009003;Ocan;CM009003006;Lokoundje;Bipaga I;village
cameroun;CM009;Sud;CM009003;Ocan;CM009003006;Lokoundje;Mpolongo;village
cameroun;CM009;Sud;CM009003;Ocan;CM009003005;Kribi 2e;Nyengueloukan;village
cameroun;CM009;Sud;CM009003;Ocan;CM009003005;Kribi 2e;Bebambw;village
cameroun;CM009;Sud;CM009003;Ocan;CM009003005;Kribi 2e;Mpolongw II;village
cameroun;CM009;Sud;CM009003;Ocan;CM009003006;Lokoundje;Bissiang;village
cameroun;CM009;Sud;CM009003;Ocan;CM009003005;Kribi 2e;Bilolo;village
cameroun;CM009;Sud;CM009003;Ocan;CM009003006;Lokoundje;Bidou I;village
cameroun;CM009;Sud;CM009003;Ocan;CM009003006;Lokoundje;Makour I;village
cameroun;CM009;Sud;CM009003;Ocan;CM009003006;Lokoundje;Makour II;village
cameroun;CM009;Sud;CM009003;Ocan;CM009003006;Lokoundje;Bandvouri;village
cameroun;CM009;Sud;CM009003;Ocan;CM009003002;Bipindi;Madoungou;village
cameroun;CM009;Sud;CM009003;Ocan;CM009003002;Bipindi;Grand Zambi;village
cameroun;CM009;Sud;CM009003;Ocan;CM009003002;Bipindi;Petit Zambi;village
cameroun;CM009;Sud;CM009003;Ocan;CM009003002;Bipindi;Ndoua;village
cameroun;CM009;Sud;CM009003;Ocan;CM009003006;Lokoundje;Nkolo I;village
cameroun;CM009;Sud;CM009003;Ocan;CM009003006;Lokoundje;Gouap;village
cameroun;CM009;Sud;CM009003;Ocan;CM009003002;Bipindi;Moungu;village
cameroun;CM009;Sud;CM009003;Ocan;CM009003002;Bipindi;Ndambl;village
cameroun;CM009;Sud;CM009003;Ocan;CM009003002;Bipindi;Mml I;village
cameroun;CM009;Sud;CM009003;Ocan;CM009003002;Bipindi;Mml II;village
cameroun;CM009;Sud;CM009003;Ocan;CM009003002;Bipindi;Nsola;village
cameroun;CM009;Sud;CM009003;Ocan;CM009003002;Bipindi;Bidjouka;village
cameroun;CM009;Sud;CM009003;Ocan;CM009003002;Bipindi;Lambi;village
cameroun;CM009;Sud;CM009003;Ocan;CM009003002;Bipindi;Ebiminbang;village
cameroun;CM009;Sud;CM009003;Ocan;CM009003001;Akom 2;Malomba;village
cameroun;CM009;Sud;CM009003;Ocan;CM009003002;Bipindi;Bipindi;town
cameroun;CM009;Sud;CM009003;Ocan;CM009003002;Bipindi;Bongouana;village
cameroun;CM009;Sud;CM009003;Ocan;CM009003002;Bipindi;Tyngo;village
cameroun;CM009;Sud;CM009003;Ocan;CM009003001;Akom 2;Tchangu;village
cameroun;CM009;Sud;CM009003;Ocan;CM009003002;Bipindi;Kwambo;village
cameroun;CM009;Sud;CM009003;Ocan;CM009003001;Akom 2;Bibindi;village
cameroun;CM009;Sud;CM009003;Ocan;CM009003001;Akom 2;Bibole;village
cameroun;CM009;Sud;CM009003;Ocan;CM009003001;Akom 2;Doum;village
cameroun;CM009;Sud;CM009003;Ocan;CM009003001;Akom 2;Toko;village
cameroun;CM009;Sud;CM009003;Ocan;CM009003001;Akom 2;Toko;village
cameroun;CM009;Sud;CM009003;Ocan;CM009003001;Akom 2;Assok I;village
cameroun;CM009;Sud;CM009003;Ocan;CM009003001;Akom 2;Fenda;village
cameroun;CM009;Sud;CM009003;Ocan;CM009003001;Akom 2;Njabilob;village
cameroun;CM009;Sud;CM009003;Ocan;CM009003001;Akom 2;lon;village
cameroun;CM009;Sud;CM009003;Ocan;CM009003001;Akom 2;Akok;village
cameroun;CM009;Sud;CM009003;Ocan;CM009003001;Akom 2;Efoulan;village
cameroun;CM009;Sud;CM009003;Ocan;CM009003001;Akom 2;Olem;village
cameroun;CM009;Sud;CM009004;Valle-du-Ntem;CM009004003;Maan;Nsbito;village
cameroun;CM009;Sud;CM009004;Valle-du-Ntem;CM009004003;Maan;Nnmeyong;village
cameroun;CM009;Sud;CM009004;Valle-du-Ntem;CM009004003;Maan;Melen;village
cameroun;CM009;Sud;CM009004;Valle-du-Ntem;CM009004003;Maan;Abem;village
cameroun;CM009;Sud;CM009004;Valle-du-Ntem;CM009004003;Maan;Aloum I;village
cameroun;CM009;Sud;CM009004;Valle-du-Ntem;CM009004003;Maan;Nyabessan;village
cameroun;CM009;Sud;CM009004;Valle-du-Ntem;CM009004003;Maan;Minko;village
cameroun;CM009;Sud;CM009004;Valle-du-Ntem;CM009004003;Maan;Aya'amang;village
cameroun;CM009;Sud;CM009003;Ocan;CM009003003;Campo;Ebinemeyong;village
cameroun;CM009;Sud;CM009003;Ocan;CM009003003;Campo;Mvini;village
cameroun;CM009;Sud;CM009003;Ocan;CM009003003;Campo;Ma'an;village
cameroun;CM009;Sud;CM009003;Ocan;CM009003003;Campo;Afan Essoky;village
cameroun;CM009;Sud;CM009003;Ocan;CM009003003;Campo;Akak;village
cameroun;CM009;Sud;CM009003;Ocan;CM009003003;Campo;Nkol Elon;village
cameroun;CM008;Ouest;CM008001;Bamboutos;CM008001002;Batcham;Bangang;village
cameroun;CM008;Ouest;CM008005;Menoua;CM008005005;Penka-Michel;Touleteng;village
cameroun;CM008;Ouest;CM008001;Bamboutos;CM008001002;Batcham;Balena;village
cameroun;CM008;Ouest;CM008005;Menoua;CM008005005;Penka-Michel;Leghong;village
cameroun;CM008;Ouest;CM008005;Menoua;CM008005005;Penka-Michel;Bamendou;village
cameroun;CM008;Ouest;CM008005;Menoua;CM008005004;Nkong-Ni;Zinto;village
cameroun;CM008;Ouest;CM008005;Menoua;CM008005005;Penka-Michel;Bamendou II;village
cameroun;CM001;Adamaoua;CM001001;Djrem;CM001001001;Ngaoundal;Sagmassa;village
cameroun;CM001;Adamaoua;CM001001;Djrem;CM001001001;Ngaoundal;Kassa;village
cameroun;CM001;Adamaoua;CM001001;Djrem;CM001001001;Ngaoundal;Djaoro Kombo;village
cameroun;CM001;Adamaoua;CM001001;Djrem;CM001001002;Tibati;Bonanga;village
cameroun;CM001;Adamaoua;CM001001;Djrem;CM001001002;Tibati;Mandoum I;village
cameroun;CM001;Adamaoua;CM001001;Djrem;CM001001002;Tibati;Ngatt;village
cameroun;CM001;Adamaoua;CM001001;Djrem;CM001001002;Tibati;Maour;village
cameroun;CM001;Adamaoua;CM001001;Djrem;CM001001002;Tibati;Danyo;village
cameroun;CM001;Adamaoua;CM001001;Djrem;CM001001002;Tibati;Ngaoubela;village
cameroun;CM001;Adamaoua;CM001001;Djrem;CM001001002;Tibati;Meng;village
cameroun;CM001;Adamaoua;CM001001;Djrem;CM001001002;Tibati;Malarba;village
cameroun;CM001;Adamaoua;CM001001;Djrem;CM001001002;Tibati;Ngati;village
cameroun;CM001;Adamaoua;CM001001;Djrem;CM001001002;Tibati;Makop;village
cameroun;CM001;Adamaoua;CM001001;Djrem;CM001001002;Tibati;Makondo;village
cameroun;CM001;Adamaoua;CM001001;Djrem;CM001001002;Tibati;Djaoro Ndo;village
cameroun;CM001;Adamaoua;CM001001;Djrem;CM001001002;Tibati;Djaoro B}llo;village
cameroun;CM001;Adamaoua;CM001001;Djrem;CM001001002;Tibati;Bunanti;village
cameroun;CM001;Adamaoua;CM001001;Djrem;CM001001002;Tibati;Lnin;village
cameroun;CM001;Adamaoua;CM001001;Djrem;CM001001002;Tibati;Ndoyo;village
cameroun;CM001;Adamaoua;CM001001;Djrem;CM001001002;Tibati;Wandin;village
cameroun;CM001;Adamaoua;CM001001;Djrem;CM001001002;Tibati;Bza;village
cameroun;CM001;Adamaoua;CM001001;Djrem;CM001001002;Tibati;Mbakaou;village
cameroun;CM001;Adamaoua;CM001001;Djrem;CM001001001;Ngaoundal;Pangar;village
cameroun;CM001;Adamaoua;CM001001;Djrem;CM001001001;Ngaoundal;Gaza Gazade;village
cameroun;CM001;Adamaoua;CM001001;Djrem;CM001001001;Ngaoundal;Demgoya;village
cameroun;CM001;Adamaoua;CM001001;Djrem;CM001001001;Ngaoundal;Btar Gongon;village
cameroun;CM001;Adamaoua;CM001001;Djrem;CM001001001;Ngaoundal;Magbor;village
cameroun;CM001;Adamaoua;CM001001;Djrem;CM001001001;Ngaoundal;Ngaoundal;town
cameroun;CM008;Ouest;CM008005;Menoua;CM008005005;Penka-Michel;Batoula;village
cameroun;CM008;Ouest;CM008005;Menoua;CM008005005;Penka-Michel;Baloum;village
cameroun;CM008;Ouest;CM008005;Menoua;CM008005002;Fokoue;Yantouck;village
cameroun;CM008;Ouest;CM008005;Menoua;CM008005005;Penka-Michel;Batoula;village
cameroun;CM008;Ouest;CM008005;Menoua;CM008005002;Fokoue;Fomopa;village
cameroun;CM008;Ouest;CM008005;Menoua;CM008005002;Fokoue;Touala;village
cameroun;CM008;Ouest;CM008005;Menoua;CM008005002;Fokoue;Fokou;town
cameroun;CM008;Ouest;CM008005;Menoua;CM008005002;Fokoue;Fotomena;village
cameroun;CM008;Ouest;CM008005;Menoua;CM008005004;Nkong-Ni;Doumbouo;village
cameroun;CM008;Ouest;CM008005;Menoua;CM008005005;Penka-Michel;Bakong;village
cameroun;CM008;Ouest;CM008005;Menoua;CM008005004;Nkong-Ni;Tsimfou;village
cameroun;CM008;Ouest;CM008005;Menoua;CM008005004;Nkong-Ni;Bafou Chefferie;village
cameroun;CM008;Ouest;CM008005;Menoua;CM008005004;Nkong-Ni;Ntsingbeu;village
cameroun;CM008;Ouest;CM008005;Menoua;CM008005004;Nkong-Ni;Batsengla;village
cameroun;CM008;Ouest;CM008005;Menoua;CM008005004;Nkong-Ni;Aghang;village
cameroun;CM008;Ouest;CM008005;Menoua;CM008005004;Nkong-Ni;Bazifeng;village
cameroun;CM008;Ouest;CM008005;Menoua;CM008005004;Nkong-Ni;Baleng;village
cameroun;CM008;Ouest;CM008005;Menoua;CM008005001;Dschang;Foto';village
cameroun;CM001;Adamaoua;CM001004;Mbr;CM001004001;Dir;Bin Bap;village
cameroun;CM001;Adamaoua;CM001004;Mbr;CM001004001;Dir;Sim II;village
cameroun;CM001;Adamaoua;CM001004;Mbr;CM001004001;Dir;Bagodo;village
cameroun;CM001;Adamaoua;CM001004;Mbr;CM001004001;Dir;Sim I;village
cameroun;CM001;Adamaoua;CM001004;Mbr;CM001004001;Dir;Dir;village
cameroun;CM001;Adamaoua;CM001004;Mbr;CM001004001;Dir;Nguesseck Quest;village
cameroun;CM003;Est;CM003004;Lom-et-Djrem;CM003004004;Betare-Oya;Mbela;village
cameroun;CM003;Est;CM003004;Lom-et-Djrem;CM003004004;Betare-Oya;Zanboy;village
cameroun;CM003;Est;CM003004;Lom-et-Djrem;CM003004004;Betare-Oya;Baoko;village
cameroun;CM003;Est;CM003004;Lom-et-Djrem;CM003004004;Betare-Oya;Dang Haoussa;village
cameroun;CM003;Est;CM003004;Lom-et-Djrem;CM003004004;Betare-Oya;Banbiri;village
cameroun;CM003;Est;CM003004;Lom-et-Djrem;CM003004004;Betare-Oya;Bembara;village
cameroun;CM003;Est;CM003004;Lom-et-Djrem;CM003004004;Betare-Oya;Lebya;village
cameroun;CM003;Est;CM003004;Lom-et-Djrem;CM003004004;Betare-Oya;Boundou;village
cameroun;CM003;Est;CM003004;Lom-et-Djrem;CM003004004;Betare-Oya;Mbel;village
cameroun;CM003;Est;CM003004;Lom-et-Djrem;CM003004001;Belabo;Haman;village
cameroun;CM003;Est;CM003004;Lom-et-Djrem;CM003004001;Belabo;Massa;village
cameroun;CM003;Est;CM003004;Lom-et-Djrem;CM003004001;Belabo;Massa;village
cameroun;CM003;Est;CM003004;Lom-et-Djrem;CM003004001;Belabo;Onan;village
cameroun;CM003;Est;CM003004;Lom-et-Djrem;CM003004001;Belabo;Kambakassi;village
cameroun;CM003;Est;CM003004;Lom-et-Djrem;CM003004001;Belabo;Deng Deng;village
cameroun;CM003;Est;CM003004;Lom-et-Djrem;CM003004001;Belabo;Deole;village
cameroun;CM003;Est;CM003004;Lom-et-Djrem;CM003004001;Belabo;Maka;village
cameroun;CM003;Est;CM003004;Lom-et-Djrem;CM003004001;Belabo;Lindji;village
cameroun;CM003;Est;CM003004;Lom-et-Djrem;CM003004001;Belabo;Goyoum;village
cameroun;CM003;Est;CM003004;Lom-et-Djrem;CM003004001;Belabo;Mouyal;village
cameroun;CM003;Est;CM003004;Lom-et-Djrem;CM003004001;Belabo;Badanga;village
cameroun;CM003;Est;CM003004;Lom-et-Djrem;CM003004001;Belabo;Kalbe;village
cameroun;CM003;Est;CM003004;Lom-et-Djrem;CM003004001;Belabo;Gondo;village
cameroun;CM003;Est;CM003004;Lom-et-Djrem;CM003004001;Belabo;Bargl;village
cameroun;CM003;Est;CM003004;Lom-et-Djrem;CM003004004;Betare-Oya;Miltom;village
cameroun;CM003;Est;CM003004;Lom-et-Djrem;CM003004004;Betare-Oya;Saran;village
cameroun;CM003;Est;CM003004;Lom-et-Djrem;CM003004004;Betare-Oya;Mbitom;village
cameroun;CM003;Est;CM003004;Lom-et-Djrem;CM003004004;Betare-Oya;Dokto;village
cameroun;CM002;Centre;CM002004;Mbam-et-Kim;CM002004005;Yoko;Gur;village
cameroun;CM002;Centre;CM002004;Mbam-et-Kim;CM002004005;Yoko;Tapare;village
cameroun;CM002;Centre;CM002004;Mbam-et-Kim;CM002004005;Yoko;Makouri;village
cameroun;CM002;Centre;CM002004;Mbam-et-Kim;CM002004005;Yoko;Djaman;village
cameroun;CM002;Centre;CM002001;Haute-Sanaga;CM002001001;Bibey;Ngok;village
cameroun;CM002;Centre;CM002001;Haute-Sanaga;CM002001001;Bibey;Ngou;village
cameroun;CM002;Centre;CM002001;Haute-Sanaga;CM002001001;Bibey;Ngoajou I;village
cameroun;CM003;Est;CM003004;Lom-et-Djrem;CM003004001;Belabo;Dimon;village
cameroun;CM003;Est;CM003004;Lom-et-Djrem;CM003004001;Belabo;Nargourou II;village
cameroun;CM003;Est;CM003004;Lom-et-Djrem;CM003004001;Belabo;Dikol;village
cameroun;CM003;Est;CM003004;Lom-et-Djrem;CM003004001;Belabo;Woutchaba;village
cameroun;CM003;Est;CM003004;Lom-et-Djrem;CM003004001;Belabo;Dina;village
cameroun;CM003;Est;CM003004;Lom-et-Djrem;CM003004001;Belabo;Mba;village
cameroun;CM003;Est;CM003004;Lom-et-Djrem;CM003004001;Belabo;Londjia;village
cameroun;CM002;Centre;CM002001;Haute-Sanaga;CM002001007;Nsem;Ngamba II;village
cameroun;CM002;Centre;CM002001;Haute-Sanaga;CM002001004;Minta;Ngok Etl;village
cameroun;CM002;Centre;CM002001;Haute-Sanaga;CM002001004;Minta;Kom;village
cameroun;CM002;Centre;CM002001;Haute-Sanaga;CM002001004;Minta;Mbargu;village
cameroun;CM002;Centre;CM002001;Haute-Sanaga;CM002001004;Minta;Koukouny;village
cameroun;CM002;Centre;CM002001;Haute-Sanaga;CM002001004;Minta;Etkenv;village
cameroun;CM002;Centre;CM002001;Haute-Sanaga;CM002001004;Minta;Tikar;village
cameroun;CM002;Centre;CM002001;Haute-Sanaga;CM002001004;Minta;Medonlon;village
cameroun;CM002;Centre;CM002001;Haute-Sanaga;CM002001004;Minta;Wal;village
cameroun;CM002;Centre;CM002001;Haute-Sanaga;CM002001004;Minta;Akok Mkel;village
cameroun;CM002;Centre;CM002001;Haute-Sanaga;CM002001004;Minta;Mendep;village
cameroun;CM002;Centre;CM002001;Haute-Sanaga;CM002001004;Minta;Kanga;village
cameroun;CM002;Centre;CM002001;Haute-Sanaga;CM002001004;Minta;Mengu II;village
cameroun;CM002;Centre;CM002001;Haute-Sanaga;CM002001007;Nsem;Nkolowondo;village
cameroun;CM002;Centre;CM002001;Haute-Sanaga;CM002001007;Nsem;Mekon II;village
cameroun;CM002;Centre;CM002001;Haute-Sanaga;CM002001007;Nsem;Nsem;town
cameroun;CM002;Centre;CM002001;Haute-Sanaga;CM002001007;Nsem;Meyan;village
cameroun;CM002;Centre;CM002001;Haute-Sanaga;CM002001007;Nsem;Ndo;village
cameroun;CM002;Centre;CM002001;Haute-Sanaga;CM002001004;Minta;Enongbibak;village
cameroun;CM002;Centre;CM002001;Haute-Sanaga;CM002001004;Minta;Meyak;village
cameroun;CM002;Centre;CM002001;Haute-Sanaga;CM002001007;Nsem;Ndne;village
cameroun;CM002;Centre;CM002001;Haute-Sanaga;CM002001004;Minta;Nkan Ayan;village
cameroun;CM002;Centre;CM002001;Haute-Sanaga;CM002001004;Minta;Mendjandja;village
cameroun;CM002;Centre;CM002001;Haute-Sanaga;CM002001004;Minta;Mpong;village
cameroun;CM002;Centre;CM002001;Haute-Sanaga;CM002001004;Minta;Domkol;village
cameroun;CM002;Centre;CM002001;Haute-Sanaga;CM002001004;Minta;Nseng Aloum;village
cameroun;CM002;Centre;CM002001;Haute-Sanaga;CM002001007;Nsem;Mbong;village
cameroun;CM002;Centre;CM002001;Haute-Sanaga;CM002001007;Nsem;Assek;village
cameroun;CM002;Centre;CM002001;Haute-Sanaga;CM002001007;Nsem;Nyeng;village
cameroun;CM002;Centre;CM002001;Haute-Sanaga;CM002001007;Nsem;Mekon I;village
cameroun;CM002;Centre;CM002001;Haute-Sanaga;CM002001007;Nsem;Ngong;village
cameroun;CM002;Centre;CM002001;Haute-Sanaga;CM002001007;Nsem;Epdja II;village
cameroun;CM002;Centre;CM002001;Haute-Sanaga;CM002001007;Nsem;Epeda II;village
cameroun;CM002;Centre;CM002001;Haute-Sanaga;CM002001007;Nsem;Pela;village
cameroun;CM002;Centre;CM002001;Haute-Sanaga;CM002001001;Bibey;Mowom;village
cameroun;CM002;Centre;CM002001;Haute-Sanaga;CM002001007;Nsem;Ambam;village
cameroun;CM002;Centre;CM002001;Haute-Sanaga;CM002001007;Nsem;Mbondji;village
cameroun;CM002;Centre;CM002001;Haute-Sanaga;CM002001007;Nsem;Zing;village
cameroun;CM002;Centre;CM002001;Haute-Sanaga;CM002001007;Nsem;Mimbanga;village
cameroun;CM002;Centre;CM002001;Haute-Sanaga;CM002001007;Nsem;Mandjok;village
cameroun;CM002;Centre;CM002001;Haute-Sanaga;CM002001001;Bibey;Mt}ni;village
cameroun;CM002;Centre;CM002001;Haute-Sanaga;CM002001001;Bibey;Mtp;village
cameroun;CM002;Centre;CM002001;Haute-Sanaga;CM002001001;Bibey;Djankani;village
cameroun;CM002;Centre;CM002001;Haute-Sanaga;CM002001001;Bibey;Bokond;village
cameroun;CM002;Centre;CM002001;Haute-Sanaga;CM002001007;Nsem;Epeda I;village
cameroun;CM002;Centre;CM002001;Haute-Sanaga;CM002001001;Bibey;Mokolo;village
cameroun;CM002;Centre;CM002001;Haute-Sanaga;CM002001005;Nanga-Eboko;Mengue;village
cameroun;CM002;Centre;CM002001;Haute-Sanaga;CM002001001;Bibey;Ndoumba;village
cameroun;CM002;Centre;CM002001;Haute-Sanaga;CM002001001;Bibey;Mekon III;village
cameroun;CM002;Centre;CM002001;Haute-Sanaga;CM002001005;Nanga-Eboko;Sanga;village
cameroun;CM002;Centre;CM002001;Haute-Sanaga;CM002001001;Bibey;Landi;village
cameroun;CM002;Centre;CM002001;Haute-Sanaga;CM002001005;Nanga-Eboko;Bidemba;village
cameroun;CM002;Centre;CM002001;Haute-Sanaga;CM002001005;Nanga-Eboko;Mekoum;village
cameroun;CM002;Centre;CM002001;Haute-Sanaga;CM002001005;Nanga-Eboko;Ekono;village
cameroun;CM002;Centre;CM002001;Haute-Sanaga;CM002001005;Nanga-Eboko;Ouassa Mbamvele;village
cameroun;CM002;Centre;CM002001;Haute-Sanaga;CM002001005;Nanga-Eboko;Ekono;village
cameroun;CM002;Centre;CM002001;Haute-Sanaga;CM002001005;Nanga-Eboko;Ading;village
cameroun;CM002;Centre;CM002001;Haute-Sanaga;CM002001005;Nanga-Eboko;Bitam;village
cameroun;CM002;Centre;CM002001;Haute-Sanaga;CM002001005;Nanga-Eboko;Mbenda;village
cameroun;CM002;Centre;CM002001;Haute-Sanaga;CM002001005;Nanga-Eboko;Ngamba;village
cameroun;CM002;Centre;CM002001;Haute-Sanaga;CM002001005;Nanga-Eboko;Sika;village
cameroun;CM002;Centre;CM002001;Haute-Sanaga;CM002001005;Nanga-Eboko;Meyang;village
cameroun;CM002;Centre;CM002001;Haute-Sanaga;CM002001005;Nanga-Eboko;Epegang;village
cameroun;CM002;Centre;CM002001;Haute-Sanaga;CM002001005;Nanga-Eboko;Meva;village
cameroun;CM002;Centre;CM002001;Haute-Sanaga;CM002001005;Nanga-Eboko;Ndjomb;village
cameroun;CM002;Centre;CM002001;Haute-Sanaga;CM002001005;Nanga-Eboko;Ngboum;village
cameroun;CM002;Centre;CM002001;Haute-Sanaga;CM002001001;Bibey;Mimbanga;village
cameroun;CM002;Centre;CM002001;Haute-Sanaga;CM002001005;Nanga-Eboko;Ngoulmekong;village
cameroun;CM002;Centre;CM002001;Haute-Sanaga;CM002001001;Bibey;Biba;village
cameroun;CM002;Centre;CM002001;Haute-Sanaga;CM002001001;Bibey;Ebam;village
cameroun;CM002;Centre;CM002001;Haute-Sanaga;CM002001001;Bibey;Kom-Asso;village
cameroun;CM002;Centre;CM002001;Haute-Sanaga;CM002001001;Bibey;Ngoulmisson;village
cameroun;CM002;Centre;CM002001;Haute-Sanaga;CM002001001;Bibey;Bibey;town
cameroun;CM002;Centre;CM002001;Haute-Sanaga;CM002001001;Bibey;Andom;village
cameroun;CM002;Centre;CM002001;Haute-Sanaga;CM002001001;Bibey;Bissaga;village
cameroun;CM002;Centre;CM002001;Haute-Sanaga;CM002001001;Bibey;Ewoe;village
cameroun;CM002;Centre;CM002001;Haute-Sanaga;CM002001001;Bibey;Biba;village
cameroun;CM002;Centre;CM002001;Haute-Sanaga;CM002001001;Bibey;Mpandang;village
cameroun;CM002;Centre;CM002001;Haute-Sanaga;CM002001001;Bibey;Mpandang;village
cameroun;CM002;Centre;CM002001;Haute-Sanaga;CM002001001;Bibey;Ebam;village
cameroun;CM002;Centre;CM002001;Haute-Sanaga;CM002001001;Bibey;Endoe;village
cameroun;CM002;Centre;CM002001;Haute-Sanaga;CM002001001;Bibey;Etol-Bot;village
cameroun;CM002;Centre;CM002001;Haute-Sanaga;CM002001001;Bibey;Camp martin;village
cameroun;CM002;Centre;CM002001;Haute-Sanaga;CM002001004;Minta;Minta;town
cameroun;CM002;Centre;CM002001;Haute-Sanaga;CM002001004;Minta;Efoulan;village
cameroun;CM002;Centre;CM002001;Haute-Sanaga;CM002001004;Minta;Elot;village
cameroun;CM002;Centre;CM002001;Haute-Sanaga;CM002001004;Minta;Obambr;village
cameroun;CM002;Centre;CM002001;Haute-Sanaga;CM002001005;Nanga-Eboko;Donkong;village
cameroun;CM002;Centre;CM002001;Haute-Sanaga;CM002001004;Minta;Menguemendjok;village
cameroun;CM002;Centre;CM002001;Haute-Sanaga;CM002001005;Nanga-Eboko;Mhomendjok;village
cameroun;CM002;Centre;CM002001;Haute-Sanaga;CM002001005;Nanga-Eboko;Zengbaga;village
cameroun;CM002;Centre;CM002001;Haute-Sanaga;CM002001005;Nanga-Eboko;Lemb Bagdja;village
cameroun;CM002;Centre;CM002001;Haute-Sanaga;CM002001005;Nanga-Eboko;Nding;village
cameroun;CM002;Centre;CM002001;Haute-Sanaga;CM002001004;Minta;Ndandouk;village
cameroun;CM002;Centre;CM002001;Haute-Sanaga;CM002001004;Minta;Etol;village
cameroun;CM002;Centre;CM002001;Haute-Sanaga;CM002001005;Nanga-Eboko;Mendoumb;village
cameroun;CM002;Centre;CM002001;Haute-Sanaga;CM002001005;Nanga-Eboko;Nseng Okong;village
cameroun;CM002;Centre;CM002001;Haute-Sanaga;CM002001005;Nanga-Eboko;Ndjoumb;village
cameroun;CM002;Centre;CM002001;Haute-Sanaga;CM002001005;Nanga-Eboko;Essimeyong;village
cameroun;CM002;Centre;CM002001;Haute-Sanaga;CM002001005;Nanga-Eboko;Nkila;village
cameroun;CM002;Centre;CM002001;Haute-Sanaga;CM002001005;Nanga-Eboko;Messaa;village
cameroun;CM002;Centre;CM002001;Haute-Sanaga;CM002001005;Nanga-Eboko;Messaa;village
cameroun;CM002;Centre;CM002001;Haute-Sanaga;CM002001005;Nanga-Eboko;Menguinda;village
cameroun;CM002;Centre;CM002001;Haute-Sanaga;CM002001005;Nanga-Eboko;Lemb;village
cameroun;CM002;Centre;CM002001;Haute-Sanaga;CM002001005;Nanga-Eboko;Mengaa;village
cameroun;CM002;Centre;CM002001;Haute-Sanaga;CM002001005;Nanga-Eboko;Nyayess;village
cameroun;CM002;Centre;CM002001;Haute-Sanaga;CM002001004;Minta;Loum;village
cameroun;CM002;Centre;CM002001;Haute-Sanaga;CM002001004;Minta;Kombani;village
cameroun;CM002;Centre;CM002001;Haute-Sanaga;CM002001005;Nanga-Eboko;Mimbang;village
cameroun;CM002;Centre;CM002001;Haute-Sanaga;CM002001004;Minta;Ngo'o;village
cameroun;CM003;Est;CM003002;Haut-Nyong;CM003002013;Nguelemendouka;Messangu;village
cameroun;CM003;Est;CM003002;Haut-Nyong;CM003002013;Nguelemendouka;Zemb I;village
cameroun;CM003;Est;CM003002;Haut-Nyong;CM003002013;Nguelemendouka;Koumbang II;village
cameroun;CM003;Est;CM003002;Haut-Nyong;CM003002013;Nguelemendouka;Mbaba;village
cameroun;CM003;Est;CM003002;Haut-Nyong;CM003002013;Nguelemendouka;Nguelemendouka;town
cameroun;CM003;Est;CM003002;Haut-Nyong;CM003002013;Nguelemendouka;Kouambang III;village
cameroun;CM003;Est;CM003002;Haut-Nyong;CM003002013;Nguelemendouka;Samba;village
cameroun;CM003;Est;CM003002;Haut-Nyong;CM003002013;Nguelemendouka;Loulou;village
cameroun;CM003;Est;CM003002;Haut-Nyong;CM003002013;Nguelemendouka;Badouma II;village
cameroun;CM003;Est;CM003002;Haut-Nyong;CM003002013;Nguelemendouka;Kak III;village
cameroun;CM003;Est;CM003002;Haut-Nyong;CM003002013;Nguelemendouka;Niangouad;village
cameroun;CM003;Est;CM003002;Haut-Nyong;CM003002013;Nguelemendouka;Eba;village
cameroun;CM002;Centre;CM002001;Haute-Sanaga;CM002001004;Minta;Minta;village
cameroun;CM002;Centre;CM002001;Haute-Sanaga;CM002001004;Minta;Nio;village
cameroun;CM002;Centre;CM002001;Haute-Sanaga;CM002001004;Minta;Mendoum;village
cameroun;CM002;Centre;CM002001;Haute-Sanaga;CM002001004;Minta;Mekond;village
cameroun;CM002;Centre;CM002001;Haute-Sanaga;CM002001004;Minta;Meba;village
cameroun;CM002;Centre;CM002001;Haute-Sanaga;CM002001004;Minta;Kakban;village
cameroun;CM002;Centre;CM002001;Haute-Sanaga;CM002001004;Minta;Ebangal;village
cameroun;CM002;Centre;CM002001;Haute-Sanaga;CM002001004;Minta;Ngbaga;village
cameroun;CM003;Est;CM003002;Haut-Nyong;CM003002013;Nguelemendouka;Nonobes;village
cameroun;CM003;Est;CM003002;Haut-Nyong;CM003002013;Nguelemendouka;Mitman;village
cameroun;CM003;Est;CM003002;Haut-Nyong;CM003002013;Nguelemendouka;Bika;village
cameroun;CM002;Centre;CM002001;Haute-Sanaga;CM002001004;Minta;Mbet I;village
cameroun;CM002;Centre;CM002001;Haute-Sanaga;CM002001004;Minta;Endoum;village
cameroun;CM002;Centre;CM002001;Haute-Sanaga;CM002001004;Minta;Makala;village
cameroun;CM003;Est;CM003002;Haut-Nyong;CM003002013;Nguelemendouka;Mbegue;village
cameroun;CM003;Est;CM003002;Haut-Nyong;CM003002013;Nguelemendouka;Bila;village
cameroun;CM003;Est;CM003002;Haut-Nyong;CM003002013;Nguelemendouka;Kosmadji I;village
cameroun;CM003;Est;CM003002;Haut-Nyong;CM003002013;Nguelemendouka;Mbang II;village
cameroun;CM003;Est;CM003002;Haut-Nyong;CM003002013;Nguelemendouka;Mbang;village
cameroun;CM003;Est;CM003002;Haut-Nyong;CM003002013;Nguelemendouka;Weya;village
cameroun;CM003;Est;CM003002;Haut-Nyong;CM003002013;Nguelemendouka;Kosmadji II;village
cameroun;CM003;Est;CM003002;Haut-Nyong;CM003002013;Nguelemendouka;Kap;village
cameroun;CM003;Est;CM003002;Haut-Nyong;CM003002013;Nguelemendouka;Weya;village
cameroun;CM003;Est;CM003002;Haut-Nyong;CM003002013;Nguelemendouka;Koumbangbang;village
cameroun;CM003;Est;CM003004;Lom-et-Djrem;CM003004005;Diang;Andom;village
cameroun;CM003;Est;CM003004;Lom-et-Djrem;CM003004005;Diang;Minkolong;village
cameroun;CM003;Est;CM003004;Lom-et-Djrem;CM003004005;Diang;Komb;village
cameroun;CM003;Est;CM003004;Lom-et-Djrem;CM003004005;Diang;Zoklingang;village
cameroun;CM003;Est;CM003004;Lom-et-Djrem;CM003004005;Diang;Mbang;village
cameroun;CM003;Est;CM003004;Lom-et-Djrem;CM003004005;Diang;Mbl;village
cameroun;CM003;Est;CM003004;Lom-et-Djrem;CM003004005;Diang;Diang;town
cameroun;CM003;Est;CM003004;Lom-et-Djrem;CM003004005;Diang;Motombo;village
cameroun;CM003;Est;CM003004;Lom-et-Djrem;CM003004005;Diang;Mbang;village
cameroun;CM003;Est;CM003004;Lom-et-Djrem;CM003004005;Diang;Aboumandjal;village
cameroun;CM003;Est;CM003004;Lom-et-Djrem;CM003004005;Diang;Voundi;village
cameroun;CM003;Est;CM003004;Lom-et-Djrem;CM003004005;Diang;Messouk;village
cameroun;CM002;Centre;CM002001;Haute-Sanaga;CM002001004;Minta;Kom Etam;village
cameroun;CM003;Est;CM003004;Lom-et-Djrem;CM003004005;Diang;Ndong Ola;village
cameroun;CM003;Est;CM003004;Lom-et-Djrem;CM003004005;Diang;Nguinda;village
cameroun;CM003;Est;CM003004;Lom-et-Djrem;CM003004005;Diang;Nika;village
cameroun;CM002;Centre;CM002001;Haute-Sanaga;CM002001004;Minta;Ngeuen;village
cameroun;CM002;Centre;CM002001;Haute-Sanaga;CM002001004;Minta;Ebolbam;village
cameroun;CM002;Centre;CM002001;Haute-Sanaga;CM002001004;Minta;Mimbang;village
cameroun;CM002;Centre;CM002001;Haute-Sanaga;CM002001004;Minta;Nsimalen;village
cameroun;CM002;Centre;CM002001;Haute-Sanaga;CM002001004;Minta;Nlang;village
cameroun;CM002;Centre;CM002001;Haute-Sanaga;CM002001004;Minta;Abian;village
cameroun;CM002;Centre;CM002001;Haute-Sanaga;CM002001004;Minta;Ngomb I;village
cameroun;CM003;Est;CM003004;Lom-et-Djrem;CM003004001;Belabo;Ekak;village
cameroun;CM003;Est;CM003004;Lom-et-Djrem;CM003004001;Belabo;Yoa;village
cameroun;CM003;Est;CM003004;Lom-et-Djrem;CM003004001;Belabo;Essepsi;village
cameroun;CM002;Centre;CM002001;Haute-Sanaga;CM002001004;Minta;Mbinang;village
cameroun;CM003;Est;CM003004;Lom-et-Djrem;CM003004001;Belabo;Karang;village
cameroun;CM003;Est;CM003004;Lom-et-Djrem;CM003004001;Belabo;Ebaka;village
cameroun;CM003;Est;CM003004;Lom-et-Djrem;CM003004001;Belabo;Ybi;village
cameroun;CM003;Est;CM003004;Lom-et-Djrem;CM003004001;Belabo;Bambasse;village
cameroun;CM003;Est;CM003004;Lom-et-Djrem;CM003004001;Belabo;Mbaki II;village
cameroun;CM003;Est;CM003004;Lom-et-Djrem;CM003004001;Belabo;Sakudi;village
cameroun;CM003;Est;CM003004;Lom-et-Djrem;CM003004001;Belabo;Doube;village
cameroun;CM003;Est;CM003004;Lom-et-Djrem;CM003004001;Belabo;Mbiombi;village
cameroun;CM003;Est;CM003004;Lom-et-Djrem;CM003004001;Belabo;Ndjangan;village
cameroun;CM003;Est;CM003004;Lom-et-Djrem;CM003004001;Belabo;Yanda;village
cameroun;CM003;Est;CM003004;Lom-et-Djrem;CM003004001;Belabo;Essandjan;village
cameroun;CM003;Est;CM003004;Lom-et-Djrem;CM003004001;Belabo;Blabo;town
cameroun;CM003;Est;CM003004;Lom-et-Djrem;CM003004001;Belabo;Ndoumba II;village
cameroun;CM003;Est;CM003004;Lom-et-Djrem;CM003004001;Belabo;Ndoumba II;village
cameroun;CM003;Est;CM003004;Lom-et-Djrem;CM003004001;Belabo;Esselgu;village
cameroun;CM003;Est;CM003004;Lom-et-Djrem;CM003004005;Diang;Essamiem;village
cameroun;CM003;Est;CM003004;Lom-et-Djrem;CM003004001;Belabo;Ndemba I;village
cameroun;CM003;Est;CM003004;Lom-et-Djrem;CM003004001;Belabo;Ndoumba I;village
cameroun;CM003;Est;CM003004;Lom-et-Djrem;CM003004001;Belabo;Adia;village
cameroun;CM003;Est;CM003004;Lom-et-Djrem;CM003004001;Belabo;Yambeng;village
cameroun;CM003;Est;CM003004;Lom-et-Djrem;CM003004001;Belabo;Manbo;village
cameroun;CM003;Est;CM003004;Lom-et-Djrem;CM003004001;Belabo;Mbaki I;village
cameroun;CM003;Est;CM003004;Lom-et-Djrem;CM003004001;Belabo;Manbaya;village
cameroun;CM003;Est;CM003004;Lom-et-Djrem;CM003004001;Belabo;Bombi;village
cameroun;CM003;Est;CM003004;Lom-et-Djrem;CM003004001;Belabo;Kano;village
cameroun;CM003;Est;CM003004;Lom-et-Djrem;CM003004001;Belabo;Viali;village
cameroun;CM003;Est;CM003004;Lom-et-Djrem;CM003004001;Belabo;Dondi;village
cameroun;CM003;Est;CM003004;Lom-et-Djrem;CM003004001;Belabo;Nola Mbten;village
cameroun;CM003;Est;CM003004;Lom-et-Djrem;CM003004001;Belabo;Mbten;village
cameroun;CM003;Est;CM003004;Lom-et-Djrem;CM003004001;Belabo;Yoko Btougou;village
cameroun;CM003;Est;CM003004;Lom-et-Djrem;CM003004001;Belabo;Koundi;village
cameroun;CM003;Est;CM003004;Lom-et-Djrem;CM003004001;Belabo;Kombiti;village
cameroun;CM003;Est;CM003004;Lom-et-Djrem;CM003004001;Belabo;Ngofi;village
cameroun;CM003;Est;CM003004;Lom-et-Djrem;CM003004005;Diang;Ndoumbi;village
cameroun;CM003;Est;CM003004;Lom-et-Djrem;CM003004001;Belabo;Ndemba II;village
cameroun;CM003;Est;CM003004;Lom-et-Djrem;CM003004005;Diang;Dongo;village
cameroun;CM003;Est;CM003004;Lom-et-Djrem;CM003004005;Diang;Yanda II;village
cameroun;CM003;Est;CM003004;Lom-et-Djrem;CM003004005;Diang;Kanda;village
cameroun;CM003;Est;CM003004;Lom-et-Djrem;CM003004005;Diang;Yanda II;village
cameroun;CM003;Est;CM003004;Lom-et-Djrem;CM003004005;Diang;Yanda I;village
cameroun;CM003;Est;CM003004;Lom-et-Djrem;CM003004005;Diang;Mbwam;village
cameroun;CM003;Est;CM003004;Lom-et-Djrem;CM003004005;Diang;Mbet II;village
cameroun;CM003;Est;CM003004;Lom-et-Djrem;CM003004005;Diang;Moundi;village
cameroun;CM003;Est;CM003004;Lom-et-Djrem;CM003004005;Diang;Gwkong;village
cameroun;CM003;Est;CM003004;Lom-et-Djrem;CM003004002;Bertoua 1er;Bonis;village
cameroun;CM003;Est;CM003004;Lom-et-Djrem;CM003004002;Bertoua 1er;Bonis II;village
cameroun;CM003;Est;CM003004;Lom-et-Djrem;CM003004002;Bertoua 1er;Nganke;village
cameroun;CM003;Est;CM003002;Haut-Nyong;CM003002003;Dimako;Baktala;village
cameroun;CM003;Est;CM003004;Lom-et-Djrem;CM003004002;Bertoua 1er;Longtimbi;village
cameroun;CM003;Est;CM003002;Haut-Nyong;CM003002003;Dimako;Ngola Mbl;village
cameroun;CM008;Ouest;CM008005;Menoua;CM008005001;Dschang;Foreke Dschang;village
cameroun;CM008;Ouest;CM008005;Menoua;CM008005006;Santchou;Fombap;village
cameroun;CM008;Ouest;CM008005;Menoua;CM008005001;Dschang;Fombap;village
cameroun;CM003;Est;CM003002;Haut-Nyong;CM003002003;Dimako;Dimako;town
cameroun;CM010;Sud-Ouest;CM010001;Fako;CM010001007;West-Coast;Isongo;village
cameroun;CM010;Sud-Ouest;CM010001;Fako;CM010001001;Buea;Bakingili;village
cameroun;CM010;Sud-Ouest;CM010001;Fako;CM010001007;West-Coast;Debundsha;village
cameroun;CM010;Sud-Ouest;CM010001;Fako;CM010001007;West-Coast;Njonji;village
cameroun;CM010;Sud-Ouest;CM010006;Ndian;CM010006001;Bamusso;Enyenge;village
cameroun;CM010;Sud-Ouest;CM010006;Ndian;CM010006001;Bamusso;Mossongo;village
cameroun;CM010;Sud-Ouest;CM010006;Ndian;CM010006001;Bamusso;Betika;village
cameroun;CM010;Sud-Ouest;CM010006;Ndian;CM010006001;Bamusso;Njangassa I;village
cameroun;CM010;Sud-Ouest;CM010005;Meme;CM010005005;Mbonge;Liwenyi;village
cameroun;CM010;Sud-Ouest;CM010005;Meme;CM010005005;Mbonge;Kosse;village
cameroun;CM010;Sud-Ouest;CM010001;Fako;CM010001007;West-Coast;Sanje;village
cameroun;CM010;Sud-Ouest;CM010001;Fako;CM010001007;West-Coast;Idenau;village
cameroun;CM010;Sud-Ouest;CM010005;Meme;CM010005005;Mbonge;Bomana Bakweri;village
cameroun;CM010;Sud-Ouest;CM010005;Meme;CM010005005;Mbonge;Koto II;village
cameroun;CM010;Sud-Ouest;CM010005;Meme;CM010005005;Mbonge;Koto I;village
cameroun;CM010;Sud-Ouest;CM010005;Meme;CM010005005;Mbonge;Efolofo;village
cameroun;CM010;Sud-Ouest;CM010001;Fako;CM010001003;Limbe 2nd;Batoke Village;village
cameroun;CM010;Sud-Ouest;CM010001;Fako;CM010001003;Limbe 2nd;Bobende;village
cameroun;CM010;Sud-Ouest;CM010001;Fako;CM010001003;Limbe 2nd;Mokundange;village
cameroun;CM010;Sud-Ouest;CM010001;Fako;CM010001001;Buea;Etome village;village
cameroun;CM010;Sud-Ouest;CM010001;Fako;CM010001003;Limbe 2nd;Upper Boando;village
cameroun;CM010;Sud-Ouest;CM010001;Fako;CM010001001;Buea;Ekonjo;village
cameroun;CM010;Sud-Ouest;CM010001;Fako;CM010001003;Limbe 2nd;Mukunda;village
cameroun;CM010;Sud-Ouest;CM010001;Fako;CM010001003;Limbe 2nd;Ngeme village;village
cameroun;CM010;Sud-Ouest;CM010001;Fako;CM010001003;Limbe 2nd;Mokindi chief palace;village
cameroun;CM010;Sud-Ouest;CM010001;Fako;CM010001003;Limbe 2nd;Kie Village;village
cameroun;CM010;Sud-Ouest;CM010001;Fako;CM010001003;Limbe 2nd;Botacantin;village
cameroun;CM010;Sud-Ouest;CM010001;Fako;CM010001001;Buea;Middle Bonjongo;village
cameroun;CM010;Sud-Ouest;CM010001;Fako;CM010001001;Buea;Bonjongo;village
cameroun;CM010;Sud-Ouest;CM010001;Fako;CM010001002;Limbe 1st;Bonadikombo;village
cameroun;CM010;Sud-Ouest;CM010001;Fako;CM010001006;Tiko;Ombe Native;village
cameroun;CM010;Sud-Ouest;CM010001;Fako;CM010001006;Tiko;Ombe;town
cameroun;CM010;Sud-Ouest;CM010001;Fako;CM010001002;Limbe 1st;Meviokulu village;village
cameroun;CM010;Sud-Ouest;CM010001;Fako;CM010001001;Buea;Tole;village
cameroun;CM010;Sud-Ouest;CM010001;Fako;CM010001001;Buea;Small Sopo;village
cameroun;CM010;Sud-Ouest;CM010001;Fako;CM010001001;Buea;Bulu;village
cameroun;CM010;Sud-Ouest;CM010001;Fako;CM010001001;Buea;Molyko;village
cameroun;CM010;Sud-Ouest;CM010001;Fako;CM010001001;Buea;Bolifamba;village
cameroun;CM010;Sud-Ouest;CM010001;Fako;CM010001001;Buea;Bitingui;village
cameroun;CM010;Sud-Ouest;CM010001;Fako;CM010001001;Buea;Bova;village
cameroun;CM010;Sud-Ouest;CM010001;Fako;CM010001001;Buea;Bokwai;village
cameroun;CM010;Sud-Ouest;CM010001;Fako;CM010001001;Buea;Bokoko;village
cameroun;CM010;Sud-Ouest;CM010001;Fako;CM010001001;Buea;Ewonda;village
cameroun;CM010;Sud-Ouest;CM010001;Fako;CM010001001;Buea;Sasse;village
cameroun;CM010;Sud-Ouest;CM010001;Fako;CM010001001;Buea;Saxoenhof;village
cameroun;CM010;Sud-Ouest;CM010001;Fako;CM010001001;Buea;Bwassa;village
cameroun;CM010;Sud-Ouest;CM010001;Fako;CM010001001;Buea;Bokwango;village
cameroun;CM010;Sud-Ouest;CM010001;Fako;CM010001001;Buea;Likombe;village
cameroun;CM010;Sud-Ouest;CM010001;Fako;CM010001005;Muyuka;Ekona Lelu;village
cameroun;CM010;Sud-Ouest;CM010001;Fako;CM010001001;Buea;Bokova;village
cameroun;CM010;Sud-Ouest;CM010001;Fako;CM010001001;Buea;Bonakanda;village
cameroun;CM010;Sud-Ouest;CM010001;Fako;CM010001001;Buea;Lissoka;village
cameroun;CM010;Sud-Ouest;CM010001;Fako;CM010001001;Buea;Mamu;village
cameroun;CM010;Sud-Ouest;CM010001;Fako;CM010001005;Muyuka;Ekona Mbenge;village
cameroun;CM010;Sud-Ouest;CM010001;Fako;CM010001005;Muyuka;Ekona Yard;village
cameroun;CM010;Sud-Ouest;CM010001;Fako;CM010001005;Muyuka;Powo Camp;village
cameroun;CM010;Sud-Ouest;CM010001;Fako;CM010001005;Muyuka;Mowutu;village
cameroun;CM010;Sud-Ouest;CM010001;Fako;CM010001005;Muyuka;Masuma;village
cameroun;CM010;Sud-Ouest;CM010001;Fako;CM010001005;Muyuka;Mundame;village
cameroun;CM010;Sud-Ouest;CM010001;Fako;CM010001005;Muyuka;Bavenga;village
cameroun;CM010;Sud-Ouest;CM010001;Fako;CM010001005;Muyuka;Bafia;village
cameroun;CM010;Sud-Ouest;CM010001;Fako;CM010001005;Muyuka;Ikata;village
cameroun;CM010;Sud-Ouest;CM010001;Fako;CM010001005;Muyuka;Owe;village
cameroun;CM010;Sud-Ouest;CM010001;Fako;CM010001005;Muyuka;Mekanga;village
cameroun;CM010;Sud-Ouest;CM010001;Fako;CM010001005;Muyuka;Malende;village
cameroun;CM010;Sud-Ouest;CM010001;Fako;CM010001005;Muyuka;Yoke;village
cameroun;CM010;Sud-Ouest;CM010001;Fako;CM010001005;Muyuka;Muyuka;town
cameroun;CM010;Sud-Ouest;CM010001;Fako;CM010001005;Muyuka;Mekanga;village
cameroun;CM005;Littoral;CM005001;Moungo;CM005001002;Dibombari;Mangamba;village
cameroun;CM010;Sud-Ouest;CM010001;Fako;CM010001005;Muyuka;Bonadoumb;village
cameroun;CM010;Sud-Ouest;CM010001;Fako;CM010001005;Muyuka;Meanja;village
cameroun;CM010;Sud-Ouest;CM010001;Fako;CM010001005;Muyuka;Small Moundu;village
cameroun;CM010;Sud-Ouest;CM010001;Fako;CM010001005;Muyuka;Mpundu;village
cameroun;CM010;Sud-Ouest;CM010001;Fako;CM010001006;Tiko;Matute;village
cameroun;CM010;Sud-Ouest;CM010001;Fako;CM010001006;Tiko;Pungo;village
cameroun;CM010;Sud-Ouest;CM010001;Fako;CM010001006;Tiko;Sone;village
cameroun;CM010;Sud-Ouest;CM010001;Fako;CM010001001;Buea;Muea;village
cameroun;CM010;Sud-Ouest;CM010001;Fako;CM010001001;Buea;Boniamavio;village
cameroun;CM010;Sud-Ouest;CM010001;Fako;CM010001001;Buea;Bowanda;village
cameroun;CM010;Sud-Ouest;CM010001;Fako;CM010001001;Buea;Mile 16;village
cameroun;CM010;Sud-Ouest;CM010001;Fako;CM010001001;Buea;Bolifamba;village
cameroun;CM010;Sud-Ouest;CM010001;Fako;CM010001006;Tiko;Tamben;village
cameroun;CM010;Sud-Ouest;CM010001;Fako;CM010001006;Tiko;Tiko;town
cameroun;CM004;Extrme-Nord;CM004005;Mayo-Sava;CM004005003;Tokombere;Mayo-Ouldm;village
cameroun;CM004;Extrme-Nord;CM004005;Mayo-Sava;CM004005003;Tokombere;Tazang;village
cameroun;CM004;Extrme-Nord;CM004005;Mayo-Sava;CM004005003;Tokombere;Tala Mada;village
cameroun;CM004;Extrme-Nord;CM004005;Mayo-Sava;CM004005003;Tokombere;Mada_centre;village
cameroun;CM004;Extrme-Nord;CM004005;Mayo-Sava;CM004005003;Tokombere;Mouraka;village
cameroun;CM004;Extrme-Nord;CM004005;Mayo-Sava;CM004005003;Tokombere;Bzagamba;village
cameroun;CM004;Extrme-Nord;CM004005;Mayo-Sava;CM004005003;Tokombere;Talla_laki;village
cameroun;CM004;Extrme-Nord;CM004005;Mayo-Sava;CM004005003;Tokombere;Moraka;village
cameroun;CM004;Extrme-Nord;CM004005;Mayo-Sava;CM004005003;Tokombere;Tokombr;town
cameroun;CM004;Extrme-Nord;CM004005;Mayo-Sava;CM004005003;Tokombere;Talla Amada;village
cameroun;CM004;Extrme-Nord;CM004005;Mayo-Sava;CM004005003;Tokombere;Mouyengue_2;village
cameroun;CM004;Extrme-Nord;CM004001;Diamar;CM004001007;Meri;Menguer;village
cameroun;CM004;Extrme-Nord;CM004001;Diamar;CM004001007;Meri;Ngassa;village
cameroun;CM004;Extrme-Nord;CM004005;Mayo-Sava;CM004005003;Tokombere;Bije;village
cameroun;CM004;Extrme-Nord;CM004005;Mayo-Sava;CM004005003;Tokombere;Talla Kadji;village
cameroun;CM004;Extrme-Nord;CM004005;Mayo-Sava;CM004005003;Tokombere;Djatar;village
cameroun;CM004;Extrme-Nord;CM004001;Diamar;CM004001007;Meri;Meri;town
cameroun;CM004;Extrme-Nord;CM004001;Diamar;CM004001007;Meri;Douroum;village
cameroun;CM004;Extrme-Nord;CM004001;Diamar;CM004001007;Meri;Wazzang;village
cameroun;CM004;Extrme-Nord;CM004001;Diamar;CM004001007;Meri;Douvangar;village
cameroun;CM004;Extrme-Nord;CM004001;Diamar;CM004001007;Meri;Goli;village
cameroun;CM004;Extrme-Nord;CM004001;Diamar;CM004001007;Meri;Zigdeleng;village
cameroun;CM004;Extrme-Nord;CM004001;Diamar;CM004001007;Meri;Ngogotof;village
cameroun;CM004;Extrme-Nord;CM004001;Diamar;CM004001007;Meri;Manguirlda;village
cameroun;CM004;Extrme-Nord;CM004001;Diamar;CM004001007;Meri;Ngomeble;village
cameroun;CM004;Extrme-Nord;CM004006;Mayo-Tsanaga;CM004006007;Soulede-Roua;Madakonai;village
cameroun;CM004;Extrme-Nord;CM004005;Mayo-Sava;CM004005003;Tokombere;Gandoua;village
cameroun;CM004;Extrme-Nord;CM004005;Mayo-Sava;CM004005003;Tokombere;Zoulgo;village
cameroun;CM004;Extrme-Nord;CM004006;Mayo-Tsanaga;CM004006007;Soulede-Roua;Roua;town
cameroun;CM004;Extrme-Nord;CM004006;Mayo-Tsanaga;CM004006007;Soulede-Roua;Fogom 1;village
cameroun;CM004;Extrme-Nord;CM004001;Diamar;CM004001007;Meri;Mbalda;village
cameroun;CM004;Extrme-Nord;CM004001;Diamar;CM004001007;Meri;Metcheked;village
cameroun;CM004;Extrme-Nord;CM004006;Mayo-Tsanaga;CM004006007;Soulede-Roua;Gagala;village
cameroun;CM004;Extrme-Nord;CM004006;Mayo-Tsanaga;CM004006006;Mokolo;Kokom;village
cameroun;CM004;Extrme-Nord;CM004006;Mayo-Tsanaga;CM004006006;Mokolo;Medere;village
cameroun;CM004;Extrme-Nord;CM004006;Mayo-Tsanaga;CM004006007;Soulede-Roua;Fogom_2;village
cameroun;CM004;Extrme-Nord;CM004006;Mayo-Tsanaga;CM004006006;Mokolo;Matakam;village
cameroun;CM004;Extrme-Nord;CM004006;Mayo-Tsanaga;CM004006006;Mokolo;Louguere;village
cameroun;CM004;Extrme-Nord;CM004006;Mayo-Tsanaga;CM004006007;Soulede-Roua;Wayam_soulede;village
cameroun;CM004;Extrme-Nord;CM004006;Mayo-Tsanaga;CM004006006;Mokolo;Mayo Tsoukouri;village
cameroun;CM004;Extrme-Nord;CM004006;Mayo-Tsanaga;CM004006007;Soulede-Roua;Soulede_2;village
cameroun;CM004;Extrme-Nord;CM004006;Mayo-Tsanaga;CM004006007;Soulede-Roua;Soulede_1;village
cameroun;CM004;Extrme-Nord;CM004006;Mayo-Tsanaga;CM004006007;Soulede-Roua;Nguildakam;village
cameroun;CM004;Extrme-Nord;CM004006;Mayo-Tsanaga;CM004006007;Soulede-Roua;Sould;town
cameroun;CM004;Extrme-Nord;CM004006;Mayo-Tsanaga;CM004006007;Soulede-Roua;Mazam;village
cameroun;CM004;Extrme-Nord;CM004006;Mayo-Tsanaga;CM004006007;Soulede-Roua;Mesdai;village
cameroun;CM009;Sud;CM009001;Dja-et-Lobo;CM009001003;Meyomessala;Zouameyong;village
cameroun;CM009;Sud;CM009001;Dja-et-Lobo;CM009001003;Meyomessala;Alouma;village
cameroun;CM009;Sud;CM009001;Dja-et-Lobo;CM009001008;Zoetele;Bingou Boulou;village
cameroun;CM009;Sud;CM009001;Dja-et-Lobo;CM009001008;Zoetele;Nkoumadjap I;village
cameroun;CM009;Sud;CM009001;Dja-et-Lobo;CM009001008;Zoetele;Biyan;village
cameroun;CM009;Sud;CM009001;Dja-et-Lobo;CM009001008;Zoetele;Nkoumadjap II;village
cameroun;CM009;Sud;CM009001;Dja-et-Lobo;CM009001008;Zoetele;Angongu;village
cameroun;CM009;Sud;CM009001;Dja-et-Lobo;CM009001003;Meyomessala;Nden;village
cameroun;CM009;Sud;CM009001;Dja-et-Lobo;CM009001003;Meyomessala;Esson;village
cameroun;CM009;Sud;CM009001;Dja-et-Lobo;CM009001008;Zoetele;Mekalat;village
cameroun;CM009;Sud;CM009001;Dja-et-Lobo;CM009001008;Zoetele;Monennam;village
cameroun;CM009;Sud;CM009001;Dja-et-Lobo;CM009001008;Zoetele;Nlanyop;village
cameroun;CM009;Sud;CM009001;Dja-et-Lobo;CM009001008;Zoetele;Minkoumou;village
cameroun;CM009;Sud;CM009001;Dja-et-Lobo;CM009001008;Zoetele;Nkolmveng;village
cameroun;CM009;Sud;CM009001;Dja-et-Lobo;CM009001008;Zoetele;Nkolmveng;village
cameroun;CM009;Sud;CM009001;Dja-et-Lobo;CM009001008;Zoetele;Biboulemam;village
cameroun;CM009;Sud;CM009001;Dja-et-Lobo;CM009001008;Zoetele;Emvonga;village
cameroun;CM009;Sud;CM009001;Dja-et-Lobo;CM009001008;Zoetele;Ting;village
cameroun;CM009;Sud;CM009001;Dja-et-Lobo;CM009001008;Zoetele;Zotl;town
cameroun;CM009;Sud;CM009001;Dja-et-Lobo;CM009001008;Zoetele;Bibae;village
cameroun;CM009;Sud;CM009001;Dja-et-Lobo;CM009001008;Zoetele;Awout;village
cameroun;CM009;Sud;CM009001;Dja-et-Lobo;CM009001008;Zoetele;Akok;village
cameroun;CM009;Sud;CM009001;Dja-et-Lobo;CM009001008;Zoetele;Bibe;village
cameroun;CM009;Sud;CM009001;Dja-et-Lobo;CM009001008;Zoetele;Zoetele;village
cameroun;CM009;Sud;CM009001;Dja-et-Lobo;CM009001008;Zoetele;Mengbwa;village
cameroun;CM009;Sud;CM009001;Dja-et-Lobo;CM009001008;Zoetele;Mfouladja;village
cameroun;CM009;Sud;CM009001;Dja-et-Lobo;CM009001008;Zoetele;Zouloubot;village
cameroun;CM009;Sud;CM009001;Dja-et-Lobo;CM009001008;Zoetele;Meyila;village
cameroun;CM009;Sud;CM009001;Dja-et-Lobo;CM009001008;Zoetele;Nsimi;village
cameroun;CM009;Sud;CM009001;Dja-et-Lobo;CM009001008;Zoetele;Otontyam;village
cameroun;CM009;Sud;CM009001;Dja-et-Lobo;CM009001008;Zoetele;Meyiboto;village
cameroun;CM009;Sud;CM009001;Dja-et-Lobo;CM009001008;Zoetele;Nkolnanga;village
cameroun;CM009;Sud;CM009001;Dja-et-Lobo;CM009001008;Zoetele;Ekombit;village
cameroun;CM009;Sud;CM009001;Dja-et-Lobo;CM009001007;Sangmelima;Nsimalen II;village
cameroun;CM009;Sud;CM009001;Dja-et-Lobo;CM009001007;Sangmelima;Nkout;village
cameroun;CM009;Sud;CM009001;Dja-et-Lobo;CM009001007;Sangmelima;Mendong;village
cameroun;CM009;Sud;CM009001;Dja-et-Lobo;CM009001007;Sangmelima;Mfouloveng;village
cameroun;CM009;Sud;CM009001;Dja-et-Lobo;CM009001007;Sangmelima;Evindissi II;village
cameroun;CM009;Sud;CM009001;Dja-et-Lobo;CM009001007;Sangmelima;Efoulan;village
cameroun;CM009;Sud;CM009001;Dja-et-Lobo;CM009001008;Zoetele;Nkolfong;village
cameroun;CM009;Sud;CM009001;Dja-et-Lobo;CM009001007;Sangmelima;Oveng;village
cameroun;CM009;Sud;CM009001;Dja-et-Lobo;CM009001007;Sangmelima;Ntoutakoung;village
cameroun;CM009;Sud;CM009001;Dja-et-Lobo;CM009001007;Sangmelima;Nsimalen;village
cameroun;CM009;Sud;CM009001;Dja-et-Lobo;CM009001007;Sangmelima;Mlen;village
cameroun;CM009;Sud;CM009001;Dja-et-Lobo;CM009001007;Sangmelima;Minkpwamioveng;village
cameroun;CM009;Sud;CM009001;Dja-et-Lobo;CM009001007;Sangmelima;Nkolngbwa;village
cameroun;CM009;Sud;CM009001;Dja-et-Lobo;CM009001007;Sangmelima;Nslang;village
cameroun;CM009;Sud;CM009001;Dja-et-Lobo;CM009001007;Sangmelima;Oveng Ymevong;village
cameroun;CM009;Sud;CM009001;Dja-et-Lobo;CM009001007;Sangmelima;Benvoungou;village
cameroun;CM009;Sud;CM009001;Dja-et-Lobo;CM009001007;Sangmelima;Mvo'ofon;village
cameroun;CM009;Sud;CM009001;Dja-et-Lobo;CM009001007;Sangmelima;Akak;village
cameroun;CM009;Sud;CM009001;Dja-et-Lobo;CM009001007;Sangmelima;Nko;village
cameroun;CM009;Sud;CM009001;Dja-et-Lobo;CM009001007;Sangmelima;Ako'Oloui;village
cameroun;CM009;Sud;CM009001;Dja-et-Lobo;CM009001007;Sangmelima;Mboun;village
cameroun;CM009;Sud;CM009001;Dja-et-Lobo;CM009001007;Sangmelima;Monavebe;village
cameroun;CM009;Sud;CM009001;Dja-et-Lobo;CM009001007;Sangmelima;Awoan;village
cameroun;CM009;Sud;CM009001;Dja-et-Lobo;CM009001007;Sangmelima;Ngoulemekong;village
cameroun;CM009;Sud;CM009001;Dja-et-Lobo;CM009001007;Sangmelima;Mebemenko;village
cameroun;CM009;Sud;CM009001;Dja-et-Lobo;CM009001007;Sangmelima;Mbeli'i;village
cameroun;CM009;Sud;CM009001;Dja-et-Lobo;CM009001007;Sangmelima;Akon;village
cameroun;CM009;Sud;CM009001;Dja-et-Lobo;CM009001007;Sangmelima;Mefo;village
cameroun;CM009;Sud;CM009001;Dja-et-Lobo;CM009001007;Sangmelima;Kondmeyos;village
cameroun;CM009;Sud;CM009001;Dja-et-Lobo;CM009001007;Sangmelima;Foulassi;village
cameroun;CM009;Sud;CM009001;Dja-et-Lobo;CM009001007;Sangmelima;Ngam;village
cameroun;CM009;Sud;CM009001;Dja-et-Lobo;CM009001007;Sangmelima;Meyo;village
cameroun;CM009;Sud;CM009001;Dja-et-Lobo;CM009001007;Sangmelima;Mimbo;village
cameroun;CM009;Sud;CM009001;Dja-et-Lobo;CM009001007;Sangmelima;Nloup;village
cameroun;CM009;Sud;CM009001;Dja-et-Lobo;CM009001007;Sangmelima;Ngon;village
cameroun;CM009;Sud;CM009001;Dja-et-Lobo;CM009001007;Sangmelima;Zoum;village
cameroun;CM009;Sud;CM009001;Dja-et-Lobo;CM009001007;Sangmelima;Ndjom Yemvak;village
cameroun;CM009;Sud;CM009001;Dja-et-Lobo;CM009001007;Sangmelima;Komb;village
cameroun;CM009;Sud;CM009001;Dja-et-Lobo;CM009001007;Sangmelima;Nkpwang;village
cameroun;CM009;Sud;CM009001;Dja-et-Lobo;CM009001007;Sangmelima;Meyos;village
cameroun;CM009;Sud;CM009001;Dja-et-Lobo;CM009001007;Sangmelima;Evindissi I;village
cameroun;CM009;Sud;CM009001;Dja-et-Lobo;CM009001007;Sangmelima;Mtet;village
cameroun;CM009;Sud;CM009001;Dja-et-Lobo;CM009001007;Sangmelima;Mintyaminyoumin;village
cameroun;CM009;Sud;CM009001;Dja-et-Lobo;CM009001007;Sangmelima;Mekpa;village
cameroun;CM009;Sud;CM009001;Dja-et-Lobo;CM009001007;Sangmelima;Nkolotou'outou;village
cameroun;CM009;Sud;CM009001;Dja-et-Lobo;CM009001007;Sangmelima;Mfouladja;village
cameroun;CM009;Sud;CM009001;Dja-et-Lobo;CM009001007;Sangmelima;Akomendibi;village
cameroun;CM009;Sud;CM009001;Dja-et-Lobo;CM009001007;Sangmelima;Mebem;village
cameroun;CM009;Sud;CM009001;Dja-et-Lobo;CM009001007;Sangmelima;Ako'o;village
cameroun;CM009;Sud;CM009001;Dja-et-Lobo;CM009001007;Sangmelima;Mbom;village
cameroun;CM009;Sud;CM009001;Dja-et-Lobo;CM009001007;Sangmelima;Nkound;village
cameroun;CM009;Sud;CM009001;Dja-et-Lobo;CM009001007;Sangmelima;Mtet;village
cameroun;CM009;Sud;CM009001;Dja-et-Lobo;CM009001007;Sangmelima;Avb;village
cameroun;CM009;Sud;CM009001;Dja-et-Lobo;CM009001007;Sangmelima;Mang;village
cameroun;CM009;Sud;CM009001;Dja-et-Lobo;CM009001007;Sangmelima;Bidjom;village
cameroun;CM009;Sud;CM009001;Dja-et-Lobo;CM009001007;Sangmelima;Kamlon;village
cameroun;CM009;Sud;CM009001;Dja-et-Lobo;CM009001007;Sangmelima;Ndjontom;village
cameroun;CM009;Sud;CM009001;Dja-et-Lobo;CM009001007;Sangmelima;Koum;village
cameroun;CM009;Sud;CM009001;Dja-et-Lobo;CM009001007;Sangmelima;Mkomo;village
cameroun;CM009;Sud;CM009001;Dja-et-Lobo;CM009001003;Meyomessala;Ndjom-Esse;village
cameroun;CM009;Sud;CM009001;Dja-et-Lobo;CM009001007;Sangmelima;Mezesse;village
cameroun;CM009;Sud;CM009001;Dja-et-Lobo;CM009001003;Meyomessala;Keka;village
cameroun;CM009;Sud;CM009001;Dja-et-Lobo;CM009001003;Meyomessala;Esam;village
cameroun;CM009;Sud;CM009001;Dja-et-Lobo;CM009001003;Meyomessala;Mvanebisson;village
cameroun;CM009;Sud;CM009001;Dja-et-Lobo;CM009001003;Meyomessala;Doumambang;village
cameroun;CM009;Sud;CM009001;Dja-et-Lobo;CM009001003;Meyomessala;Ndonkol;village
cameroun;CM009;Sud;CM009001;Dja-et-Lobo;CM009001003;Meyomessala;Tekmo;village
cameroun;CM009;Sud;CM009001;Dja-et-Lobo;CM009001003;Meyomessala;Atout;village
cameroun;CM009;Sud;CM009001;Dja-et-Lobo;CM009001003;Meyomessala;Nkout;village
cameroun;CM009;Sud;CM009001;Dja-et-Lobo;CM009001003;Meyomessala;Loum;village
cameroun;CM009;Sud;CM009001;Dja-et-Lobo;CM009001003;Meyomessala;Ngat;village
cameroun;CM009;Sud;CM009001;Dja-et-Lobo;CM009001003;Meyomessala;Alen;village
cameroun;CM009;Sud;CM009001;Dja-et-Lobo;CM009001003;Meyomessala;Bikoko;village
cameroun;CM009;Sud;CM009001;Dja-et-Lobo;CM009001003;Meyomessala;Ovensi;village
cameroun;CM009;Sud;CM009001;Dja-et-Lobo;CM009001003;Meyomessala;Ngoundou;village
cameroun;CM009;Sud;CM009001;Dja-et-Lobo;CM009001003;Meyomessala;Nkonmekak;village
cameroun;CM009;Sud;CM009001;Dja-et-Lobo;CM009001003;Meyomessala;Ngoassee;village
cameroun;CM009;Sud;CM009001;Dja-et-Lobo;CM009001003;Meyomessala;Mimbang;village
cameroun;CM009;Sud;CM009001;Dja-et-Lobo;CM009001003;Meyomessala;Essong;village
cameroun;CM009;Sud;CM009001;Dja-et-Lobo;CM009001003;Meyomessala;Meyos;village
cameroun;CM009;Sud;CM009001;Dja-et-Lobo;CM009001003;Meyomessala;Meza II;village
cameroun;CM009;Sud;CM009001;Dja-et-Lobo;CM009001003;Meyomessala;Meza I;village
cameroun;CM009;Sud;CM009001;Dja-et-Lobo;CM009001003;Meyomessala;Melan;village
cameroun;CM009;Sud;CM009001;Dja-et-Lobo;CM009001003;Meyomessala;Esson;village
cameroun;CM009;Sud;CM009001;Dja-et-Lobo;CM009001003;Meyomessala;Yekombo;village
cameroun;CM009;Sud;CM009001;Dja-et-Lobo;CM009001003;Meyomessala;Ekong;village
cameroun;CM009;Sud;CM009001;Dja-et-Lobo;CM009001003;Meyomessala;Kaka;village
cameroun;CM009;Sud;CM009001;Dja-et-Lobo;CM009001003;Meyomessala;Bingong;village
cameroun;CM009;Sud;CM009001;Dja-et-Lobo;CM009001003;Meyomessala;Koum Yetotan;village
cameroun;CM009;Sud;CM009001;Dja-et-Lobo;CM009001003;Meyomessala;Mbamang;village
cameroun;CM009;Sud;CM009001;Dja-et-Lobo;CM009001003;Meyomessala;Mbame;village
cameroun;CM009;Sud;CM009001;Dja-et-Lobo;CM009001003;Meyomessala;Ngat;village
cameroun;CM009;Sud;CM009001;Dja-et-Lobo;CM009001003;Meyomessala;Meyomessala;town
cameroun;CM009;Sud;CM009001;Dja-et-Lobo;CM009001003;Meyomessala;Anyoungan;village
cameroun;CM009;Sud;CM009001;Dja-et-Lobo;CM009001003;Meyomessala;Ongongoo;village
cameroun;CM009;Sud;CM009001;Dja-et-Lobo;CM009001003;Meyomessala;Meyos;village
cameroun;CM009;Sud;CM009001;Dja-et-Lobo;CM009001003;Meyomessala;Bibouloumam;village
cameroun;CM009;Sud;CM009001;Dja-et-Lobo;CM009001003;Meyomessala;Mengom;village
cameroun;CM009;Sud;CM009001;Dja-et-Lobo;CM009001003;Meyomessala;Ebolakoundu;village
cameroun;CM009;Sud;CM009001;Dja-et-Lobo;CM009001003;Meyomessala;Efoulan I;village
cameroun;CM009;Sud;CM009001;Dja-et-Lobo;CM009001003;Meyomessala;Mbe'lon;village
cameroun;CM009;Sud;CM009001;Dja-et-Lobo;CM009001003;Meyomessala;Efoulan II;village
cameroun;CM009;Sud;CM009001;Dja-et-Lobo;CM009001003;Meyomessala;Eton;village
cameroun;CM009;Sud;CM009001;Dja-et-Lobo;CM009001003;Meyomessala;Meyos;village
cameroun;CM009;Sud;CM009001;Dja-et-Lobo;CM009001003;Meyomessala;Nremeyong II;village
cameroun;CM009;Sud;CM009001;Dja-et-Lobo;CM009001003;Meyomessala;Bibas;village
cameroun;CM009;Sud;CM009001;Dja-et-Lobo;CM009001003;Meyomessala;Mebame;village
cameroun;CM009;Sud;CM009001;Dja-et-Lobo;CM009001003;Meyomessala;Messok;village
cameroun;CM009;Sud;CM009001;Dja-et-Lobo;CM009001003;Meyomessala;Andom;village
cameroun;CM009;Sud;CM009001;Dja-et-Lobo;CM009001003;Meyomessala;Nnemeyong I;village
cameroun;CM009;Sud;CM009001;Dja-et-Lobo;CM009001003;Meyomessala;Bidjong;village
cameroun;CM009;Sud;CM009001;Dja-et-Lobo;CM009001003;Meyomessala;Foulassi;village
cameroun;CM009;Sud;CM009001;Dja-et-Lobo;CM009001003;Meyomessala;Akoa'afan;village
cameroun;CM009;Sud;CM009001;Dja-et-Lobo;CM009001003;Meyomessala;Biba Yezoum;village
cameroun;CM009;Sud;CM009001;Dja-et-Lobo;CM009001003;Meyomessala;Ayen;village
cameroun;CM009;Sud;CM009001;Dja-et-Lobo;CM009001003;Meyomessala;Ababendom;village
cameroun;CM009;Sud;CM009001;Dja-et-Lobo;CM009001003;Meyomessala;Mendo'o;village
cameroun;CM009;Sud;CM009001;Dja-et-Lobo;CM009001003;Meyomessala;Mvomeka'a;village
cameroun;CM009;Sud;CM009001;Dja-et-Lobo;CM009001003;Meyomessala;Akok;village
cameroun;CM009;Sud;CM009001;Dja-et-Lobo;CM009001003;Meyomessala;Nko;village
cameroun;CM009;Sud;CM009001;Dja-et-Lobo;CM009001003;Meyomessala;Mengueme;village
cameroun;CM009;Sud;CM009001;Dja-et-Lobo;CM009001003;Meyomessala;Meyomakot;village
cameroun;CM009;Sud;CM009001;Dja-et-Lobo;CM009001003;Meyomessala;Nkout;village
cameroun;CM009;Sud;CM009001;Dja-et-Lobo;CM009001003;Meyomessala;Melok;village
cameroun;CM009;Sud;CM009001;Dja-et-Lobo;CM009001003;Meyomessala;Mbilemvom;village
cameroun;CM009;Sud;CM009001;Dja-et-Lobo;CM009001003;Meyomessala;Mvia;village
cameroun;CM009;Sud;CM009001;Dja-et-Lobo;CM009001003;Meyomessala;Amvom;village
cameroun;CM009;Sud;CM009001;Dja-et-Lobo;CM009001003;Meyomessala;Mbamba;village
cameroun;CM009;Sud;CM009001;Dja-et-Lobo;CM009001003;Meyomessala;Ngbandam;village
cameroun;CM009;Sud;CM009001;Dja-et-Lobo;CM009001003;Meyomessala;Endam;village
cameroun;CM009;Sud;CM009001;Dja-et-Lobo;CM009001003;Meyomessala;Mengon;village
cameroun;CM009;Sud;CM009001;Dja-et-Lobo;CM009001003;Meyomessala;Tatching;village
cameroun;CM009;Sud;CM009001;Dja-et-Lobo;CM009001003;Meyomessala;Yos;village
cameroun;CM009;Sud;CM009001;Dja-et-Lobo;CM009001003;Meyomessala;Dpou;village
cameroun;CM009;Sud;CM009001;Dja-et-Lobo;CM009001003;Meyomessala;Ele;village
cameroun;CM009;Sud;CM009001;Dja-et-Lobo;CM009001003;Meyomessala;Essaobam;village
cameroun;CM009;Sud;CM009001;Dja-et-Lobo;CM009001003;Meyomessala;Nganga;village
cameroun;CM009;Sud;CM009001;Dja-et-Lobo;CM009001003;Meyomessala;Nmyong;village
cameroun;CM009;Sud;CM009001;Dja-et-Lobo;CM009001003;Meyomessala;Mintima;village
cameroun;CM009;Sud;CM009001;Dja-et-Lobo;CM009001003;Meyomessala;Memvae;village
cameroun;CM009;Sud;CM009001;Dja-et-Lobo;CM009001003;Meyomessala;Mven;village
cameroun;CM009;Sud;CM009001;Dja-et-Lobo;CM009001003;Meyomessala;Bity;village
cameroun;CM009;Sud;CM009001;Dja-et-Lobo;CM009001003;Meyomessala;Edjom;village
cameroun;CM009;Sud;CM009001;Dja-et-Lobo;CM009001003;Meyomessala;Nkay;village
cameroun;CM009;Sud;CM009001;Dja-et-Lobo;CM009001003;Meyomessala;Kal;village
cameroun;CM009;Sud;CM009001;Dja-et-Lobo;CM009001003;Meyomessala;Samari;village
cameroun;CM009;Sud;CM009001;Dja-et-Lobo;CM009001003;Meyomessala;Ebang;village
cameroun;CM009;Sud;CM009001;Dja-et-Lobo;CM009001003;Meyomessala;Akom;village
cameroun;CM009;Sud;CM009001;Dja-et-Lobo;CM009001003;Meyomessala;Ndjikom;village
cameroun;CM009;Sud;CM009001;Dja-et-Lobo;CM009001003;Meyomessala;Lang;village
cameroun;CM009;Sud;CM009001;Dja-et-Lobo;CM009001001;Bengbis;Nkoulaze;village
cameroun;CM009;Sud;CM009001;Dja-et-Lobo;CM009001001;Bengbis;Nkolando'a;village
cameroun;CM009;Sud;CM009001;Dja-et-Lobo;CM009001001;Bengbis;Mvo';village
cameroun;CM009;Sud;CM009001;Dja-et-Lobo;CM009001001;Bengbis;Koungoulou;village
cameroun;CM009;Sud;CM009001;Dja-et-Lobo;CM009001001;Bengbis;Mkas;village
cameroun;CM009;Sud;CM009001;Dja-et-Lobo;CM009001001;Bengbis;Meka'a;village
cameroun;CM009;Sud;CM009001;Dja-et-Lobo;CM009001001;Bengbis;Nyabizou;village
cameroun;CM009;Sud;CM009001;Dja-et-Lobo;CM009001001;Bengbis;Mimbi;village
cameroun;CM009;Sud;CM009001;Dja-et-Lobo;CM009001001;Bengbis;Nsimalen;village
cameroun;CM009;Sud;CM009001;Dja-et-Lobo;CM009001001;Bengbis;Nklembambe;village
cameroun;CM009;Sud;CM009001;Dja-et-Lobo;CM009001001;Bengbis;Nklsabe;village
cameroun;CM009;Sud;CM009001;Dja-et-Lobo;CM009001001;Bengbis;Nkoumbadjap;village
cameroun;CM009;Sud;CM009001;Dja-et-Lobo;CM009001001;Bengbis;Biton;village
cameroun;CM009;Sud;CM009001;Dja-et-Lobo;CM009001001;Bengbis;Mimbi;village
cameroun;CM009;Sud;CM009001;Dja-et-Lobo;CM009001003;Meyomessala;Mekin;village
cameroun;CM009;Sud;CM009001;Dja-et-Lobo;CM009001003;Meyomessala;Village 9;village
cameroun;CM009;Sud;CM009001;Dja-et-Lobo;CM009001003;Meyomessala;Village 2;village
cameroun;CM009;Sud;CM009001;Dja-et-Lobo;CM009001003;Meyomessala;Junior Staff;village
cameroun;CM009;Sud;CM009001;Dja-et-Lobo;CM009001003;Meyomessala;Village 1;village
cameroun;CM009;Sud;CM009001;Dja-et-Lobo;CM009001001;Bengbis;Akom Ndong;village
cameroun;CM009;Sud;CM009001;Dja-et-Lobo;CM009001003;Meyomessala;Nlobess;village
cameroun;CM009;Sud;CM009001;Dja-et-Lobo;CM009001003;Meyomessala;Village 4;village
cameroun;CM009;Sud;CM009001;Dja-et-Lobo;CM009001003;Meyomessala;Village 8;village
cameroun;CM009;Sud;CM009001;Dja-et-Lobo;CM009001003;Meyomessala;Nkolakiba;village
cameroun;CM009;Sud;CM009001;Dja-et-Lobo;CM009001003;Meyomessala;Minko;village
cameroun;CM009;Sud;CM009001;Dja-et-Lobo;CM009001003;Meyomessala;Zoumeyoo;village
cameroun;CM009;Sud;CM009001;Dja-et-Lobo;CM009001003;Meyomessala;Ndibissong;village
cameroun;CM009;Sud;CM009001;Dja-et-Lobo;CM009001003;Meyomessala;Mekomo;village
cameroun;CM009;Sud;CM009001;Dja-et-Lobo;CM009001003;Meyomessala;Koumangold;village
cameroun;CM009;Sud;CM009001;Dja-et-Lobo;CM009001003;Meyomessala;Ekok;village
cameroun;CM009;Sud;CM009001;Dja-et-Lobo;CM009001003;Meyomessala;Efoulan;village
cameroun;CM009;Sud;CM009001;Dja-et-Lobo;CM009001001;Bengbis;Yemeyeme II;village
cameroun;CM009;Sud;CM009001;Dja-et-Lobo;CM009001001;Bengbis;Nydangbassa;village
cameroun;CM009;Sud;CM009001;Dja-et-Lobo;CM009001001;Bengbis;Bengbis II;village
cameroun;CM009;Sud;CM009001;Dja-et-Lobo;CM009001001;Bengbis;Doumbenyan;village
cameroun;CM009;Sud;CM009001;Dja-et-Lobo;CM009001001;Bengbis;Ewot;village
cameroun;CM009;Sud;CM009001;Dja-et-Lobo;CM009001001;Bengbis;Bengbis I;village
cameroun;CM009;Sud;CM009001;Dja-et-Lobo;CM009001001;Bengbis;Bengbis;town
cameroun;CM009;Sud;CM009001;Dja-et-Lobo;CM009001001;Bengbis;Yanda;village
cameroun;CM009;Sud;CM009001;Dja-et-Lobo;CM009001001;Bengbis;Metom;village
cameroun;CM009;Sud;CM009001;Dja-et-Lobo;CM009001001;Bengbis;Messeng;village
cameroun;CM009;Sud;CM009001;Dja-et-Lobo;CM009001001;Bengbis;Nkout;village
cameroun;CM009;Sud;CM009001;Dja-et-Lobo;CM009001001;Bengbis;Kam;village
cameroun;CM009;Sud;CM009001;Dja-et-Lobo;CM009001001;Bengbis;Evindissii;village
cameroun;CM009;Sud;CM009001;Dja-et-Lobo;CM009001001;Bengbis;Nkolmeka;village
cameroun;CM009;Sud;CM009001;Dja-et-Lobo;CM009001001;Bengbis;Nyabizou;village
cameroun;CM009;Sud;CM009001;Dja-et-Lobo;CM009001001;Bengbis;Bissombo;village
cameroun;CM009;Sud;CM009001;Dja-et-Lobo;CM009001001;Bengbis;Nyabizou;village
cameroun;CM009;Sud;CM009001;Dja-et-Lobo;CM009001001;Bengbis;Ngalemedjap;village
cameroun;CM003;Est;CM003002;Haut-Nyong;CM003002010;Messamena;Ndjibot;village
cameroun;CM003;Est;CM003002;Haut-Nyong;CM003002010;Messamena;Ngoulminanga;village
cameroun;CM009;Sud;CM009001;Dja-et-Lobo;CM009001001;Bengbis;Oyem;village
cameroun;CM009;Sud;CM009001;Dja-et-Lobo;CM009001001;Bengbis;Akam II;village
cameroun;CM009;Sud;CM009001;Dja-et-Lobo;CM009001001;Bengbis;Akam II;village
cameroun;CM009;Sud;CM009001;Dja-et-Lobo;CM009001001;Bengbis;Mvakoua;village
cameroun;CM009;Sud;CM009001;Dja-et-Lobo;CM009001001;Bengbis;Mimbang;village
cameroun;CM009;Sud;CM009001;Dja-et-Lobo;CM009001001;Bengbis;Assok;village
cameroun;CM009;Sud;CM009001;Dja-et-Lobo;CM009001001;Bengbis;Ngounayos;village
cameroun;CM009;Sud;CM009001;Dja-et-Lobo;CM009001001;Bengbis;Nkolando;village
cameroun;CM009;Sud;CM009001;Dja-et-Lobo;CM009001001;Bengbis;Melondo;village
cameroun;CM009;Sud;CM009001;Dja-et-Lobo;CM009001001;Bengbis;Ngobissong;village
cameroun;CM009;Sud;CM009001;Dja-et-Lobo;CM009001001;Bengbis;Mess;village
cameroun;CM009;Sud;CM009001;Dja-et-Lobo;CM009001001;Bengbis;Bibinda;village
cameroun;CM009;Sud;CM009001;Dja-et-Lobo;CM009001001;Bengbis;Mboum;village
cameroun;CM003;Est;CM003002;Haut-Nyong;CM003002010;Messamena;Massiel Makok;village
cameroun;CM003;Est;CM003002;Haut-Nyong;CM003002010;Messamena;Makak;village
cameroun;CM003;Est;CM003002;Haut-Nyong;CM003002010;Messamena;Alouma;village
cameroun;CM003;Est;CM003002;Haut-Nyong;CM003002010;Messamena;Massiel Te'emoo;village
cameroun;CM003;Est;CM003002;Haut-Nyong;CM003002010;Messamena;Mang;village
cameroun;CM003;Est;CM003002;Haut-Nyong;CM003002010;Messamena;Nemeyong;village
cameroun;CM003;Est;CM003002;Haut-Nyong;CM003002010;Messamena;Komba II;village
cameroun;CM002;Centre;CM002009;Nyong-et-Mfoumou;CM002009001;Akonolinga;Melan;village
cameroun;CM002;Centre;CM002009;Nyong-et-Mfoumou;CM002009001;Akonolinga;Biyoka;village
cameroun;CM002;Centre;CM002009;Nyong-et-Mfoumou;CM002009001;Akonolinga;Tomba;village
cameroun;CM002;Centre;CM002009;Nyong-et-Mfoumou;CM002009001;Akonolinga;Ntonga;village
cameroun;CM002;Centre;CM002009;Nyong-et-Mfoumou;CM002009001;Akonolinga;Yanda;village
cameroun;CM002;Centre;CM002009;Nyong-et-Mfoumou;CM002009001;Akonolinga;Ekomba;village
cameroun;CM009;Sud;CM009001;Dja-et-Lobo;CM009001001;Bengbis;Bikanga;village
cameroun;CM009;Sud;CM009001;Dja-et-Lobo;CM009001001;Bengbis;Ngoafemekong;village
cameroun;CM009;Sud;CM009001;Dja-et-Lobo;CM009001001;Bengbis;Ekoutou;village
cameroun;CM009;Sud;CM009001;Dja-et-Lobo;CM009001001;Bengbis;Messe;village
cameroun;CM009;Sud;CM009001;Dja-et-Lobo;CM009001001;Bengbis;Djeng;village
cameroun;CM009;Sud;CM009001;Dja-et-Lobo;CM009001001;Bengbis;Djeng;village
cameroun;CM009;Sud;CM009001;Dja-et-Lobo;CM009001001;Bengbis;Ebodoumo;village
cameroun;CM009;Sud;CM009001;Dja-et-Lobo;CM009001001;Bengbis;Endal;village
cameroun;CM002;Centre;CM002009;Nyong-et-Mfoumou;CM002009001;Akonolinga;Teng;village
cameroun;CM009;Sud;CM009001;Dja-et-Lobo;CM009001001;Bengbis;Meka'a;village
cameroun;CM009;Sud;CM009001;Dja-et-Lobo;CM009001001;Bengbis;Olembe;village
cameroun;CM009;Sud;CM009001;Dja-et-Lobo;CM009001001;Bengbis;Ndoundou;village
cameroun;CM009;Sud;CM009001;Dja-et-Lobo;CM009001001;Bengbis;Mindimi;village
cameroun;CM009;Sud;CM009001;Dja-et-Lobo;CM009001001;Bengbis;Ando'o;village
cameroun;CM009;Sud;CM009001;Dja-et-Lobo;CM009001001;Bengbis;Minla'a;village
cameroun;CM009;Sud;CM009001;Dja-et-Lobo;CM009001001;Bengbis;Meba;village
cameroun;CM009;Sud;CM009001;Dja-et-Lobo;CM009001001;Bengbis;Meyos;village
cameroun;CM009;Sud;CM009001;Dja-et-Lobo;CM009001001;Bengbis;Ongolzok;village
cameroun;CM009;Sud;CM009001;Dja-et-Lobo;CM009001001;Bengbis;Douma;village
cameroun;CM002;Centre;CM002009;Nyong-et-Mfoumou;CM002009001;Akonolinga;Kan;village
cameroun;CM002;Centre;CM002009;Nyong-et-Mfoumou;CM002009001;Akonolinga;Mvan;village
cameroun;CM002;Centre;CM002009;Nyong-et-Mfoumou;CM002009001;Akonolinga;Eyenguele;village
cameroun;CM002;Centre;CM002009;Nyong-et-Mfoumou;CM002009001;Akonolinga;Yemeyeme;village
cameroun;CM002;Centre;CM002009;Nyong-et-Mfoumou;CM002009001;Akonolinga;Mbaldjan;village
cameroun;CM002;Centre;CM002009;Nyong-et-Mfoumou;CM002009001;Akonolinga;Medzek;village
cameroun;CM002;Centre;CM002009;Nyong-et-Mfoumou;CM002009001;Akonolinga;Mingueme;village
cameroun;CM002;Centre;CM002009;Nyong-et-Mfoumou;CM002009003;Endom;Atong;village
cameroun;CM002;Centre;CM002009;Nyong-et-Mfoumou;CM002009003;Endom;Ndjandouan;village
cameroun;CM009;Sud;CM009001;Dja-et-Lobo;CM009001001;Bengbis;Ngonbeme;village
cameroun;CM009;Sud;CM009001;Dja-et-Lobo;CM009001001;Bengbis;Mebomo;village
cameroun;CM009;Sud;CM009001;Dja-et-Lobo;CM009001001;Bengbis;Yemeyeme I;village
cameroun;CM009;Sud;CM009001;Dja-et-Lobo;CM009001001;Bengbis;Endam;village
cameroun;CM009;Sud;CM009001;Dja-et-Lobo;CM009001001;Bengbis;Tsizok;village
cameroun;CM009;Sud;CM009001;Dja-et-Lobo;CM009001001;Bengbis;Mbometa'a;village
cameroun;CM009;Sud;CM009001;Dja-et-Lobo;CM009001001;Bengbis;Teng II;village
cameroun;CM009;Sud;CM009001;Dja-et-Lobo;CM009001001;Bengbis;Ykomba;village
cameroun;CM009;Sud;CM009001;Dja-et-Lobo;CM009001001;Bengbis;Ewolombama;village
cameroun;CM009;Sud;CM009001;Dja-et-Lobo;CM009001001;Bengbis;Zelngang;village
cameroun;CM009;Sud;CM009001;Dja-et-Lobo;CM009001003;Meyomessala;Zouameyong;village
cameroun;CM009;Sud;CM009001;Dja-et-Lobo;CM009001003;Meyomessala;Mvo'obela;village
cameroun;CM009;Sud;CM009001;Dja-et-Lobo;CM009001003;Meyomessala;Assok;village
cameroun;CM009;Sud;CM009001;Dja-et-Lobo;CM009001003;Meyomessala;Nko'ontonda;village
cameroun;CM009;Sud;CM009001;Dja-et-Lobo;CM009001003;Meyomessala;Nkolndam;village
cameroun;CM002;Centre;CM002009;Nyong-et-Mfoumou;CM002009003;Endom;Eyek I;village
cameroun;CM002;Centre;CM002009;Nyong-et-Mfoumou;CM002009003;Endom;Bitsok;village
cameroun;CM002;Centre;CM002009;Nyong-et-Mfoumou;CM002009003;Endom;Ekoudou;village
cameroun;CM002;Centre;CM002009;Nyong-et-Mfoumou;CM002009003;Endom;Bitetele;village
cameroun;CM009;Sud;CM009001;Dja-et-Lobo;CM009001003;Meyomessala;Biyebe;village
cameroun;CM009;Sud;CM009001;Dja-et-Lobo;CM009001003;Meyomessala;Mbaanlam;village
cameroun;CM009;Sud;CM009001;Dja-et-Lobo;CM009001003;Meyomessala;Efoulan II;village
cameroun;CM002;Centre;CM002009;Nyong-et-Mfoumou;CM002009003;Endom;Nkoumadjap III;village
cameroun;CM009;Sud;CM009001;Dja-et-Lobo;CM009001008;Zoetele;Biba;village
cameroun;CM009;Sud;CM009001;Dja-et-Lobo;CM009001008;Zoetele;Yem;village
cameroun;CM009;Sud;CM009001;Dja-et-Lobo;CM009001008;Zoetele;Biba;village
cameroun;CM002;Centre;CM002009;Nyong-et-Mfoumou;CM002009003;Endom;Efoulan;village
cameroun;CM002;Centre;CM002009;Nyong-et-Mfoumou;CM002009003;Endom;Medjeme I;village
cameroun;CM002;Centre;CM002009;Nyong-et-Mfoumou;CM002009003;Endom;Endom;town
cameroun;CM002;Centre;CM002009;Nyong-et-Mfoumou;CM002009003;Endom;Zoulou;village
cameroun;CM002;Centre;CM002009;Nyong-et-Mfoumou;CM002009003;Endom;Monengombo;village
cameroun;CM002;Centre;CM002009;Nyong-et-Mfoumou;CM002009003;Endom;Ekomba;village
cameroun;CM002;Centre;CM002009;Nyong-et-Mfoumou;CM002009003;Endom;Tombo;village
cameroun;CM002;Centre;CM002009;Nyong-et-Mfoumou;CM002009001;Akonolinga;Yem;village
cameroun;CM002;Centre;CM002009;Nyong-et-Mfoumou;CM002009001;Akonolinga;Bidjong;village
cameroun;CM002;Centre;CM002009;Nyong-et-Mfoumou;CM002009001;Akonolinga;Bong;village
cameroun;CM002;Centre;CM002009;Nyong-et-Mfoumou;CM002009001;Akonolinga;Ekoumdoum;village
cameroun;CM002;Centre;CM002009;Nyong-et-Mfoumou;CM002009001;Akonolinga;Ebolowo'o;village
cameroun;CM002;Centre;CM002009;Nyong-et-Mfoumou;CM002009001;Akonolinga;Akwa;village
cameroun;CM002;Centre;CM002009;Nyong-et-Mfoumou;CM002009001;Akonolinga;So;village
cameroun;CM002;Centre;CM002009;Nyong-et-Mfoumou;CM002009001;Akonolinga;Nkoldje;village
cameroun;CM002;Centre;CM002009;Nyong-et-Mfoumou;CM002009001;Akonolinga;Ndjonmedjap;village
cameroun;CM002;Centre;CM002009;Nyong-et-Mfoumou;CM002009001;Akonolinga;Mbili;village
cameroun;CM002;Centre;CM002009;Nyong-et-Mfoumou;CM002009001;Akonolinga;Medoumou;village
cameroun;CM002;Centre;CM002009;Nyong-et-Mfoumou;CM002009001;Akonolinga;Andom;village
cameroun;CM002;Centre;CM002009;Nyong-et-Mfoumou;CM002009004;Mengang;Ekoko;village
cameroun;CM004;Extrme-Nord;CM004006;Mayo-Tsanaga;CM004006003;Koza;Matamaya;village
cameroun;CM004;Extrme-Nord;CM004006;Mayo-Tsanaga;CM004006003;Koza;Dakotcher;village
cameroun;CM004;Extrme-Nord;CM004006;Mayo-Tsanaga;CM004006003;Koza;Galdala;village
cameroun;CM004;Extrme-Nord;CM004006;Mayo-Tsanaga;CM004006003;Koza;Talla Malloum;village
cameroun;CM004;Extrme-Nord;CM004006;Mayo-Tsanaga;CM004006003;Koza;Talla_malloum;village
cameroun;CM004;Extrme-Nord;CM004006;Mayo-Tsanaga;CM004006003;Koza;Yamede Centre;village
cameroun;CM004;Extrme-Nord;CM004006;Mayo-Tsanaga;CM004006003;Koza;Gaboua;village
cameroun;CM004;Extrme-Nord;CM004006;Mayo-Tsanaga;CM004006003;Koza;Yamede Gaboua;village
cameroun;CM004;Extrme-Nord;CM004006;Mayo-Tsanaga;CM004006003;Koza;Hirche;village
cameroun;CM004;Extrme-Nord;CM004005;Mayo-Sava;CM004005002;Mora;Kotcherehe;village
cameroun;CM004;Extrme-Nord;CM004005;Mayo-Sava;CM004005002;Mora;Katoua;village
cameroun;CM004;Extrme-Nord;CM004005;Mayo-Sava;CM004005001;Kolofata;Kouyap;village
cameroun;CM004;Extrme-Nord;CM004006;Mayo-Tsanaga;CM004006003;Koza;Goldavi;village
cameroun;CM004;Extrme-Nord;CM004006;Mayo-Tsanaga;CM004006004;Mayo-Moskota;Kaliari;village
cameroun;CM004;Extrme-Nord;CM004006;Mayo-Tsanaga;CM004006003;Koza;Nguetchewe;village
cameroun;CM004;Extrme-Nord;CM004006;Mayo-Tsanaga;CM004006003;Koza;Korsamba;village
cameroun;CM004;Extrme-Nord;CM004006;Mayo-Tsanaga;CM004006003;Koza;Wagza Gabas;village
cameroun;CM004;Extrme-Nord;CM004006;Mayo-Tsanaga;CM004006004;Mayo-Moskota;Djimeta;village
cameroun;CM004;Extrme-Nord;CM004006;Mayo-Tsanaga;CM004006004;Mayo-Moskota;Mbaljouel;village
cameroun;CM004;Extrme-Nord;CM004006;Mayo-Tsanaga;CM004006004;Mayo-Moskota;Goledje;village
cameroun;CM004;Extrme-Nord;CM004006;Mayo-Tsanaga;CM004006004;Mayo-Moskota;Vouzi;village
cameroun;CM004;Extrme-Nord;CM004006;Mayo-Tsanaga;CM004006004;Mayo-Moskota;Dzaba;village
cameroun;CM004;Extrme-Nord;CM004006;Mayo-Tsanaga;CM004006004;Mayo-Moskota;Mozogo;town
cameroun;CM004;Extrme-Nord;CM004006;Mayo-Tsanaga;CM004006003;Koza;Guedjele;village
cameroun;CM004;Extrme-Nord;CM004006;Mayo-Tsanaga;CM004006003;Koza;Modoko;village
cameroun;CM004;Extrme-Nord;CM004006;Mayo-Tsanaga;CM004006003;Koza;Gutal;village
cameroun;CM004;Extrme-Nord;CM004006;Mayo-Tsanaga;CM004006003;Koza;Galdala Zler;village
cameroun;CM004;Extrme-Nord;CM004006;Mayo-Tsanaga;CM004006003;Koza;Koza;town
cameroun;CM004;Extrme-Nord;CM004006;Mayo-Tsanaga;CM004006003;Koza;Koza Casiers;village
cameroun;CM004;Extrme-Nord;CM004006;Mayo-Tsanaga;CM004006003;Koza;Oulad;village
cameroun;CM004;Extrme-Nord;CM004006;Mayo-Tsanaga;CM004006003;Koza;Mazi;village
cameroun;CM004;Extrme-Nord;CM004006;Mayo-Tsanaga;CM004006003;Koza;Modoko_dza;village
cameroun;CM004;Extrme-Nord;CM004006;Mayo-Tsanaga;CM004006003;Koza;Mandoussa_centre;village
cameroun;CM004;Extrme-Nord;CM004006;Mayo-Tsanaga;CM004006003;Koza;Ouzal;village
cameroun;CM004;Extrme-Nord;CM004006;Mayo-Tsanaga;CM004006003;Koza;Modoko Kirbi;village
cameroun;CM004;Extrme-Nord;CM004006;Mayo-Tsanaga;CM004006003;Koza;Modoko Dza'a;village
cameroun;CM004;Extrme-Nord;CM004006;Mayo-Tsanaga;CM004006003;Koza;Medeguer;village
cameroun;CM004;Extrme-Nord;CM004006;Mayo-Tsanaga;CM004006003;Koza;Moskota;village
cameroun;CM004;Extrme-Nord;CM004006;Mayo-Tsanaga;CM004006003;Koza;Mandoussa_dza;village
cameroun;CM004;Extrme-Nord;CM004006;Mayo-Tsanaga;CM004006003;Koza;Gouzda_wayam;village
cameroun;CM004;Extrme-Nord;CM004006;Mayo-Tsanaga;CM004006004;Mayo-Moskota;Tchb-Tchb;village
cameroun;CM004;Extrme-Nord;CM004006;Mayo-Tsanaga;CM004006004;Mayo-Moskota;Daouchouf;village
cameroun;CM004;Extrme-Nord;CM004006;Mayo-Tsanaga;CM004006004;Mayo-Moskota;Zeleved;village
cameroun;CM004;Extrme-Nord;CM004006;Mayo-Tsanaga;CM004006006;Mokolo;Tourou;village
cameroun;CM004;Extrme-Nord;CM004006;Mayo-Tsanaga;CM004006006;Mokolo;Mavouma;village
cameroun;CM004;Extrme-Nord;CM004006;Mayo-Tsanaga;CM004006006;Mokolo;Chougoule;village
cameroun;CM004;Extrme-Nord;CM004006;Mayo-Tsanaga;CM004006006;Mokolo;Ldoubam;village
cameroun;CM004;Extrme-Nord;CM004006;Mayo-Tsanaga;CM004006006;Mokolo;Ldamang;village
cameroun;CM004;Extrme-Nord;CM004006;Mayo-Tsanaga;CM004006006;Mokolo;Wandai Woulla;village
cameroun;CM004;Extrme-Nord;CM004006;Mayo-Tsanaga;CM004006006;Mokolo;Wandai;village
cameroun;CM004;Extrme-Nord;CM004006;Mayo-Tsanaga;CM004006006;Mokolo;Mouftoum;village
cameroun;CM004;Extrme-Nord;CM004006;Mayo-Tsanaga;CM004006006;Mokolo;Karanchi;village
cameroun;CM004;Extrme-Nord;CM004006;Mayo-Tsanaga;CM004006006;Mokolo;Mayo_sanganare;village
cameroun;CM004;Extrme-Nord;CM004006;Mayo-Tsanaga;CM004006006;Mokolo;Gouria;village
cameroun;CM004;Extrme-Nord;CM004006;Mayo-Tsanaga;CM004006006;Mokolo;Kossehone;village
cameroun;CM004;Extrme-Nord;CM004006;Mayo-Tsanaga;CM004006006;Mokolo;Gorai;village
cameroun;CM004;Extrme-Nord;CM004006;Mayo-Tsanaga;CM004006006;Mokolo;Woudkia;village
cameroun;CM004;Extrme-Nord;CM004006;Mayo-Tsanaga;CM004006006;Mokolo;Sirak;village
cameroun;CM004;Extrme-Nord;CM004006;Mayo-Tsanaga;CM004006006;Mokolo;Mofole;village
cameroun;CM004;Extrme-Nord;CM004006;Mayo-Tsanaga;CM004006006;Mokolo;Vouzod;village
cameroun;CM004;Extrme-Nord;CM004006;Mayo-Tsanaga;CM004006003;Koza;Gousda Depute;village
cameroun;CM004;Extrme-Nord;CM004006;Mayo-Tsanaga;CM004006003;Koza;Rouva;village
cameroun;CM004;Extrme-Nord;CM004006;Mayo-Tsanaga;CM004006003;Koza;Gouzda M'lay;village
cameroun;CM004;Extrme-Nord;CM004006;Mayo-Tsanaga;CM004006003;Koza;Gouzda 1;village
cameroun;CM004;Extrme-Nord;CM004006;Mayo-Tsanaga;CM004006006;Mokolo;Mokola;village
cameroun;CM004;Extrme-Nord;CM004006;Mayo-Tsanaga;CM004006006;Mokolo;Dzavaya;village
cameroun;CM004;Extrme-Nord;CM004006;Mayo-Tsanaga;CM004006006;Mokolo;Dalbai;village
cameroun;CM004;Extrme-Nord;CM004006;Mayo-Tsanaga;CM004006006;Mokolo;Midre;village
cameroun;CM004;Extrme-Nord;CM004006;Mayo-Tsanaga;CM004006003;Koza;Makandai;village
cameroun;CM004;Extrme-Nord;CM004006;Mayo-Tsanaga;CM004006003;Koza;Djingliya;village
cameroun;CM002;Centre;CM002009;Nyong-et-Mfoumou;CM002009004;Mengang;Biyombo;village
cameroun;CM002;Centre;CM002009;Nyong-et-Mfoumou;CM002009004;Mengang;Awa;village
cameroun;CM002;Centre;CM002009;Nyong-et-Mfoumou;CM002009004;Mengang;Nkoamvoan;village
cameroun;CM002;Centre;CM002009;Nyong-et-Mfoumou;CM002009004;Mengang;Ekok;village
cameroun;CM002;Centre;CM002009;Nyong-et-Mfoumou;CM002009004;Mengang;Ndl;village
cameroun;CM002;Centre;CM002009;Nyong-et-Mfoumou;CM002009004;Mengang;Mengouou;village
cameroun;CM002;Centre;CM002009;Nyong-et-Mfoumou;CM002009004;Mengang;Essong;village
cameroun;CM002;Centre;CM002009;Nyong-et-Mfoumou;CM002009001;Akonolinga;Bondi;village
cameroun;CM002;Centre;CM002009;Nyong-et-Mfoumou;CM002009001;Akonolinga;Abam;village
cameroun;CM002;Centre;CM002009;Nyong-et-Mfoumou;CM002009001;Akonolinga;Biba;village
cameroun;CM002;Centre;CM002009;Nyong-et-Mfoumou;CM002009001;Akonolinga;Mekong;village
cameroun;CM002;Centre;CM002009;Nyong-et-Mfoumou;CM002009001;Akonolinga;Mbaka;village
cameroun;CM002;Centre;CM002009;Nyong-et-Mfoumou;CM002009001;Akonolinga;Efoulan;village
cameroun;CM002;Centre;CM002009;Nyong-et-Mfoumou;CM002009001;Akonolinga;Emvong;village
cameroun;CM002;Centre;CM002009;Nyong-et-Mfoumou;CM002009001;Akonolinga;Miende;village
cameroun;CM002;Centre;CM002009;Nyong-et-Mfoumou;CM002009001;Akonolinga;Ngoulemekong;village
cameroun;CM002;Centre;CM002009;Nyong-et-Mfoumou;CM002009001;Akonolinga;Melan;village
cameroun;CM002;Centre;CM002009;Nyong-et-Mfoumou;CM002009001;Akonolinga;Mengana;village
cameroun;CM002;Centre;CM002009;Nyong-et-Mfoumou;CM002009001;Akonolinga;Ekoua;village
cameroun;CM002;Centre;CM002009;Nyong-et-Mfoumou;CM002009001;Akonolinga;Mv;village
cameroun;CM002;Centre;CM002009;Nyong-et-Mfoumou;CM002009001;Akonolinga;Bs;village
cameroun;CM002;Centre;CM002009;Nyong-et-Mfoumou;CM002009001;Akonolinga;Andom;village
cameroun;CM002;Centre;CM002009;Nyong-et-Mfoumou;CM002009001;Akonolinga;Eboa;village
cameroun;CM002;Centre;CM002009;Nyong-et-Mfoumou;CM002009001;Akonolinga;Wouma;village
cameroun;CM002;Centre;CM002009;Nyong-et-Mfoumou;CM002009001;Akonolinga;Efoulan;village
cameroun;CM002;Centre;CM002009;Nyong-et-Mfoumou;CM002009001;Akonolinga;Mebang;village
cameroun;CM002;Centre;CM002009;Nyong-et-Mfoumou;CM002009001;Akonolinga;Kpeng;village
cameroun;CM002;Centre;CM002009;Nyong-et-Mfoumou;CM002009001;Akonolinga;Nkoumadjap;village
cameroun;CM002;Centre;CM002009;Nyong-et-Mfoumou;CM002009001;Akonolinga;Kpeng;village
cameroun;CM002;Centre;CM002009;Nyong-et-Mfoumou;CM002009001;Akonolinga;Ngonanga;village
cameroun;CM002;Centre;CM002009;Nyong-et-Mfoumou;CM002009001;Akonolinga;Mengam;village
cameroun;CM002;Centre;CM002009;Nyong-et-Mfoumou;CM002009001;Akonolinga;Ngoubou;village
cameroun;CM002;Centre;CM002009;Nyong-et-Mfoumou;CM002009001;Akonolinga;Koum;village
cameroun;CM002;Centre;CM002009;Nyong-et-Mfoumou;CM002009001;Akonolinga;Ndibidjeng;village
cameroun;CM002;Centre;CM002009;Nyong-et-Mfoumou;CM002009001;Akonolinga;Zo'ondi;village
cameroun;CM002;Centre;CM002009;Nyong-et-Mfoumou;CM002009001;Akonolinga;Eyakeme;village
cameroun;CM002;Centre;CM002009;Nyong-et-Mfoumou;CM002009001;Akonolinga;Abem;village
cameroun;CM002;Centre;CM002009;Nyong-et-Mfoumou;CM002009001;Akonolinga;Eto;village
cameroun;CM002;Centre;CM002009;Nyong-et-Mfoumou;CM002009001;Akonolinga;Emend;village
cameroun;CM002;Centre;CM002009;Nyong-et-Mfoumou;CM002009001;Akonolinga;Mefon;village
cameroun;CM002;Centre;CM002009;Nyong-et-Mfoumou;CM002009001;Akonolinga;Avebe;village
cameroun;CM002;Centre;CM002009;Nyong-et-Mfoumou;CM002009001;Akonolinga;Ndzeb;village
cameroun;CM002;Centre;CM002009;Nyong-et-Mfoumou;CM002009001;Akonolinga;Mimbama;village
cameroun;CM002;Centre;CM002009;Nyong-et-Mfoumou;CM002009001;Akonolinga;Akoua;village
cameroun;CM002;Centre;CM002009;Nyong-et-Mfoumou;CM002009001;Akonolinga;Andom;village
cameroun;CM002;Centre;CM002009;Nyong-et-Mfoumou;CM002009001;Akonolinga;Maben;village
cameroun;CM002;Centre;CM002009;Nyong-et-Mfoumou;CM002009001;Akonolinga;Enguelebam;village
cameroun;CM002;Centre;CM002009;Nyong-et-Mfoumou;CM002009001;Akonolinga;Ngala;village
cameroun;CM002;Centre;CM002009;Nyong-et-Mfoumou;CM002009001;Akonolinga;Mbayan;village
cameroun;CM002;Centre;CM002009;Nyong-et-Mfoumou;CM002009001;Akonolinga;Ngol;village
cameroun;CM009;Sud;CM009001;Dja-et-Lobo;CM009001001;Bengbis;Nlanyag;village
cameroun;CM009;Sud;CM009001;Dja-et-Lobo;CM009001001;Bengbis;Minla'a;village
cameroun;CM002;Centre;CM002009;Nyong-et-Mfoumou;CM002009001;Akonolinga;Metomok;village
cameroun;CM002;Centre;CM002009;Nyong-et-Mfoumou;CM002009001;Akonolinga;Meba;village
cameroun;CM002;Centre;CM002009;Nyong-et-Mfoumou;CM002009001;Akonolinga;Biyebe;village
cameroun;CM002;Centre;CM002009;Nyong-et-Mfoumou;CM002009001;Akonolinga;Meyos;village
cameroun;CM002;Centre;CM002009;Nyong-et-Mfoumou;CM002009001;Akonolinga;Nkanassi;village
cameroun;CM002;Centre;CM002009;Nyong-et-Mfoumou;CM002009001;Akonolinga;Metondok;village
cameroun;CM002;Centre;CM002009;Nyong-et-Mfoumou;CM002009001;Akonolinga;Mengama;village
cameroun;CM002;Centre;CM002009;Nyong-et-Mfoumou;CM002009001;Akonolinga;Messa;village
cameroun;CM002;Centre;CM002009;Nyong-et-Mfoumou;CM002009001;Akonolinga;Nkolnguin;village
cameroun;CM002;Centre;CM002009;Nyong-et-Mfoumou;CM002009001;Akonolinga;Biyoka;village
cameroun;CM002;Centre;CM002009;Nyong-et-Mfoumou;CM002009001;Akonolinga;Poum-Poum;village
cameroun;CM002;Centre;CM002009;Nyong-et-Mfoumou;CM002009001;Akonolinga;Awo'o;village
cameroun;CM002;Centre;CM002009;Nyong-et-Mfoumou;CM002009001;Akonolinga;Mvan;village
cameroun;CM002;Centre;CM002009;Nyong-et-Mfoumou;CM002009001;Akonolinga;Emanemvam;village
cameroun;CM002;Centre;CM002009;Nyong-et-Mfoumou;CM002009001;Akonolinga;Emvane;town
cameroun;CM002;Centre;CM002009;Nyong-et-Mfoumou;CM002009001;Akonolinga;Messak;village
cameroun;CM002;Centre;CM002009;Nyong-et-Mfoumou;CM002009001;Akonolinga;Meyos;village
cameroun;CM002;Centre;CM002009;Nyong-et-Mfoumou;CM002009001;Akonolinga;Fang So;village
cameroun;CM003;Est;CM003002;Haut-Nyong;CM003002010;Messamena;Ngam;village
cameroun;CM002;Centre;CM002009;Nyong-et-Mfoumou;CM002009001;Akonolinga;Koudou So;village
cameroun;CM002;Centre;CM002009;Nyong-et-Mfoumou;CM002009001;Akonolinga;Meba;village
cameroun;CM003;Est;CM003002;Haut-Nyong;CM003002010;Messamena;Sel;village
cameroun;CM002;Centre;CM002009;Nyong-et-Mfoumou;CM002009001;Akonolinga;Nk;town
cameroun;CM002;Centre;CM002009;Nyong-et-Mfoumou;CM002009001;Akonolinga;Ebomon;village
cameroun;CM002;Centre;CM002009;Nyong-et-Mfoumou;CM002009002;Ayos;Emini I;village
cameroun;CM002;Centre;CM002009;Nyong-et-Mfoumou;CM002009002;Ayos;Bii;village
cameroun;CM002;Centre;CM002009;Nyong-et-Mfoumou;CM002009002;Ayos;Ayos;town
cameroun;CM003;Est;CM003002;Haut-Nyong;CM003002002;Bebend;Akok Maka;village
cameroun;CM003;Est;CM003002;Haut-Nyong;CM003002002;Bebend;Akok Maka;village
cameroun;CM003;Est;CM003002;Haut-Nyong;CM003002002;Bebend;Ayen;village
cameroun;CM002;Centre;CM002009;Nyong-et-Mfoumou;CM002009002;Ayos;Nyabewo'o;village
cameroun;CM002;Centre;CM002009;Nyong-et-Mfoumou;CM002009002;Ayos;Eyes;village
cameroun;CM002;Centre;CM002009;Nyong-et-Mfoumou;CM002009002;Ayos;Olembe;village
cameroun;CM002;Centre;CM002009;Nyong-et-Mfoumou;CM002009002;Ayos;Ebolembama;village
cameroun;CM002;Centre;CM002009;Nyong-et-Mfoumou;CM002009002;Ayos;Assobam;village
cameroun;CM002;Centre;CM002009;Nyong-et-Mfoumou;CM002009002;Ayos;Esson;village
cameroun;CM002;Centre;CM002009;Nyong-et-Mfoumou;CM002009002;Ayos;Mboun;village
cameroun;CM002;Centre;CM002009;Nyong-et-Mfoumou;CM002009002;Ayos;Tomba;village
cameroun;CM002;Centre;CM002009;Nyong-et-Mfoumou;CM002009002;Ayos;Nkolngok;village
cameroun;CM002;Centre;CM002009;Nyong-et-Mfoumou;CM002009002;Ayos;Ebolakounou;village
cameroun;CM002;Centre;CM002009;Nyong-et-Mfoumou;CM002009002;Ayos;Nyakoulou;village
cameroun;CM002;Centre;CM002009;Nyong-et-Mfoumou;CM002009002;Ayos;Mbang;village
cameroun;CM002;Centre;CM002009;Nyong-et-Mfoumou;CM002009002;Ayos;Tsizok;village
cameroun;CM002;Centre;CM002009;Nyong-et-Mfoumou;CM002009002;Ayos;Bamba;village
cameroun;CM002;Centre;CM002009;Nyong-et-Mfoumou;CM002009002;Ayos;Adoua;village
cameroun;CM002;Centre;CM002009;Nyong-et-Mfoumou;CM002009002;Ayos;Endom;town
cameroun;CM002;Centre;CM002009;Nyong-et-Mfoumou;CM002009001;Akonolinga;Mengueme Si;village
cameroun;CM002;Centre;CM002001;Haute-Sanaga;CM002001002;Lembe Yezoum;Nlong;village
cameroun;CM002;Centre;CM002001;Haute-Sanaga;CM002001002;Lembe Yezoum;Mouma;village
cameroun;CM002;Centre;CM002005;Mefou-et-Afamba;CM002005001;Afanloum;Messamba;village
cameroun;CM002;Centre;CM002001;Haute-Sanaga;CM002001002;Lembe Yezoum;Zoa;village
cameroun;CM002;Centre;CM002001;Haute-Sanaga;CM002001003;Mbandjock;Andondo;village
cameroun;CM002;Centre;CM002005;Mefou-et-Afamba;CM002005004;Edzendouan;Minkomib;village
cameroun;CM002;Centre;CM002005;Mefou-et-Afamba;CM002005005;Esse;Bikou;village
cameroun;CM002;Centre;CM002005;Mefou-et-Afamba;CM002005005;Esse;Nsimi;village
cameroun;CM002;Centre;CM002005;Mefou-et-Afamba;CM002005005;Esse;Esse;town
cameroun;CM002;Centre;CM002005;Mefou-et-Afamba;CM002005005;Esse;Afanloum;village
cameroun;CM002;Centre;CM002005;Mefou-et-Afamba;CM002005005;Esse;Ebogo;village
cameroun;CM002;Centre;CM002005;Mefou-et-Afamba;CM002005001;Afanloum;Afanloum;town
cameroun;CM002;Centre;CM002005;Mefou-et-Afamba;CM002005002;Assamba;Olanguina;town
cameroun;CM002;Centre;CM002005;Mefou-et-Afamba;CM002005003;Awae;Ngat;village
cameroun;CM002;Centre;CM002009;Nyong-et-Mfoumou;CM002009004;Mengang;Mimbang;village
cameroun;CM002;Centre;CM002009;Nyong-et-Mfoumou;CM002009004;Mengang;Mengang;town
cameroun;CM002;Centre;CM002010;Nyong-et-So'o;CM002010002;Dzeng;Mebe;village
cameroun;CM002;Centre;CM002010;Nyong-et-So'o;CM002010002;Dzeng;Oban;village
cameroun;CM002;Centre;CM002010;Nyong-et-So'o;CM002010002;Dzeng;Nkolandok;village
cameroun;CM002;Centre;CM002010;Nyong-et-So'o;CM002010002;Dzeng;Ndzandouan;village
cameroun;CM002;Centre;CM002009;Nyong-et-Mfoumou;CM002009004;Mengang;Edou;village
cameroun;CM002;Centre;CM002009;Nyong-et-Mfoumou;CM002009004;Mengang;Afambassi;village
cameroun;CM004;Extrme-Nord;CM004006;Mayo-Tsanaga;CM004006006;Mokolo;Kelewe;village
cameroun;CM004;Extrme-Nord;CM004006;Mayo-Tsanaga;CM004006006;Mokolo;Roua Soulede;village
cameroun;CM004;Extrme-Nord;CM004006;Mayo-Tsanaga;CM004006006;Mokolo;Bao;village
cameroun;CM004;Extrme-Nord;CM004006;Mayo-Tsanaga;CM004006006;Mokolo;Mandaka;village
cameroun;CM004;Extrme-Nord;CM004006;Mayo-Tsanaga;CM004006006;Mokolo;Meguege;village
cameroun;CM004;Extrme-Nord;CM004006;Mayo-Tsanaga;CM004006006;Mokolo;Ziver;village
cameroun;CM004;Extrme-Nord;CM004006;Mayo-Tsanaga;CM004006006;Mokolo;Biskavai;village
cameroun;CM004;Extrme-Nord;CM004006;Mayo-Tsanaga;CM004006006;Mokolo;Grede;village
cameroun;CM004;Extrme-Nord;CM004006;Mayo-Tsanaga;CM004006006;Mokolo;Wafango_2;village
cameroun;CM004;Extrme-Nord;CM004006;Mayo-Tsanaga;CM004006006;Mokolo;Wafango;village
cameroun;CM004;Extrme-Nord;CM004006;Mayo-Tsanaga;CM004006006;Mokolo;Zamai;village
cameroun;CM004;Extrme-Nord;CM004006;Mayo-Tsanaga;CM004006006;Mokolo;Metergued;village
cameroun;CM004;Extrme-Nord;CM004006;Mayo-Tsanaga;CM004006006;Mokolo;Mouhour;village
cameroun;CM004;Extrme-Nord;CM004006;Mayo-Tsanaga;CM004006006;Mokolo;Mouhour;village
cameroun;CM004;Extrme-Nord;CM004006;Mayo-Tsanaga;CM004006006;Mokolo;Zived;village
cameroun;CM004;Extrme-Nord;CM004006;Mayo-Tsanaga;CM004006006;Mokolo;Louguere_kouita;village
cameroun;CM004;Extrme-Nord;CM004006;Mayo-Tsanaga;CM004006006;Mokolo;Magawai;village
cameroun;CM004;Extrme-Nord;CM004006;Mayo-Tsanaga;CM004006006;Mokolo;Woudango;village
cameroun;CM004;Extrme-Nord;CM004006;Mayo-Tsanaga;CM004006006;Mokolo;Pomla;village
cameroun;CM004;Extrme-Nord;CM004006;Mayo-Tsanaga;CM004006006;Mokolo;Luguere;village
cameroun;CM004;Extrme-Nord;CM004006;Mayo-Tsanaga;CM004006006;Mokolo;Zili;village
cameroun;CM004;Extrme-Nord;CM004006;Mayo-Tsanaga;CM004006006;Mokolo;Nassarao;village
cameroun;CM004;Extrme-Nord;CM004006;Mayo-Tsanaga;CM004006006;Mokolo;Camp de rfugis de Minawao;town
cameroun;CM004;Extrme-Nord;CM004006;Mayo-Tsanaga;CM004006006;Mokolo;Minawao/Gawar;town
cameroun;CM004;Extrme-Nord;CM004006;Mayo-Tsanaga;CM004006006;Mokolo;Gadala;village
cameroun;CM004;Extrme-Nord;CM004006;Mayo-Tsanaga;CM004006006;Mokolo;Mangare;village
cameroun;CM004;Extrme-Nord;CM004006;Mayo-Tsanaga;CM004006006;Mokolo;Lamorde;village
cameroun;CM004;Extrme-Nord;CM004006;Mayo-Tsanaga;CM004006006;Mokolo;Gawar;village
cameroun;CM004;Extrme-Nord;CM004006;Mayo-Tsanaga;CM004006006;Mokolo;Gnibango;village
cameroun;CM004;Extrme-Nord;CM004006;Mayo-Tsanaga;CM004006006;Mokolo;Winde Gawar_1;village
cameroun;CM004;Extrme-Nord;CM004006;Mayo-Tsanaga;CM004006006;Mokolo;Nora;village
cameroun;CM004;Extrme-Nord;CM004006;Mayo-Tsanaga;CM004006006;Mokolo;Winde_gawar_2;village
cameroun;CM004;Extrme-Nord;CM004006;Mayo-Tsanaga;CM004006006;Mokolo;Kortchi;village
cameroun;CM004;Extrme-Nord;CM004006;Mayo-Tsanaga;CM004006006;Mokolo;Zai;village
cameroun;CM004;Extrme-Nord;CM004006;Mayo-Tsanaga;CM004006006;Mokolo;Bariki;village
cameroun;CM004;Extrme-Nord;CM004006;Mayo-Tsanaga;CM004006006;Mokolo;Koitakwa;village
cameroun;CM004;Extrme-Nord;CM004006;Mayo-Tsanaga;CM004006005;Mogode;Sirh;village
cameroun;CM004;Extrme-Nord;CM004006;Mayo-Tsanaga;CM004006005;Mogode;Bahale;village
cameroun;CM004;Extrme-Nord;CM004006;Mayo-Tsanaga;CM004006006;Mokolo;Ouro Djaouro_mana;village
cameroun;CM004;Extrme-Nord;CM004006;Mayo-Tsanaga;CM004006006;Mokolo;Wanarou 1;village
cameroun;CM004;Extrme-Nord;CM004006;Mayo-Tsanaga;CM004006002;Hina;Bering_hossere;village
cameroun;CM004;Extrme-Nord;CM004006;Mayo-Tsanaga;CM004006002;Hina;Mendjebdjeb;village
cameroun;CM004;Extrme-Nord;CM004006;Mayo-Tsanaga;CM004006002;Hina;Ldoua;village
cameroun;CM004;Extrme-Nord;CM004006;Mayo-Tsanaga;CM004006005;Mogode;Tchamaye;village
cameroun;CM004;Extrme-Nord;CM004006;Mayo-Tsanaga;CM004006005;Mogode;Taifara 2;village
cameroun;CM004;Extrme-Nord;CM004006;Mayo-Tsanaga;CM004006001;Bourrha;Zouvoul;village
cameroun;CM004;Extrme-Nord;CM004006;Mayo-Tsanaga;CM004006001;Bourrha;Gamboura;village
cameroun;CM004;Extrme-Nord;CM004006;Mayo-Tsanaga;CM004006001;Bourrha;Taifara 1;village
cameroun;CM004;Extrme-Nord;CM004006;Mayo-Tsanaga;CM004006002;Hina;Houva;village
cameroun;CM004;Extrme-Nord;CM004006;Mayo-Tsanaga;CM004006002;Hina;Hokla;village
cameroun;CM004;Extrme-Nord;CM004006;Mayo-Tsanaga;CM004006002;Hina;Gongong;village
cameroun;CM004;Extrme-Nord;CM004006;Mayo-Tsanaga;CM004006002;Hina;Mbarma;village
cameroun;CM004;Extrme-Nord;CM004006;Mayo-Tsanaga;CM004006002;Hina;Kefetdjevring;village
cameroun;CM004;Extrme-Nord;CM004006;Mayo-Tsanaga;CM004006002;Hina;Kaftaka;village
cameroun;CM004;Extrme-Nord;CM004006;Mayo-Tsanaga;CM004006002;Hina;Kaftaka_2;village
cameroun;CM004;Extrme-Nord;CM004006;Mayo-Tsanaga;CM004006002;Hina;Bering;village
cameroun;CM004;Extrme-Nord;CM004006;Mayo-Tsanaga;CM004006006;Mokolo;Wanarou_2;village
cameroun;CM004;Extrme-Nord;CM004006;Mayo-Tsanaga;CM004006006;Mokolo;Djalingo;village
cameroun;CM004;Extrme-Nord;CM004006;Mayo-Tsanaga;CM004006006;Mokolo;Louguere-kondon;village
cameroun;CM004;Extrme-Nord;CM004006;Mayo-Tsanaga;CM004006006;Mokolo;Mayo_ladde;village
cameroun;CM004;Extrme-Nord;CM004006;Mayo-Tsanaga;CM004006002;Hina;Panaka;village
cameroun;CM004;Extrme-Nord;CM004006;Mayo-Tsanaga;CM004006006;Mokolo;Mayel Kaouledji;village
cameroun;CM004;Extrme-Nord;CM004006;Mayo-Tsanaga;CM004006006;Mokolo;Mouldar;village
cameroun;CM004;Extrme-Nord;CM004006;Mayo-Tsanaga;CM004006006;Mokolo;Ouro Bocki;village
cameroun;CM004;Extrme-Nord;CM004006;Mayo-Tsanaga;CM004006006;Mokolo;Gazawao;village
cameroun;CM004;Extrme-Nord;CM004006;Mayo-Tsanaga;CM004006006;Mokolo;Boudoum;village
cameroun;CM004;Extrme-Nord;CM004006;Mayo-Tsanaga;CM004006006;Mokolo;Parwai;village
cameroun;CM004;Extrme-Nord;CM004006;Mayo-Tsanaga;CM004006006;Mokolo;Boudoum_hossere;village
cameroun;CM004;Extrme-Nord;CM004006;Mayo-Tsanaga;CM004006006;Mokolo;Ldarbak;village
cameroun;CM004;Extrme-Nord;CM004006;Mayo-Tsanaga;CM004006006;Mokolo;Ouro_bocki;village
cameroun;CM004;Extrme-Nord;CM004006;Mayo-Tsanaga;CM004006006;Mokolo;Ouro_tadmavou;village
cameroun;CM004;Extrme-Nord;CM004006;Mayo-Tsanaga;CM004006006;Mokolo;Ouro_guertode;village
cameroun;CM004;Extrme-Nord;CM004006;Mayo-Tsanaga;CM004006002;Hina;Palva;village
cameroun;CM004;Extrme-Nord;CM004006;Mayo-Tsanaga;CM004006002;Hina;Hina;town
cameroun;CM004;Extrme-Nord;CM004006;Mayo-Tsanaga;CM004006002;Hina;Mbourou;village
cameroun;CM004;Extrme-Nord;CM004006;Mayo-Tsanaga;CM004006006;Mokolo;Mbraf;village
cameroun;CM004;Extrme-Nord;CM004006;Mayo-Tsanaga;CM004006006;Mokolo;Mayo Mbana;village
cameroun;CM004;Extrme-Nord;CM004006;Mayo-Tsanaga;CM004006006;Mokolo;Ouro_lawan Mana;village
cameroun;CM004;Extrme-Nord;CM004006;Mayo-Tsanaga;CM004006006;Mokolo;Djadda;village
cameroun;CM004;Extrme-Nord;CM004001;Diamar;CM004001008;Ndoukoula;Boulao;village
cameroun;CM004;Extrme-Nord;CM004001;Diamar;CM004001008;Ndoukoula;Missingleo;village
cameroun;CM004;Extrme-Nord;CM004001;Diamar;CM004001008;Ndoukoula;Zongoyao;village
cameroun;CM004;Extrme-Nord;CM004001;Diamar;CM004001008;Ndoukoula;Mouloum;village
cameroun;CM004;Extrme-Nord;CM004001;Diamar;CM004001008;Ndoukoula;Oure Noume;village
cameroun;CM004;Extrme-Nord;CM004001;Diamar;CM004001008;Ndoukoula;Mayel_baram;village
cameroun;CM004;Extrme-Nord;CM004001;Diamar;CM004001008;Ndoukoula;Ngariwa;village
cameroun;CM004;Extrme-Nord;CM004001;Diamar;CM004001008;Ndoukoula;Kebeng;village
cameroun;CM004;Extrme-Nord;CM004001;Diamar;CM004001008;Ndoukoula;Moudoumboui;village
cameroun;CM004;Extrme-Nord;CM004001;Diamar;CM004001008;Ndoukoula;Moukoudwa;village
cameroun;CM004;Extrme-Nord;CM004001;Diamar;CM004001008;Ndoukoula;Zamala;village
cameroun;CM004;Extrme-Nord;CM004001;Diamar;CM004001008;Ndoukoula;Marbai;village
cameroun;CM004;Extrme-Nord;CM004001;Diamar;CM004001008;Ndoukoula;Badam;village
cameroun;CM004;Extrme-Nord;CM004001;Diamar;CM004001008;Ndoukoula;Louguere;village
cameroun;CM004;Extrme-Nord;CM004006;Mayo-Tsanaga;CM004006006;Mokolo;Tambadjam;village
cameroun;CM004;Extrme-Nord;CM004006;Mayo-Tsanaga;CM004006006;Mokolo;Ndjeleng;village
cameroun;CM004;Extrme-Nord;CM004006;Mayo-Tsanaga;CM004006006;Mokolo;Kide;village
cameroun;CM004;Extrme-Nord;CM004006;Mayo-Tsanaga;CM004006006;Mokolo;Ngafakat;village
cameroun;CM004;Extrme-Nord;CM004006;Mayo-Tsanaga;CM004006006;Mokolo;Ouro Mayo;village
cameroun;CM004;Extrme-Nord;CM004006;Mayo-Tsanaga;CM004006006;Mokolo;Membeng;village
cameroun;CM004;Extrme-Nord;CM004006;Mayo-Tsanaga;CM004006006;Mokolo;Djeleng;village
cameroun;CM004;Extrme-Nord;CM004006;Mayo-Tsanaga;CM004006006;Mokolo;Mandoula;village
cameroun;CM004;Extrme-Nord;CM004006;Mayo-Tsanaga;CM004006006;Mokolo;Saberezang;village
cameroun;CM004;Extrme-Nord;CM004006;Mayo-Tsanaga;CM004006006;Mokolo;Lamidat;village
cameroun;CM004;Extrme-Nord;CM004006;Mayo-Tsanaga;CM004006006;Mokolo;Moufou;village
cameroun;CM004;Extrme-Nord;CM004006;Mayo-Tsanaga;CM004006006;Mokolo;Zidim;village
cameroun;CM004;Extrme-Nord;CM004006;Mayo-Tsanaga;CM004006006;Mokolo;Walamai;village
cameroun;CM004;Extrme-Nord;CM004006;Mayo-Tsanaga;CM004006006;Mokolo;Katamsa;village
cameroun;CM004;Extrme-Nord;CM004006;Mayo-Tsanaga;CM004006006;Mokolo;Sabongari;village
cameroun;CM004;Extrme-Nord;CM004006;Mayo-Tsanaga;CM004006006;Mokolo;Dimeo;village
cameroun;CM004;Extrme-Nord;CM004006;Mayo-Tsanaga;CM004006006;Mokolo;Mayo Sangue;village
cameroun;CM004;Extrme-Nord;CM004006;Mayo-Tsanaga;CM004006006;Mokolo;Tchouvouk;village
cameroun;CM004;Extrme-Nord;CM004006;Mayo-Tsanaga;CM004006006;Mokolo;Moudal;village
cameroun;CM004;Extrme-Nord;CM004006;Mayo-Tsanaga;CM004006006;Mokolo;Goudour;village
cameroun;CM004;Extrme-Nord;CM004006;Mayo-Tsanaga;CM004006006;Mokolo;Gadalao;village
cameroun;CM004;Extrme-Nord;CM004006;Mayo-Tsanaga;CM004006006;Mokolo;Kilwo;village
cameroun;CM004;Extrme-Nord;CM004006;Mayo-Tsanaga;CM004006006;Mokolo;Mandaya;village
cameroun;CM004;Extrme-Nord;CM004006;Mayo-Tsanaga;CM004006006;Mokolo;Thadang;village
cameroun;CM004;Extrme-Nord;CM004006;Mayo-Tsanaga;CM004006006;Mokolo;Mokong;village
cameroun;CM004;Extrme-Nord;CM004006;Mayo-Tsanaga;CM004006006;Mokolo;Singomaksah;village
cameroun;CM004;Extrme-Nord;CM004006;Mayo-Tsanaga;CM004006006;Mokolo;Ribidis;village
cameroun;CM004;Extrme-Nord;CM004006;Mayo-Tsanaga;CM004006006;Mokolo;Gueling_gouloum;village
cameroun;CM004;Extrme-Nord;CM004006;Mayo-Tsanaga;CM004006006;Mokolo;Mbever;village
cameroun;CM004;Extrme-Nord;CM004006;Mayo-Tsanaga;CM004006006;Mokolo;Harde Mbildam;village
cameroun;CM004;Extrme-Nord;CM004006;Mayo-Tsanaga;CM004006006;Mokolo;Djamdoudi;village
cameroun;CM004;Extrme-Nord;CM004006;Mayo-Tsanaga;CM004006006;Mokolo;Tchoumpel;village
cameroun;CM004;Extrme-Nord;CM004006;Mayo-Tsanaga;CM004006006;Mokolo;Mayel_taba;village
cameroun;CM004;Extrme-Nord;CM004006;Mayo-Tsanaga;CM004006006;Mokolo;Guelewe;village
cameroun;CM004;Extrme-Nord;CM004006;Mayo-Tsanaga;CM004006006;Mokolo;Boula;village
cameroun;CM004;Extrme-Nord;CM004006;Mayo-Tsanaga;CM004006006;Mokolo;Motso;village
cameroun;CM004;Extrme-Nord;CM004006;Mayo-Tsanaga;CM004006006;Mokolo;Mbanane;village
cameroun;CM004;Extrme-Nord;CM004006;Mayo-Tsanaga;CM004006006;Mokolo;Melendou;village
cameroun;CM004;Extrme-Nord;CM004006;Mayo-Tsanaga;CM004006006;Mokolo;Mambaria;village
cameroun;CM004;Extrme-Nord;CM004006;Mayo-Tsanaga;CM004006006;Mokolo;Tchoukol;village
cameroun;CM004;Extrme-Nord;CM004001;Diamar;CM004001003;Gazawa;Ibbao;village
cameroun;CM004;Extrme-Nord;CM004001;Diamar;CM004001003;Gazawa;Minawa 2;village
cameroun;CM004;Extrme-Nord;CM004001;Diamar;CM004001003;Gazawa;Ibbao Ngaroua;village
cameroun;CM004;Extrme-Nord;CM004006;Mayo-Tsanaga;CM004006006;Mokolo;Zamalao;village
cameroun;CM004;Extrme-Nord;CM004006;Mayo-Tsanaga;CM004006006;Mokolo;Hodango;village
cameroun;CM004;Extrme-Nord;CM004006;Mayo-Tsanaga;CM004006006;Mokolo;Mo'o;village
cameroun;CM004;Extrme-Nord;CM004006;Mayo-Tsanaga;CM004006006;Mokolo;Papalam;village
cameroun;CM004;Extrme-Nord;CM004006;Mayo-Tsanaga;CM004006006;Mokolo;Yola Maliki;village
cameroun;CM004;Extrme-Nord;CM004006;Mayo-Tsanaga;CM004006006;Mokolo;Risga Mogom;village
cameroun;CM004;Extrme-Nord;CM004006;Mayo-Tsanaga;CM004006006;Mokolo;Minglia;village
cameroun;CM004;Extrme-Nord;CM004006;Mayo-Tsanaga;CM004006006;Mokolo;Gouloua;village
cameroun;CM004;Extrme-Nord;CM004006;Mayo-Tsanaga;CM004006006;Mokolo;Migaza;village
cameroun;CM004;Extrme-Nord;CM004006;Mayo-Tsanaga;CM004006006;Mokolo;Minglia;village
cameroun;CM004;Extrme-Nord;CM004006;Mayo-Tsanaga;CM004006006;Mokolo;Massakal;village
cameroun;CM004;Extrme-Nord;CM004001;Diamar;CM004001007;Meri;Gadjouwai;village
cameroun;CM004;Extrme-Nord;CM004001;Diamar;CM004001003;Gazawa;Foutang;village
cameroun;CM004;Extrme-Nord;CM004001;Diamar;CM004001003;Gazawa;Kongong;village
cameroun;CM004;Extrme-Nord;CM004001;Diamar;CM004001003;Gazawa;Pourtamai;village
cameroun;CM004;Extrme-Nord;CM004001;Diamar;CM004001007;Meri;Meftek;village
cameroun;CM004;Extrme-Nord;CM004001;Diamar;CM004001007;Meri;Wawai;village
cameroun;CM004;Extrme-Nord;CM004001;Diamar;CM004001004;Maroua 1er;Mogodi;village
cameroun;CM004;Extrme-Nord;CM004001;Diamar;CM004001004;Maroua 1er;Sombala;village
cameroun;CM004;Extrme-Nord;CM004001;Diamar;CM004001003;Gazawa;Mossrak;village
cameroun;CM004;Extrme-Nord;CM004001;Diamar;CM004001003;Gazawa;Dalari;village
cameroun;CM004;Extrme-Nord;CM004001;Diamar;CM004001003;Gazawa;Gazawa;town
cameroun;CM004;Extrme-Nord;CM004001;Diamar;CM004001003;Gazawa;Pere-pere;village
cameroun;CM004;Extrme-Nord;CM004001;Diamar;CM004001003;Gazawa;Barza 2;village
cameroun;CM004;Extrme-Nord;CM004001;Diamar;CM004001003;Gazawa;Minawa 1;village
cameroun;CM004;Extrme-Nord;CM004001;Diamar;CM004001003;Gazawa;Barza 1;village
cameroun;CM004;Extrme-Nord;CM004001;Diamar;CM004001003;Gazawa;Mayel Naode;village
cameroun;CM004;Extrme-Nord;CM004001;Diamar;CM004001003;Gazawa;Goudrouo;village
cameroun;CM004;Extrme-Nord;CM004001;Diamar;CM004001003;Gazawa;Mizileng;village
cameroun;CM004;Extrme-Nord;CM004001;Diamar;CM004001003;Gazawa;Makoumba 2;village
cameroun;CM004;Extrme-Nord;CM004001;Diamar;CM004001003;Gazawa;Makoumba 1;village
cameroun;CM004;Extrme-Nord;CM004001;Diamar;CM004001003;Gazawa;Djideo;village
cameroun;CM004;Extrme-Nord;CM004001;Diamar;CM004001003;Gazawa;Makada;village
cameroun;CM004;Extrme-Nord;CM004001;Diamar;CM004001008;Ndoukoula;Yolde;village
cameroun;CM004;Extrme-Nord;CM004001;Diamar;CM004001008;Ndoukoula;Hardeo;village
cameroun;CM004;Extrme-Nord;CM004001;Diamar;CM004001003;Gazawa;Zongoya;village
cameroun;CM004;Extrme-Nord;CM004001;Diamar;CM004001008;Ndoukoula;Djaba Kouli;village
cameroun;CM004;Extrme-Nord;CM004001;Diamar;CM004001008;Ndoukoula;Wouyang;village
cameroun;CM004;Extrme-Nord;CM004001;Diamar;CM004001003;Gazawa;Golombeo;village
cameroun;CM004;Extrme-Nord;CM004001;Diamar;CM004001003;Gazawa;Lawane;village
cameroun;CM004;Extrme-Nord;CM004001;Diamar;CM004001003;Gazawa;Wawala;village
cameroun;CM004;Extrme-Nord;CM004001;Diamar;CM004001008;Ndoukoula;Ouro Nangue;village
cameroun;CM004;Extrme-Nord;CM004001;Diamar;CM004001008;Ndoukoula;Gawel;town
cameroun;CM004;Extrme-Nord;CM004001;Diamar;CM004001008;Ndoukoula;Mogong;village
cameroun;CM004;Extrme-Nord;CM004001;Diamar;CM004001008;Ndoukoula;Mayel Ngaima;village
cameroun;CM004;Extrme-Nord;CM004004;Mayo-Kani;CM004004005;Moutourwa;Damaye;village
cameroun;CM004;Extrme-Nord;CM004004;Mayo-Kani;CM004004005;Moutourwa;Ouro_bikoye;village
cameroun;CM004;Extrme-Nord;CM004004;Mayo-Kani;CM004004005;Moutourwa;Houro Djkoa;village
cameroun;CM004;Extrme-Nord;CM004004;Mayo-Kani;CM004004005;Moutourwa;Noubou;town
cameroun;CM004;Extrme-Nord;CM004001;Diamar;CM004001008;Ndoukoula;Diguidim;village
cameroun;CM004;Extrme-Nord;CM004001;Diamar;CM004001008;Ndoukoula;Tchoffi;village
cameroun;CM004;Extrme-Nord;CM004004;Mayo-Kani;CM004004005;Moutourwa;Tchofi;village
cameroun;CM004;Extrme-Nord;CM004004;Mayo-Kani;CM004004005;Moutourwa;Ligaza;village
cameroun;CM004;Extrme-Nord;CM004004;Mayo-Kani;CM004004005;Moutourwa;Bololo;village
cameroun;CM004;Extrme-Nord;CM004004;Mayo-Kani;CM004004005;Moutourwa;Mouda;village
cameroun;CM004;Extrme-Nord;CM004004;Mayo-Kani;CM004004002;Kaele;Moda;village
cameroun;CM004;Extrme-Nord;CM004004;Mayo-Kani;CM004004005;Moutourwa;Gazad;village
cameroun;CM004;Extrme-Nord;CM004004;Mayo-Kani;CM004004005;Moutourwa;Mudawa;village
cameroun;CM004;Extrme-Nord;CM004001;Diamar;CM004001008;Ndoukoula;Maza Ouro Bah;village
cameroun;CM004;Extrme-Nord;CM004001;Diamar;CM004001004;Maroua 1er;Lougandou;village
cameroun;CM004;Extrme-Nord;CM004001;Diamar;CM004001004;Maroua 1er;Doulda;village
cameroun;CM004;Extrme-Nord;CM004001;Diamar;CM004001004;Maroua 1er;Palama;village
cameroun;CM004;Extrme-Nord;CM004001;Diamar;CM004001004;Maroua 1er;Tchakadjao;village
cameroun;CM004;Extrme-Nord;CM004001;Diamar;CM004001008;Ndoukoula;Palaoudi;village
cameroun;CM004;Extrme-Nord;CM004001;Diamar;CM004001004;Maroua 1er;Mayel Behi;village
cameroun;CM004;Extrme-Nord;CM004001;Diamar;CM004001008;Ndoukoula;Chakamadje;village
cameroun;CM004;Extrme-Nord;CM004001;Diamar;CM004001008;Ndoukoula;Kaloua;village
cameroun;CM004;Extrme-Nord;CM004004;Mayo-Kani;CM004004003;Mindif;Mobono;village
cameroun;CM004;Extrme-Nord;CM004004;Mayo-Kani;CM004004003;Mindif;Gabay;village
cameroun;CM004;Extrme-Nord;CM004001;Diamar;CM004001008;Ndoukoula;Doulgou;village
cameroun;CM004;Extrme-Nord;CM004001;Diamar;CM004001004;Maroua 1er;Koulmar;village
cameroun;CM004;Extrme-Nord;CM004001;Diamar;CM004001004;Maroua 1er;Salak;town
cameroun;CM004;Extrme-Nord;CM004004;Mayo-Kani;CM004004003;Mindif;Yakang;village
cameroun;CM004;Extrme-Nord;CM004004;Mayo-Kani;CM004004002;Kaele;Moussourtouk;village
cameroun;CM004;Extrme-Nord;CM004004;Mayo-Kani;CM004004002;Kaele;Moulva;village
cameroun;CM004;Extrme-Nord;CM004004;Mayo-Kani;CM004004002;Kaele;Foulou;town
cameroun;CM004;Extrme-Nord;CM004004;Mayo-Kani;CM004004002;Kaele;Zouzoui;village
cameroun;CM004;Extrme-Nord;CM004004;Mayo-Kani;CM004004002;Kaele;Gougoula;village
cameroun;CM004;Extrme-Nord;CM004004;Mayo-Kani;CM004004002;Kaele;Waza;village
cameroun;CM004;Extrme-Nord;CM004004;Mayo-Kani;CM004004003;Mindif;Hoppo;village
cameroun;CM004;Extrme-Nord;CM004004;Mayo-Kani;CM004004002;Kaele;Metchet;village
cameroun;CM004;Extrme-Nord;CM004004;Mayo-Kani;CM004004003;Mindif;Djombodi;village
cameroun;CM004;Extrme-Nord;CM004004;Mayo-Kani;CM004004003;Mindif;Djamoura;village
cameroun;CM004;Extrme-Nord;CM004004;Mayo-Kani;CM004004003;Mindif;Matfaye;village
cameroun;CM004;Extrme-Nord;CM004004;Mayo-Kani;CM004004003;Mindif;Towndeo;village
cameroun;CM004;Extrme-Nord;CM004004;Mayo-Kani;CM004004003;Mindif;Djodjong;village
cameroun;CM004;Extrme-Nord;CM004004;Mayo-Kani;CM004004003;Mindif;Loubour;village
cameroun;CM004;Extrme-Nord;CM004004;Mayo-Kani;CM004004003;Mindif;Djappaye;village
cameroun;CM004;Extrme-Nord;CM004004;Mayo-Kani;CM004004003;Mindif;Djodjon Djappai;village
cameroun;CM004;Extrme-Nord;CM004001;Diamar;CM004001004;Maroua 1er;Koutkoum;village
cameroun;CM004;Extrme-Nord;CM004001;Diamar;CM004001004;Maroua 1er;Mayel;village
cameroun;CM004;Extrme-Nord;CM004004;Mayo-Kani;CM004004003;Mindif;Kongola_djiddeo;village
cameroun;CM004;Extrme-Nord;CM004004;Mayo-Kani;CM004004003;Mindif;Nanikalo;village
cameroun;CM004;Extrme-Nord;CM004004;Mayo-Kani;CM004004003;Mindif;Memeyel;village
cameroun;CM004;Extrme-Nord;CM004004;Mayo-Kani;CM004004003;Mindif;Mogom;village
cameroun;CM004;Extrme-Nord;CM004004;Mayo-Kani;CM004004003;Mindif;Toundouroum;village
cameroun;CM004;Extrme-Nord;CM004001;Diamar;CM004001006;Maroua 3e;Kongola Djideo;village
cameroun;CM004;Extrme-Nord;CM004001;Diamar;CM004001006;Maroua 3e;Kongola Djolao;village
cameroun;CM004;Extrme-Nord;CM004001;Diamar;CM004001006;Maroua 3e;Kongola Said;village
cameroun;CM004;Extrme-Nord;CM004001;Diamar;CM004001006;Maroua 3e;Kodek_1;village
cameroun;CM004;Extrme-Nord;CM004001;Diamar;CM004001006;Maroua 3e;Hardo;village
cameroun;CM004;Extrme-Nord;CM004001;Diamar;CM004001006;Maroua 3e;Touppere;village
cameroun;CM004;Extrme-Nord;CM004001;Diamar;CM004001006;Maroua 3e;Djarengol_lahol;village
cameroun;CM004;Extrme-Nord;CM004001;Diamar;CM004001006;Maroua 3e;Djarengol Kodek;village
cameroun;CM004;Extrme-Nord;CM004001;Diamar;CM004001006;Maroua 3e;Gayak Gandeo;village
cameroun;CM004;Extrme-Nord;CM004001;Diamar;CM004001006;Maroua 3e;Gayak_roumde;village
cameroun;CM004;Extrme-Nord;CM004001;Diamar;CM004001005;Maroua 2e;Djonde;village
cameroun;CM004;Extrme-Nord;CM004001;Diamar;CM004001005;Maroua 2e;Mayel Ibbe;village
cameroun;CM006;Nord;CM006001;Bnou;CM006001004;Demsa;Mayo Doumsi;village
cameroun;CM006;Nord;CM006001;Bnou;CM006001001;Bascheo;Tontonhon Koubawol;village
cameroun;CM006;Nord;CM006001;Bnou;CM006001001;Bascheo;Ouro_nene;village
cameroun;CM006;Nord;CM006001;Bnou;CM006001001;Bascheo;Mboutou;village
cameroun;CM006;Nord;CM006001;Bnou;CM006001003;Dembo;ardo bai;village
cameroun;CM006;Nord;CM006001;Bnou;CM006001003;Dembo;matapare;village
cameroun;CM006;Nord;CM006001;Bnou;CM006001003;Dembo;malkourou;village
cameroun;CM006;Nord;CM006001;Bnou;CM006001003;Dembo;bantai I;village
cameroun;CM006;Nord;CM006001;Bnou;CM006001003;Dembo;mafa II;village
cameroun;CM006;Nord;CM006001;Bnou;CM006001003;Dembo;campre;village
cameroun;CM006;Nord;CM006001;Bnou;CM006001001;Bascheo;ouro-mo-ou;village
cameroun;CM006;Nord;CM006001;Bnou;CM006001001;Bascheo;bai;village
cameroun;CM006;Nord;CM006001;Bnou;CM006001003;Dembo;DJAOURO-MOUSSA;village
cameroun;CM006;Nord;CM006001;Bnou;CM006001003;Dembo;kessoure;village
cameroun;CM006;Nord;CM006001;Bnou;CM006001003;Dembo;nassarao;village
cameroun;CM006;Nord;CM006001;Bnou;CM006001003;Dembo;mboutou nene;village
cameroun;CM006;Nord;CM006001;Bnou;CM006001003;Dembo;ouro-kari;village
cameroun;CM006;Nord;CM006001;Bnou;CM006001003;Dembo;mbarga;village
cameroun;CM006;Nord;CM006001;Bnou;CM006001003;Dembo;moudanre;village
cameroun;CM006;Nord;CM006001;Bnou;CM006001003;Dembo;mbaiwa;village
cameroun;CM006;Nord;CM006001;Bnou;CM006001003;Dembo;bacho 'B';village
cameroun;CM006;Nord;CM006001;Bnou;CM006001003;Dembo;bantahi;village
cameroun;CM006;Nord;CM006001;Bnou;CM006001003;Dembo;Bascho;town
cameroun;CM006;Nord;CM006001;Bnou;CM006001003;Dembo;matafalre;village
cameroun;CM006;Nord;CM006001;Bnou;CM006001001;Bascheo;Bao;village
cameroun;CM006;Nord;CM006001;Bnou;CM006001001;Bascheo;Katako;village
cameroun;CM006;Nord;CM006001;Bnou;CM006001001;Bascheo;Pouri Alam;village
cameroun;CM006;Nord;CM006001;Bnou;CM006001001;Bascheo;Ngoutchoumi;village
cameroun;CM006;Nord;CM006001;Bnou;CM006001010;Pitoa;Djougoundou;village
cameroun;CM006;Nord;CM006001;Bnou;CM006001010;Pitoa;Departa;village
cameroun;CM006;Nord;CM006001;Bnou;CM006001010;Pitoa;Poussane;village
cameroun;CM006;Nord;CM006001;Bnou;CM006001010;Pitoa;Warou;village
cameroun;CM006;Nord;CM006001;Bnou;CM006001010;Pitoa;Baonia;village
cameroun;CM006;Nord;CM006001;Bnou;CM006001010;Pitoa;Djallou;village
cameroun;CM006;Nord;CM006001;Bnou;CM006001003;Dembo;Hamakoussou;village
cameroun;CM006;Nord;CM006001;Bnou;CM006001003;Dembo;Tapawa;village
cameroun;CM006;Nord;CM006001;Bnou;CM006001003;Dembo;Bella_baparou;village
cameroun;CM002;Centre;CM002010;Nyong-et-So'o;CM002010002;Dzeng;Otobialassi;village
cameroun;CM002;Centre;CM002010;Nyong-et-So'o;CM002010002;Dzeng;Ongbang;village
cameroun;CM002;Centre;CM002010;Nyong-et-So'o;CM002010002;Dzeng;Ebabot;village
cameroun;CM002;Centre;CM002010;Nyong-et-So'o;CM002010002;Dzeng;Dzeng;town
cameroun;CM002;Centre;CM002010;Nyong-et-So'o;CM002010002;Dzeng;Ebabot;village
cameroun;CM002;Centre;CM002010;Nyong-et-So'o;CM002010002;Dzeng;Ngoulminanga;village
cameroun;CM002;Centre;CM002010;Nyong-et-So'o;CM002010002;Dzeng;Ngoulminanga;village
cameroun;CM002;Centre;CM002010;Nyong-et-So'o;CM002010002;Dzeng;Alga;village
cameroun;CM002;Centre;CM002010;Nyong-et-So'o;CM002010002;Dzeng;Nkolnguet;village
cameroun;CM002;Centre;CM002010;Nyong-et-So'o;CM002010002;Dzeng;Efoulan;village
cameroun;CM002;Centre;CM002010;Nyong-et-So'o;CM002010002;Dzeng;Ngoulengomono;village
cameroun;CM002;Centre;CM002010;Nyong-et-So'o;CM002010002;Dzeng;Otongan;village
cameroun;CM002;Centre;CM002010;Nyong-et-So'o;CM002010002;Dzeng;Obofianga;village
cameroun;CM002;Centre;CM002010;Nyong-et-So'o;CM002010002;Dzeng;Biyen;village
cameroun;CM002;Centre;CM002010;Nyong-et-So'o;CM002010002;Dzeng;Minkoamimbang;village
cameroun;CM002;Centre;CM002010;Nyong-et-So'o;CM002010002;Dzeng;Assok;village
cameroun;CM002;Centre;CM002010;Nyong-et-So'o;CM002010002;Dzeng;Nkolbezoumou;village
cameroun;CM002;Centre;CM002010;Nyong-et-So'o;CM002010002;Dzeng;Ekanga;village
cameroun;CM002;Centre;CM002010;Nyong-et-So'o;CM002010002;Dzeng;Ebolndzong;village
cameroun;CM002;Centre;CM002010;Nyong-et-So'o;CM002010002;Dzeng;Abang I;village
cameroun;CM002;Centre;CM002010;Nyong-et-So'o;CM002010002;Dzeng;Minkok;village
cameroun;CM002;Centre;CM002010;Nyong-et-So'o;CM002010002;Dzeng;Endoum;village
cameroun;CM002;Centre;CM002010;Nyong-et-So'o;CM002010002;Dzeng;Nkondongo;village
cameroun;CM002;Centre;CM002010;Nyong-et-So'o;CM002010002;Dzeng;Ngat;village
cameroun;CM002;Centre;CM002005;Mefou-et-Afamba;CM002005003;Awae;Adzenzoumou;village
cameroun;CM002;Centre;CM002005;Mefou-et-Afamba;CM002005003;Awae;Minlaaba;village
cameroun;CM002;Centre;CM002005;Mefou-et-Afamba;CM002005003;Awae;Mbanga;village
cameroun;CM002;Centre;CM002005;Mefou-et-Afamba;CM002005003;Awae;Nkolnguet;village
cameroun;CM002;Centre;CM002005;Mefou-et-Afamba;CM002005003;Awae;Nkolnguet;village
cameroun;CM002;Centre;CM002005;Mefou-et-Afamba;CM002005003;Awae;Ebolowa;village
cameroun;CM002;Centre;CM002005;Mefou-et-Afamba;CM002005003;Awae;Awa;town
cameroun;CM002;Centre;CM002005;Mefou-et-Afamba;CM002005003;Awae;Ngosse;village
cameroun;CM002;Centre;CM002005;Mefou-et-Afamba;CM002005002;Assamba;Mfou;village
cameroun;CM002;Centre;CM002005;Mefou-et-Afamba;CM002005003;Awae;Nguinda;village
cameroun;CM002;Centre;CM002005;Mefou-et-Afamba;CM002005003;Awae;Ngosse;village
cameroun;CM002;Centre;CM002005;Mefou-et-Afamba;CM002005003;Awae;Mimbang;village
cameroun;CM002;Centre;CM002005;Mefou-et-Afamba;CM002005003;Awae;Essambel;village
cameroun;CM002;Centre;CM002005;Mefou-et-Afamba;CM002005003;Awae;Aboman;village
cameroun;CM002;Centre;CM002005;Mefou-et-Afamba;CM002005003;Awae;Libi;village
cameroun;CM002;Centre;CM002005;Mefou-et-Afamba;CM002005003;Awae;Bekoudou;village
cameroun;CM002;Centre;CM002005;Mefou-et-Afamba;CM002005003;Awae;Odoudouma;village
cameroun;CM002;Centre;CM002005;Mefou-et-Afamba;CM002005003;Awae;Ziti;village
cameroun;CM002;Centre;CM002005;Mefou-et-Afamba;CM002005003;Awae;Nkolatoo;village
cameroun;CM002;Centre;CM002005;Mefou-et-Afamba;CM002005003;Awae;Nkolbisson;village
cameroun;CM002;Centre;CM002005;Mefou-et-Afamba;CM002005003;Awae;Ebolessong;village
cameroun;CM002;Centre;CM002005;Mefou-et-Afamba;CM002005003;Awae;Nkolba;village
cameroun;CM002;Centre;CM002005;Mefou-et-Afamba;CM002005003;Awae;Essabi;village
cameroun;CM002;Centre;CM002005;Mefou-et-Afamba;CM002005003;Awae;Oki;village
cameroun;CM002;Centre;CM002005;Mefou-et-Afamba;CM002005003;Awae;Mv;village
cameroun;CM002;Centre;CM002005;Mefou-et-Afamba;CM002005003;Awae;Nkolba;village
cameroun;CM002;Centre;CM002005;Mefou-et-Afamba;CM002005003;Awae;Endoum;village
cameroun;CM002;Centre;CM002005;Mefou-et-Afamba;CM002005003;Awae;Minkomilala;village
cameroun;CM002;Centre;CM002005;Mefou-et-Afamba;CM002005007;Nkolafamba;Ngalan;village
cameroun;CM002;Centre;CM002005;Mefou-et-Afamba;CM002005007;Nkolafamba;Ekom;village
cameroun;CM002;Centre;CM002005;Mefou-et-Afamba;CM002005007;Nkolafamba;Abombo;village
cameroun;CM002;Centre;CM002005;Mefou-et-Afamba;CM002005003;Awae;Tom;village
cameroun;CM002;Centre;CM002005;Mefou-et-Afamba;CM002005007;Nkolafamba;Tsinga;village
cameroun;CM002;Centre;CM002005;Mefou-et-Afamba;CM002005007;Nkolafamba;Nkongmelen;village
cameroun;CM002;Centre;CM002005;Mefou-et-Afamba;CM002005007;Nkolafamba;Meven;village
cameroun;CM002;Centre;CM002005;Mefou-et-Afamba;CM002005007;Nkolafamba;Olala;village
cameroun;CM002;Centre;CM002010;Nyong-et-So'o;CM002010002;Dzeng;Ebodenkou;village
cameroun;CM002;Centre;CM002010;Nyong-et-So'o;CM002010002;Dzeng;Essong;village
cameroun;CM002;Centre;CM002010;Nyong-et-So'o;CM002010002;Dzeng;Zoassi;village
cameroun;CM002;Centre;CM002010;Nyong-et-So'o;CM002010002;Dzeng;Abam;village
cameroun;CM002;Centre;CM002010;Nyong-et-So'o;CM002010002;Dzeng;Nkolnguet;village
cameroun;CM002;Centre;CM002010;Nyong-et-So'o;CM002010002;Dzeng;Bikok;village
cameroun;CM002;Centre;CM002010;Nyong-et-So'o;CM002010002;Dzeng;Elang;village
cameroun;CM002;Centre;CM002010;Nyong-et-So'o;CM002010002;Dzeng;Mebengadiomo;village
cameroun;CM002;Centre;CM002010;Nyong-et-So'o;CM002010002;Dzeng;Ngon;village
cameroun;CM002;Centre;CM002010;Nyong-et-So'o;CM002010002;Dzeng;Nkong Medjap;village
cameroun;CM002;Centre;CM002010;Nyong-et-So'o;CM002010002;Dzeng;Fegmimbang I;village
cameroun;CM002;Centre;CM002010;Nyong-et-So'o;CM002010002;Dzeng;Akak;village
cameroun;CM002;Centre;CM002005;Mefou-et-Afamba;CM002005006;Mfou;Kamba;village
cameroun;CM002;Centre;CM002010;Nyong-et-So'o;CM002010002;Dzeng;Nkolngot;village
cameroun;CM002;Centre;CM002005;Mefou-et-Afamba;CM002005006;Mfou;Assombo;village
cameroun;CM002;Centre;CM002005;Mefou-et-Afamba;CM002005006;Mfou;Messeng;village
cameroun;CM002;Centre;CM002005;Mefou-et-Afamba;CM002005006;Mfou;Loum I;village
cameroun;CM002;Centre;CM002005;Mefou-et-Afamba;CM002005006;Mfou;Abemb I;village
cameroun;CM002;Centre;CM002005;Mefou-et-Afamba;CM002005006;Mfou;Abemb II;village
cameroun;CM002;Centre;CM002005;Mefou-et-Afamba;CM002005007;Nkolafamba;Dzouzok;village
cameroun;CM002;Centre;CM002005;Mefou-et-Afamba;CM002005006;Mfou;Nkolelann;village
cameroun;CM002;Centre;CM002005;Mefou-et-Afamba;CM002005006;Mfou;Nsimiayat;village
cameroun;CM002;Centre;CM002005;Mefou-et-Afamba;CM002005006;Mfou;Zalom;village
cameroun;CM002;Centre;CM002005;Mefou-et-Afamba;CM002005006;Mfou;Mendong;village
cameroun;CM002;Centre;CM002005;Mefou-et-Afamba;CM002005006;Mfou;Etoubou;village
cameroun;CM002;Centre;CM002005;Mefou-et-Afamba;CM002005006;Mfou;Vian;village
cameroun;CM002;Centre;CM002005;Mefou-et-Afamba;CM002005006;Mfou;Nkolmeyos;village
cameroun;CM002;Centre;CM002005;Mefou-et-Afamba;CM002005006;Mfou;Nkolguet Mfou;village
cameroun;CM002;Centre;CM002005;Mefou-et-Afamba;CM002005006;Mfou;Mfou Village;village
cameroun;CM002;Centre;CM002005;Mefou-et-Afamba;CM002005006;Mfou;Obout;village
cameroun;CM002;Centre;CM002005;Mefou-et-Afamba;CM002005006;Mfou;Nkilzok II;village
cameroun;CM002;Centre;CM002005;Mefou-et-Afamba;CM002005006;Mfou;Nkilzok II;village
cameroun;CM002;Centre;CM002005;Mefou-et-Afamba;CM002005006;Mfou;Nkolnsala;village
cameroun;CM002;Centre;CM002005;Mefou-et-Afamba;CM002005006;Mfou;Ndziefidi;village
cameroun;CM002;Centre;CM002005;Mefou-et-Afamba;CM002005006;Mfou;Mfida;village
cameroun;CM002;Centre;CM002005;Mefou-et-Afamba;CM002005006;Mfou;Anyoungom;village
cameroun;CM002;Centre;CM002005;Mefou-et-Afamba;CM002005006;Mfou;Ekok II;village
cameroun;CM002;Centre;CM002005;Mefou-et-Afamba;CM002005006;Mfou;Ekok I;village
cameroun;CM002;Centre;CM002005;Mefou-et-Afamba;CM002005006;Mfou;Ekoumeyen;village
cameroun;CM002;Centre;CM002005;Mefou-et-Afamba;CM002005006;Mfou;Ndadibi;village
cameroun;CM002;Centre;CM002005;Mefou-et-Afamba;CM002005006;Mfou;Nkolnsoh;village
cameroun;CM002;Centre;CM002005;Mefou-et-Afamba;CM002005006;Mfou;Nkolmfou I;village
cameroun;CM002;Centre;CM002005;Mefou-et-Afamba;CM002005006;Mfou;Ekoko II;village
cameroun;CM002;Centre;CM002005;Mefou-et-Afamba;CM002005006;Mfou;Bnbalot;village
cameroun;CM002;Centre;CM002005;Mefou-et-Afamba;CM002005006;Mfou;Nsimalen;village
cameroun;CM002;Centre;CM002005;Mefou-et-Afamba;CM002005006;Mfou;Ndjinga;village
cameroun;CM002;Centre;CM002005;Mefou-et-Afamba;CM002005007;Nkolafamba;Nkolngok;village
cameroun;CM002;Centre;CM002005;Mefou-et-Afamba;CM002005006;Mfou;Kondo-Medzap;village
cameroun;CM002;Centre;CM002005;Mefou-et-Afamba;CM002005006;Mfou;Kardomyos;village
cameroun;CM002;Centre;CM002005;Mefou-et-Afamba;CM002005006;Mfou;Ayn;village
cameroun;CM002;Centre;CM002005;Mefou-et-Afamba;CM002005006;Mfou;Nkolovang;village
cameroun;CM002;Centre;CM002005;Mefou-et-Afamba;CM002005007;Nkolafamba;Ndong;village
cameroun;CM002;Centre;CM002005;Mefou-et-Afamba;CM002005006;Mfou;Nkongoa;village
cameroun;CM002;Centre;CM002005;Mefou-et-Afamba;CM002005006;Mfou;Ayn;village
cameroun;CM002;Centre;CM002005;Mefou-et-Afamba;CM002005007;Nkolafamba;Ekoumdoum;village
cameroun;CM002;Centre;CM002005;Mefou-et-Afamba;CM002005007;Nkolafamba;Nkoulou;village
cameroun;CM002;Centre;CM002005;Mefou-et-Afamba;CM002005007;Nkolafamba;Mhandann I;village
cameroun;CM002;Centre;CM002005;Mefou-et-Afamba;CM002005007;Nkolafamba;Mhandann II;village
cameroun;CM002;Centre;CM002007;Mfoundi;CM002007004;Yaounde 4e;Nkomo;village
cameroun;CM006;Nord;CM006003;Mayo-Louti;CM006003002;Guider;Tchapka;village
cameroun;CM006;Nord;CM006003;Mayo-Louti;CM006003002;Guider;Guider Lamorde;village
cameroun;CM006;Nord;CM006003;Mayo-Louti;CM006003002;Guider;Mayo_loue;village
cameroun;CM006;Nord;CM006003;Mayo-Louti;CM006003002;Guider;Dangar;village
cameroun;CM006;Nord;CM006003;Mayo-Louti;CM006003002;Guider;Dobinga_2;village
cameroun;CM006;Nord;CM006003;Mayo-Louti;CM006003001;Figuil;Mindjiwa;village
cameroun;CM006;Nord;CM006003;Mayo-Louti;CM006003001;Figuil;Mokorvong;village
cameroun;CM006;Nord;CM006003;Mayo-Louti;CM006003001;Figuil;Tchakadjam;village
cameroun;CM006;Nord;CM006003;Mayo-Louti;CM006003001;Figuil;Guereme;village
cameroun;CM006;Nord;CM006003;Mayo-Louti;CM006003001;Figuil;Djougi Gabla;village
cameroun;CM006;Nord;CM006003;Mayo-Louti;CM006003001;Figuil;Ouro_niebe;village
cameroun;CM006;Nord;CM006003;Mayo-Louti;CM006003001;Figuil;Hele;village
cameroun;CM006;Nord;CM006003;Mayo-Louti;CM006003001;Figuil;Gardama;village
cameroun;CM006;Nord;CM006003;Mayo-Louti;CM006003001;Figuil;Louguere Dawai;village
cameroun;CM006;Nord;CM006003;Mayo-Louti;CM006003001;Figuil;Badia;village
cameroun;CM006;Nord;CM006003;Mayo-Louti;CM006003001;Figuil;Houmbal;village
cameroun;CM006;Nord;CM006003;Mayo-Louti;CM006003001;Figuil;Douva;village
cameroun;CM006;Nord;CM006003;Mayo-Louti;CM006003001;Figuil;Guidi;village
cameroun;CM006;Nord;CM006003;Mayo-Louti;CM006003001;Figuil;Lam_centre;village
cameroun;CM006;Nord;CM006003;Mayo-Louti;CM006003001;Figuil;Karba;village
cameroun;CM006;Nord;CM006003;Mayo-Louti;CM006003001;Figuil;Boudva;village
cameroun;CM006;Nord;CM006003;Mayo-Louti;CM006003001;Figuil;Meleme;village
cameroun;CM006;Nord;CM006003;Mayo-Louti;CM006003001;Figuil;Pefe;village
cameroun;CM006;Nord;CM006003;Mayo-Louti;CM006003001;Figuil;Golomo Biou;village
cameroun;CM006;Nord;CM006001;Bnou;CM006001003;Dembo;Dornoumou;village
cameroun;CM006;Nord;CM006001;Bnou;CM006001003;Dembo;Mafa_bacheo;village
cameroun;CM006;Nord;CM006001;Bnou;CM006001001;Bascheo;Badjeroum;village
cameroun;CM006;Nord;CM006001;Bnou;CM006001001;Bascheo;Lainde;village
cameroun;CM006;Nord;CM006001;Bnou;CM006001001;Bascheo;Hossere Ngoh;village
cameroun;CM006;Nord;CM006001;Bnou;CM006001003;Dembo;Ouro Alkali;village
cameroun;CM006;Nord;CM006001;Bnou;CM006001003;Dembo;Djatoumi 1;village
cameroun;CM006;Nord;CM006001;Bnou;CM006001003;Dembo;Boulmi;village
cameroun;CM006;Nord;CM006001;Bnou;CM006001003;Dembo;Ouro_doundahi;village
cameroun;CM006;Nord;CM006001;Bnou;CM006001003;Dembo;Doundahi;village
cameroun;CM006;Nord;CM006001;Bnou;CM006001001;Bascheo;Fitorou;village
cameroun;CM006;Nord;CM006001;Bnou;CM006001003;Dembo;Daram;village
cameroun;CM006;Nord;CM006001;Bnou;CM006001003;Dembo;Rognou;village
cameroun;CM006;Nord;CM006003;Mayo-Louti;CM006003003;Mayo-Oulo;Nassarao;village
cameroun;CM006;Nord;CM006003;Mayo-Louti;CM006003003;Mayo-Oulo;Wagouri;village
cameroun;CM006;Nord;CM006003;Mayo-Louti;CM006003003;Mayo-Oulo;Debo;village
cameroun;CM006;Nord;CM006001;Bnou;CM006001003;Dembo;Mayo Oulo_bacheo;village
cameroun;CM006;Nord;CM006003;Mayo-Louti;CM006003003;Mayo-Oulo;Solomo;village
cameroun;CM006;Nord;CM006001;Bnou;CM006001003;Dembo;Mayel Mairi;village
cameroun;CM006;Nord;CM006001;Bnou;CM006001003;Dembo;Dombol;village
cameroun;CM006;Nord;CM006001;Bnou;CM006001003;Dembo;Souroundaye;village
cameroun;CM006;Nord;CM006001;Bnou;CM006001003;Dembo;Babessa;village
cameroun;CM006;Nord;CM006001;Bnou;CM006001003;Dembo;Djinebaiti;village
cameroun;CM006;Nord;CM006001;Bnou;CM006001003;Dembo;Dembo;town
cameroun;CM006;Nord;CM006001;Bnou;CM006001003;Dembo;Djaoli;village
cameroun;CM006;Nord;CM006001;Bnou;CM006001010;Pitoa;You;village
cameroun;CM006;Nord;CM006001;Bnou;CM006001010;Pitoa;Ouro Kessoum;village
cameroun;CM006;Nord;CM006001;Bnou;CM006001010;Pitoa;Kefero;village
cameroun;CM006;Nord;CM006001;Bnou;CM006001010;Pitoa;Kefero;village
cameroun;CM006;Nord;CM006001;Bnou;CM006001010;Pitoa;Sokanga;village
cameroun;CM006;Nord;CM006001;Bnou;CM006001010;Pitoa;Chefferie de Pene;village
cameroun;CM006;Nord;CM006001;Bnou;CM006001010;Pitoa;Pena;village
cameroun;CM006;Nord;CM006001;Bnou;CM006001010;Pitoa;Dengui_djippord;village
cameroun;CM006;Nord;CM006001;Bnou;CM006001010;Pitoa;Bariki_badjouma;village
cameroun;CM006;Nord;CM006001;Bnou;CM006001010;Pitoa;Badjouma_guizigare;village
cameroun;CM006;Nord;CM006001;Bnou;CM006001010;Pitoa;Badjouma Radier;village
cameroun;CM006;Nord;CM006001;Bnou;CM006001010;Pitoa;Bodjal;village
cameroun;CM006;Nord;CM006001;Bnou;CM006001010;Pitoa;Djaouro (Chefferie) de Mayo Habaye;village
cameroun;CM006;Nord;CM006001;Bnou;CM006001010;Pitoa;Sorom;village
cameroun;CM006;Nord;CM006001;Bnou;CM006001010;Pitoa;Guidjarou;village
cameroun;CM006;Nord;CM006001;Bnou;CM006001010;Pitoa;Chefferie de Guidjaro;village
cameroun;CM006;Nord;CM006001;Bnou;CM006001010;Pitoa;Moundangre_djelani;village
cameroun;CM006;Nord;CM006001;Bnou;CM006001010;Pitoa;Dolla;village
cameroun;CM006;Nord;CM006001;Bnou;CM006001010;Pitoa;Carrefour_badjouma;village
cameroun;CM006;Nord;CM006001;Bnou;CM006001010;Pitoa;Louinde;village
cameroun;CM006;Nord;CM006001;Bnou;CM006001010;Pitoa;Nigeriare;village
cameroun;CM006;Nord;CM006001;Bnou;CM006001010;Pitoa;Cekande 1;village
cameroun;CM006;Nord;CM006001;Bnou;CM006001010;Pitoa;Cekande_2;village
cameroun;CM006;Nord;CM006001;Bnou;CM006001010;Pitoa;Mbara;village
cameroun;CM006;Nord;CM006001;Bnou;CM006001010;Pitoa;Guebake;village
cameroun;CM006;Nord;CM006001;Bnou;CM006001010;Pitoa;Chefferie de Tokombere;village
cameroun;CM006;Nord;CM006001;Bnou;CM006001010;Pitoa;Pitoa_zac;village
cameroun;CM006;Nord;CM006001;Bnou;CM006001010;Pitoa;Chefferie de Zac;village
cameroun;CM006;Nord;CM006001;Bnou;CM006001010;Pitoa;Chefferie deDoumde Godouji;village
cameroun;CM006;Nord;CM006001;Bnou;CM006001010;Pitoa;Chefferie de Wafango;village
cameroun;CM006;Nord;CM006001;Bnou;CM006001010;Pitoa;Tokombere;village
cameroun;CM006;Nord;CM006001;Bnou;CM006001010;Pitoa;Chefferie de Winde Liroma;village
cameroun;CM006;Nord;CM006001;Bnou;CM006001010;Pitoa;Commune de Pitoa;village
cameroun;CM006;Nord;CM006001;Bnou;CM006001010;Pitoa;Ram;village
cameroun;CM006;Nord;CM006001;Bnou;CM006001010;Pitoa;Chefferie de Kirimbo;village
cameroun;CM006;Nord;CM006001;Bnou;CM006001010;Pitoa;Kirambo;village
cameroun;CM006;Nord;CM006001;Bnou;CM006001010;Pitoa;Sabongari;village
cameroun;CM006;Nord;CM006001;Bnou;CM006001010;Pitoa;Korkae;village
cameroun;CM006;Nord;CM006001;Bnou;CM006001010;Pitoa;Tchollaram;village
cameroun;CM006;Nord;CM006001;Bnou;CM006001010;Pitoa;Delem;village
cameroun;CM006;Nord;CM006001;Bnou;CM006001010;Pitoa;Bapossi;village
cameroun;CM006;Nord;CM006001;Bnou;CM006001010;Pitoa;Chefferie de Ram II;village
cameroun;CM006;Nord;CM006001;Bnou;CM006001010;Pitoa;Dembo;village
cameroun;CM006;Nord;CM006001;Bnou;CM006001010;Pitoa;Toro Centre;village
cameroun;CM006;Nord;CM006001;Bnou;CM006001004;Demsa;Toro_ouro_dole;village
cameroun;CM006;Nord;CM006001;Bnou;CM006001005;Garoua 1er;Djoumassi;village
cameroun;CM006;Nord;CM006001;Bnou;CM006001006;Garoua 2e;Diri;village
cameroun;CM006;Nord;CM006001;Bnou;CM006001006;Garoua 2e;Cheferie de Sonayo;village
cameroun;CM006;Nord;CM006001;Bnou;CM006001010;Pitoa;Cheferie de Mberi;village
cameroun;CM006;Nord;CM006001;Bnou;CM006001010;Pitoa;Mbilga;village
cameroun;CM006;Nord;CM006001;Bnou;CM006001010;Pitoa;Doudja;village
cameroun;CM006;Nord;CM006001;Bnou;CM006001010;Pitoa;Banaye;village
cameroun;CM006;Nord;CM006001;Bnou;CM006001010;Pitoa;Chefferie de Banaye;village
cameroun;CM006;Nord;CM006001;Bnou;CM006001010;Pitoa;Chefferie de Dollere I;village
cameroun;CM006;Nord;CM006001;Bnou;CM006001010;Pitoa;Dollere;village
cameroun;CM006;Nord;CM006001;Bnou;CM006001010;Pitoa;Chefferie de Gadamayo;village
cameroun;CM006;Nord;CM006001;Bnou;CM006001010;Pitoa;Chefferie de Djantari;village
cameroun;CM006;Nord;CM006001;Bnou;CM006001010;Pitoa;Bounguel;village
cameroun;CM006;Nord;CM006001;Bnou;CM006001010;Pitoa;Boulgou;village
cameroun;CM006;Nord;CM006001;Bnou;CM006001010;Pitoa;Concession Projet_neb;village
cameroun;CM006;Nord;CM006001;Bnou;CM006001010;Pitoa;Chefferie de Bounguel;village
cameroun;CM006;Nord;CM006001;Bnou;CM006001010;Pitoa;Chefferie de Ribadou;village
cameroun;CM006;Nord;CM006001;Bnou;CM006001010;Pitoa;Chefferie de Ouro Kessoum;village
cameroun;CM006;Nord;CM006001;Bnou;CM006001010;Pitoa;Chefferie de Moundang;village
cameroun;CM006;Nord;CM006001;Bnou;CM006001010;Pitoa;Pitoa;town
cameroun;CM006;Nord;CM006001;Bnou;CM006001010;Pitoa;Chefferie de Sara;village
cameroun;CM006;Nord;CM006001;Bnou;CM006001010;Pitoa;Chefferie de Bainaware;village
cameroun;CM006;Nord;CM006001;Bnou;CM006001010;Pitoa;Chefferie de Guizigare;village
cameroun;CM006;Nord;CM006001;Bnou;CM006001010;Pitoa;Chefferie de Pitoa Centre;village
cameroun;CM006;Nord;CM006001;Bnou;CM006001007;Garoua 3e;Perma;village
cameroun;CM006;Nord;CM006001;Bnou;CM006001007;Garoua 3e;Harande;village
cameroun;CM006;Nord;CM006001;Bnou;CM006001007;Garoua 3e;Kismatari;village
cameroun;CM006;Nord;CM006001;Bnou;CM006001006;Garoua 2e;Nassarao;village
cameroun;CM006;Nord;CM006001;Bnou;CM006001007;Garoua 3e;Bockle;village
cameroun;CM006;Nord;CM006001;Bnou;CM006001007;Garoua 3e;Badoudi;village
cameroun;CM006;Nord;CM006001;Bnou;CM006001007;Garoua 3e;Kourmi;village
cameroun;CM006;Nord;CM006001;Bnou;CM006001007;Garoua 3e;Kourmi;village
cameroun;CM006;Nord;CM006001;Bnou;CM006001007;Garoua 3e;Badoudi;village
cameroun;CM006;Nord;CM006001;Bnou;CM006001007;Garoua 3e;Douka;village
cameroun;CM006;Nord;CM006001;Bnou;CM006001011;Tcheboa;Ouro Haoussa;village
cameroun;CM006;Nord;CM006001;Bnou;CM006001011;Tcheboa;Meidjadou;village
cameroun;CM006;Nord;CM006001;Bnou;CM006001011;Tcheboa;Ouro_haoussa;village
cameroun;CM006;Nord;CM006001;Bnou;CM006001011;Tcheboa;Sikito;village
cameroun;CM006;Nord;CM006001;Bnou;CM006001007;Garoua 3e;Dalingo 2;village
cameroun;CM006;Nord;CM006001;Bnou;CM006001011;Tcheboa;Mayo_dadi;village
cameroun;CM006;Nord;CM006001;Bnou;CM006001007;Garoua 3e;Mayo Andala;village
cameroun;CM006;Nord;CM006001;Bnou;CM006001007;Garoua 3e;Djalingo_1;village
cameroun;CM006;Nord;CM006001;Bnou;CM006001007;Garoua 3e;Sanguere Paul;village
cameroun;CM006;Nord;CM006001;Bnou;CM006001007;Garoua 3e;Sanguere ndere;village
cameroun;CM006;Nord;CM006001;Bnou;CM006001007;Garoua 3e;Sanguere Ndjoi;village
cameroun;CM006;Nord;CM006001;Bnou;CM006001007;Garoua 3e;Sanguere Ngal;village
cameroun;CM006;Nord;CM006001;Bnou;CM006001007;Garoua 3e;Sanguere_ngal;village
cameroun;CM006;Nord;CM006001;Bnou;CM006001011;Tcheboa;Mafa Kilda;village
cameroun;CM006;Nord;CM006001;Bnou;CM006001011;Tcheboa;Gada Tchofol;village
cameroun;CM006;Nord;CM006001;Bnou;CM006001011;Tcheboa;Nabouli;village
cameroun;CM006;Nord;CM006001;Bnou;CM006001007;Garoua 3e;Babla;village
cameroun;CM006;Nord;CM006001;Bnou;CM006001007;Garoua 3e;Douli;village
cameroun;CM004;Extrme-Nord;CM004003;Mayo-Danay;CM004003002;Gobo;Goufga;village
cameroun;CM004;Extrme-Nord;CM004003;Mayo-Danay;CM004003011;Yagoua;Dana;village
cameroun;CM004;Extrme-Nord;CM004003;Mayo-Danay;CM004003011;Yagoua;Ngaina;village
cameroun;CM004;Extrme-Nord;CM004003;Mayo-Danay;CM004003003;Guere;Bangana;village
cameroun;CM004;Extrme-Nord;CM004003;Mayo-Danay;CM004003003;Guere;Dangabissi;village
cameroun;CM004;Extrme-Nord;CM004003;Mayo-Danay;CM004003003;Guere;Douseye;village
cameroun;CM004;Extrme-Nord;CM004003;Mayo-Danay;CM004003011;Yagoua;Mouri 2;village
cameroun;CM004;Extrme-Nord;CM004003;Mayo-Danay;CM004003011;Yagoua;Mouri 1;village
cameroun;CM004;Extrme-Nord;CM004003;Mayo-Danay;CM004003011;Yagoua;Domo;village
cameroun;CM004;Extrme-Nord;CM004003;Mayo-Danay;CM004003011;Yagoua;Tcherfeke Koffa_2;village
cameroun;CM004;Extrme-Nord;CM004003;Mayo-Danay;CM004003011;Yagoua;Guendjem;village
cameroun;CM004;Extrme-Nord;CM004003;Mayo-Danay;CM004003011;Yagoua;Dom Djourou;village
cameroun;CM004;Extrme-Nord;CM004003;Mayo-Danay;CM004003011;Yagoua;Tcherfeke Koffa_1;village
cameroun;CM004;Extrme-Nord;CM004003;Mayo-Danay;CM004003011;Yagoua;Dana Mouseye;village
cameroun;CM004;Extrme-Nord;CM004003;Mayo-Danay;CM004003011;Yagoua;Kotkong;village
cameroun;CM004;Extrme-Nord;CM004003;Mayo-Danay;CM004003011;Yagoua;Koudoufou;village
cameroun;CM004;Extrme-Nord;CM004003;Mayo-Danay;CM004003011;Yagoua;Tcherfeke_centre;village
cameroun;CM004;Extrme-Nord;CM004003;Mayo-Danay;CM004003005;Kalfou;Bougay;village
cameroun;CM004;Extrme-Nord;CM004003;Mayo-Danay;CM004003011;Yagoua;Koro Koro;village
cameroun;CM004;Extrme-Nord;CM004003;Mayo-Danay;CM004003005;Kalfou;Guinane;village
cameroun;CM004;Extrme-Nord;CM004003;Mayo-Danay;CM004003011;Yagoua;Guissia;village
cameroun;CM004;Extrme-Nord;CM004003;Mayo-Danay;CM004003011;Yagoua;Kounou;village
cameroun;CM004;Extrme-Nord;CM004003;Mayo-Danay;CM004003011;Yagoua;Batai 2;village
cameroun;CM004;Extrme-Nord;CM004003;Mayo-Danay;CM004003011;Yagoua;Batai 1;village
cameroun;CM004;Extrme-Nord;CM004003;Mayo-Danay;CM004003011;Yagoua;Djanga;village
cameroun;CM004;Extrme-Nord;CM004003;Mayo-Danay;CM004003011;Yagoua;Wina;town
cameroun;CM004;Extrme-Nord;CM004003;Mayo-Danay;CM004003011;Yagoua;Djondong;town
cameroun;CM004;Extrme-Nord;CM004003;Mayo-Danay;CM004003011;Yagoua;Karmaye;village
cameroun;CM004;Extrme-Nord;CM004003;Mayo-Danay;CM004003011;Yagoua;Djaward;village
cameroun;CM004;Extrme-Nord;CM004003;Mayo-Danay;CM004003011;Yagoua;Hougno;village
cameroun;CM004;Extrme-Nord;CM004003;Mayo-Danay;CM004003011;Yagoua;Houg;village
cameroun;CM004;Extrme-Nord;CM004003;Mayo-Danay;CM004003011;Yagoua;Guidoua;village
cameroun;CM004;Extrme-Nord;CM004003;Mayo-Danay;CM004003010;Wina;Gangalang;village
cameroun;CM004;Extrme-Nord;CM004003;Mayo-Danay;CM004003010;Wina;Golompoui;village
cameroun;CM004;Extrme-Nord;CM004003;Mayo-Danay;CM004003001;Datcheka;Mouriyouki;village
cameroun;CM004;Extrme-Nord;CM004003;Mayo-Danay;CM004003001;Datcheka;Datchka;town
cameroun;CM004;Extrme-Nord;CM004003;Mayo-Danay;CM004003010;Wina;Mbrao;village
cameroun;CM004;Extrme-Nord;CM004003;Mayo-Danay;CM004003010;Wina;Kourbi;village
cameroun;CM004;Extrme-Nord;CM004003;Mayo-Danay;CM004003010;Wina;Golonhobe;village
cameroun;CM004;Extrme-Nord;CM004003;Mayo-Danay;CM004003006;Kar-Hay;Darbo;village
cameroun;CM004;Extrme-Nord;CM004003;Mayo-Danay;CM004003001;Datcheka;Youey;village
cameroun;CM004;Extrme-Nord;CM004003;Mayo-Danay;CM004003006;Kar-Hay;Touksou;village
cameroun;CM004;Extrme-Nord;CM004003;Mayo-Danay;CM004003006;Kar-Hay;Walia;village
cameroun;CM004;Extrme-Nord;CM004003;Mayo-Danay;CM004003006;Kar-Hay;Golongari;village
cameroun;CM004;Extrme-Nord;CM004003;Mayo-Danay;CM004003001;Datcheka;Youaye Taala;village
cameroun;CM004;Extrme-Nord;CM004003;Mayo-Danay;CM004003001;Datcheka;Labalega;village
cameroun;CM004;Extrme-Nord;CM004003;Mayo-Danay;CM004003001;Datcheka;Gouin;village
cameroun;CM004;Extrme-Nord;CM004003;Mayo-Danay;CM004003001;Datcheka;Ta'ala Kabi;village
cameroun;CM004;Extrme-Nord;CM004003;Mayo-Danay;CM004003001;Datcheka;Konkrong;village
cameroun;CM004;Extrme-Nord;CM004003;Mayo-Danay;CM004003001;Datcheka;Tibale;village
cameroun;CM004;Extrme-Nord;CM004003;Mayo-Danay;CM004003001;Datcheka;Gaigai;village
cameroun;CM004;Extrme-Nord;CM004003;Mayo-Danay;CM004003001;Datcheka;Sokom;village
cameroun;CM004;Extrme-Nord;CM004003;Mayo-Danay;CM004003001;Datcheka;Zouaye;village
cameroun;CM004;Extrme-Nord;CM004003;Mayo-Danay;CM004003001;Datcheka;Lara;village
cameroun;CM004;Extrme-Nord;CM004003;Mayo-Danay;CM004003001;Datcheka;Warsaye;village
cameroun;CM004;Extrme-Nord;CM004003;Mayo-Danay;CM004003008;Tchatibali;Danglao;village
cameroun;CM004;Extrme-Nord;CM004003;Mayo-Danay;CM004003001;Datcheka;Gouna;village
cameroun;CM004;Extrme-Nord;CM004003;Mayo-Danay;CM004003006;Kar-Hay;Douaye;village
cameroun;CM004;Extrme-Nord;CM004003;Mayo-Danay;CM004003006;Kar-Hay;Dangba;village
cameroun;CM004;Extrme-Nord;CM004003;Mayo-Danay;CM004003006;Kar-Hay;Dadjamka;village
cameroun;CM004;Extrme-Nord;CM004003;Mayo-Danay;CM004003006;Kar-Hay;Tougoui;village
cameroun;CM004;Extrme-Nord;CM004003;Mayo-Danay;CM004003001;Datcheka;Dabou;village
cameroun;CM004;Extrme-Nord;CM004003;Mayo-Danay;CM004003006;Kar-Hay;Oulargo;village
cameroun;CM004;Extrme-Nord;CM004003;Mayo-Danay;CM004003006;Kar-Hay;Boubaye;village
cameroun;CM004;Extrme-Nord;CM004003;Mayo-Danay;CM004003006;Kar-Hay;Dalga;village
cameroun;CM004;Extrme-Nord;CM004003;Mayo-Danay;CM004003006;Kar-Hay;Oulargo;village
cameroun;CM004;Extrme-Nord;CM004003;Mayo-Danay;CM004003006;Kar-Hay;Bouzar;village
cameroun;CM004;Extrme-Nord;CM004003;Mayo-Danay;CM004003006;Kar-Hay;Damdama;village
cameroun;CM004;Extrme-Nord;CM004003;Mayo-Danay;CM004003006;Kar-Hay;Doukoula;town
cameroun;CM004;Extrme-Nord;CM004003;Mayo-Danay;CM004003006;Kar-Hay;Kar-Hay;town
cameroun;CM004;Extrme-Nord;CM004003;Mayo-Danay;CM004003005;Kalfou;Guidingding;village
cameroun;CM004;Extrme-Nord;CM004003;Mayo-Danay;CM004003005;Kalfou;Guissia;village
cameroun;CM004;Extrme-Nord;CM004003;Mayo-Danay;CM004003005;Kalfou;Lokoro;village
cameroun;CM004;Extrme-Nord;CM004003;Mayo-Danay;CM004003005;Kalfou;Koro-koro;village
cameroun;CM004;Extrme-Nord;CM004003;Mayo-Danay;CM004003005;Kalfou;Djabeol;village
cameroun;CM004;Extrme-Nord;CM004003;Mayo-Danay;CM004003005;Kalfou;Daiba;village
cameroun;CM004;Extrme-Nord;CM004003;Mayo-Danay;CM004003005;Kalfou;Hamdalao;village
cameroun;CM004;Extrme-Nord;CM004003;Mayo-Danay;CM004003005;Kalfou;Kalfou;town
cameroun;CM004;Extrme-Nord;CM004004;Mayo-Kani;CM004004006;Porhi;Manimbakri;village
cameroun;CM004;Extrme-Nord;CM004003;Mayo-Danay;CM004003005;Kalfou;Miskine;village
cameroun;CM004;Extrme-Nord;CM004003;Mayo-Danay;CM004003005;Kalfou;Gamloum;village
cameroun;CM004;Extrme-Nord;CM004003;Mayo-Danay;CM004003005;Kalfou;Mogom;village
cameroun;CM004;Extrme-Nord;CM004003;Mayo-Danay;CM004003006;Kar-Hay;Yoldeo;village
cameroun;CM004;Extrme-Nord;CM004003;Mayo-Danay;CM004003006;Kar-Hay;Takreo;village
cameroun;CM004;Extrme-Nord;CM004004;Mayo-Kani;CM004004006;Porhi;Bardouki;village
cameroun;CM004;Extrme-Nord;CM004004;Mayo-Kani;CM004004006;Porhi;Dargala;village
cameroun;CM004;Extrme-Nord;CM004004;Mayo-Kani;CM004004006;Porhi;Golondakri;village
cameroun;CM004;Extrme-Nord;CM004004;Mayo-Kani;CM004004006;Porhi;Nimbakri;village
cameroun;CM004;Extrme-Nord;CM004004;Mayo-Kani;CM004004006;Porhi;Doworga;village
cameroun;CM004;Extrme-Nord;CM004004;Mayo-Kani;CM004004006;Porhi;Touloum;town
cameroun;CM004;Extrme-Nord;CM004004;Mayo-Kani;CM004004006;Porhi;Kaoya;village
cameroun;CM004;Extrme-Nord;CM004004;Mayo-Kani;CM004004006;Porhi;Bizili_gazawa;village
cameroun;CM004;Extrme-Nord;CM004004;Mayo-Kani;CM004004006;Porhi;Bizili Baba;village
cameroun;CM004;Extrme-Nord;CM004004;Mayo-Kani;CM004004006;Porhi;Kabla;village
cameroun;CM004;Extrme-Nord;CM004004;Mayo-Kani;CM004004004;Moulvoudaye;Nguirling;village
cameroun;CM004;Extrme-Nord;CM004004;Mayo-Kani;CM004004006;Porhi;Kofid;village
cameroun;CM004;Extrme-Nord;CM004004;Mayo-Kani;CM004004004;Moulvoudaye;Mayel Badji;village
cameroun;CM004;Extrme-Nord;CM004004;Mayo-Kani;CM004004004;Moulvoudaye;Sarman;village
cameroun;CM004;Extrme-Nord;CM004004;Mayo-Kani;CM004004004;Moulvoudaye;Padala;village
cameroun;CM004;Extrme-Nord;CM004004;Mayo-Kani;CM004004001;Guidiguis;Guidiguis;town
cameroun;CM004;Extrme-Nord;CM004004;Mayo-Kani;CM004004001;Guidiguis;Bitchare;village
cameroun;CM004;Extrme-Nord;CM004004;Mayo-Kani;CM004004001;Guidiguis;Doubane;village
cameroun;CM004;Extrme-Nord;CM004004;Mayo-Kani;CM004004006;Porhi;Waiba;village
cameroun;CM004;Extrme-Nord;CM004004;Mayo-Kani;CM004004006;Porhi;Gadd-Mayo;village
cameroun;CM004;Extrme-Nord;CM004004;Mayo-Kani;CM004004006;Porhi;SALMAYE WERMOYA;village
cameroun;CM004;Extrme-Nord;CM004004;Mayo-Kani;CM004004006;Porhi;Djernigu;village
cameroun;CM004;Extrme-Nord;CM004004;Mayo-Kani;CM004004006;Porhi;Timana;village
cameroun;CM004;Extrme-Nord;CM004004;Mayo-Kani;CM004004006;Porhi;Siguor;village
cameroun;CM004;Extrme-Nord;CM004004;Mayo-Kani;CM004004006;Porhi;Tocktining;village
cameroun;CM004;Extrme-Nord;CM004004;Mayo-Kani;CM004004006;Porhi;Fadr;village
cameroun;CM004;Extrme-Nord;CM004004;Mayo-Kani;CM004004006;Porhi;Tulum- Butu;village
cameroun;CM004;Extrme-Nord;CM004004;Mayo-Kani;CM004004006;Porhi;Sao Tcha;village
cameroun;CM004;Extrme-Nord;CM004004;Mayo-Kani;CM004004001;Guidiguis;Golondere;village
cameroun;CM004;Extrme-Nord;CM004004;Mayo-Kani;CM004004001;Guidiguis;Patalao;village
cameroun;CM004;Extrme-Nord;CM004004;Mayo-Kani;CM004004007;Taibong;Defin;village
cameroun;CM004;Extrme-Nord;CM004004;Mayo-Kani;CM004004007;Taibong;Danwarega;village
cameroun;CM004;Extrme-Nord;CM004004;Mayo-Kani;CM004004007;Taibong;Pade;village
cameroun;CM004;Extrme-Nord;CM004004;Mayo-Kani;CM004004007;Taibong;Domba;village
cameroun;CM004;Extrme-Nord;CM004004;Mayo-Kani;CM004004007;Taibong;Mandaigoum;village
cameroun;CM004;Extrme-Nord;CM004004;Mayo-Kani;CM004004007;Taibong;Lamtare;village
cameroun;CM004;Extrme-Nord;CM004004;Mayo-Kani;CM004004007;Taibong;Goundeye;village
cameroun;CM004;Extrme-Nord;CM004004;Mayo-Kani;CM004004007;Taibong;Souwaye;village
cameroun;CM006;Nord;CM006003;Mayo-Louti;CM006003001;Figuil;Biou;village
cameroun;CM006;Nord;CM006003;Mayo-Louti;CM006003001;Figuil;Bidzar Yaoundou;village
cameroun;CM006;Nord;CM006003;Mayo-Louti;CM006003001;Figuil;Bidzar Tela;village
cameroun;CM006;Nord;CM006003;Mayo-Louti;CM006003001;Figuil;Bawaka;village
cameroun;CM006;Nord;CM006003;Mayo-Louti;CM006003001;Figuil;Douknoukou;village
cameroun;CM006;Nord;CM006003;Mayo-Louti;CM006003001;Figuil;Gueguelde;village
cameroun;CM006;Nord;CM006003;Mayo-Louti;CM006003001;Figuil;Maria Riake;village
cameroun;CM006;Nord;CM006003;Mayo-Louti;CM006003001;Figuil;Indjode;village
cameroun;CM006;Nord;CM006003;Mayo-Louti;CM006003001;Figuil;Wayeba;village
cameroun;CM006;Nord;CM006003;Mayo-Louti;CM006003001;Figuil;Kaptalam;village
cameroun;CM006;Nord;CM006003;Mayo-Louti;CM006003001;Figuil;Madakamna;village
cameroun;CM006;Nord;CM006003;Mayo-Louti;CM006003001;Figuil;Bidzar_sud;village
cameroun;CM006;Nord;CM006003;Mayo-Louti;CM006003001;Figuil;Douala Biou;village
cameroun;CM006;Nord;CM006003;Mayo-Louti;CM006003001;Figuil;Mokote;village
cameroun;CM006;Nord;CM006003;Mayo-Louti;CM006003001;Figuil;Djabe Figuil;village
cameroun;CM006;Nord;CM006001;Bnou;CM006001002;Bibemi;Vonre;village
cameroun;CM006;Nord;CM006003;Mayo-Louti;CM006003001;Figuil;Ndelele;village
cameroun;CM006;Nord;CM006003;Mayo-Louti;CM006003001;Figuil;Waleol So;village
cameroun;CM006;Nord;CM006001;Bnou;CM006001002;Bibemi;Djaloumi Poupou;village
cameroun;CM006;Nord;CM006001;Bnou;CM006001002;Bibemi;Makassele;village
cameroun;CM006;Nord;CM006001;Bnou;CM006001002;Bibemi;Piaga;village
cameroun;CM006;Nord;CM006001;Bnou;CM006001002;Bibemi;Kakou;village
cameroun;CM006;Nord;CM006001;Bnou;CM006001002;Bibemi;Lam;village
cameroun;CM006;Nord;CM006001;Bnou;CM006001002;Bibemi;Katcheo Lam;village
cameroun;CM006;Nord;CM006003;Mayo-Louti;CM006003002;Guider;Bissoli;village
cameroun;CM006;Nord;CM006003;Mayo-Louti;CM006003001;Figuil;Kakala;village
cameroun;CM006;Nord;CM006003;Mayo-Louti;CM006003001;Figuil;Kafinarou;village
cameroun;CM006;Nord;CM006003;Mayo-Louti;CM006003001;Figuil;Ouro Maray;village
cameroun;CM006;Nord;CM006003;Mayo-Louti;CM006003002;Guider;Bafouni;village
cameroun;CM006;Nord;CM006003;Mayo-Louti;CM006003002;Guider;Djamtari;village
cameroun;CM006;Nord;CM006003;Mayo-Louti;CM006003002;Guider;Ribao;village
cameroun;CM006;Nord;CM006003;Mayo-Louti;CM006003002;Guider;Ouro Haoussa;village
cameroun;CM006;Nord;CM006003;Mayo-Louti;CM006003001;Figuil;Pomla;village
cameroun;CM006;Nord;CM006003;Mayo-Louti;CM006003002;Guider;Koina Maigari;village
cameroun;CM006;Nord;CM006003;Mayo-Louti;CM006003001;Figuil;Kazanga;village
cameroun;CM006;Nord;CM006003;Mayo-Louti;CM006003001;Figuil;Ouro Mal_siddiki;village
cameroun;CM006;Nord;CM006003;Mayo-Louti;CM006003001;Figuil;Pomla_figuil;village
cameroun;CM006;Nord;CM006003;Mayo-Louti;CM006003001;Figuil;Figuil;town
cameroun;CM006;Nord;CM006003;Mayo-Louti;CM006003001;Figuil;Doundehi;village
cameroun;CM006;Nord;CM006003;Mayo-Louti;CM006003001;Figuil;Karewa;village
cameroun;CM006;Nord;CM006003;Mayo-Louti;CM006003001;Figuil;Ouro_ngara;village
cameroun;CM006;Nord;CM006003;Mayo-Louti;CM006003001;Figuil;Pelgue;village
cameroun;CM006;Nord;CM006003;Mayo-Louti;CM006003001;Figuil;Koidawa;village
cameroun;CM006;Nord;CM006003;Mayo-Louti;CM006003001;Figuil;Kereng_figuil;village
cameroun;CM006;Nord;CM006003;Mayo-Louti;CM006003001;Figuil;Kereng_guider;village
cameroun;CM006;Nord;CM006003;Mayo-Louti;CM006003001;Figuil;Kole;village
cameroun;CM006;Nord;CM006003;Mayo-Louti;CM006003001;Figuil;Maissanda;village
cameroun;CM006;Nord;CM006003;Mayo-Louti;CM006003001;Figuil;Bouba Djara;village
cameroun;CM006;Nord;CM006003;Mayo-Louti;CM006003001;Figuil;Bang;village
cameroun;CM006;Nord;CM006003;Mayo-Louti;CM006003001;Figuil;Mayo_kewe;village
cameroun;CM006;Nord;CM006003;Mayo-Louti;CM006003001;Figuil;Kossel_daneel;village
cameroun;CM006;Nord;CM006003;Mayo-Louti;CM006003001;Figuil;Kossel Djohi;village
cameroun;CM006;Nord;CM006003;Mayo-Louti;CM006003001;Figuil;Golomo Guider;village
cameroun;CM006;Nord;CM006003;Mayo-Louti;CM006003002;Guider;Dibbi;village
cameroun;CM006;Nord;CM006003;Mayo-Louti;CM006003002;Guider;Guider_sanguere;village
cameroun;CM006;Nord;CM006003;Mayo-Louti;CM006003002;Guider;Ouro_alhadji;village
cameroun;CM006;Nord;CM006003;Mayo-Louti;CM006003002;Guider;Kola;village
cameroun;CM006;Nord;CM006003;Mayo-Louti;CM006003002;Guider;Bohong;village
cameroun;CM006;Nord;CM006003;Mayo-Louti;CM006003002;Guider;Ouro Labay;village
cameroun;CM006;Nord;CM006003;Mayo-Louti;CM006003002;Guider;Djamboutou;village
cameroun;CM006;Nord;CM006003;Mayo-Louti;CM006003002;Guider;Mayel_bainga;village
cameroun;CM006;Nord;CM006003;Mayo-Louti;CM006003002;Guider;Djedjengue;village
cameroun;CM006;Nord;CM006003;Mayo-Louti;CM006003002;Guider;Sibre_torou;village
cameroun;CM006;Nord;CM006003;Mayo-Louti;CM006003002;Guider;Chibre;village
cameroun;CM006;Nord;CM006003;Mayo-Louti;CM006003002;Guider;Soukoundou_centre;village
cameroun;CM006;Nord;CM006003;Mayo-Louti;CM006003002;Guider;Waleol_roubo;village
cameroun;CM006;Nord;CM006003;Mayo-Louti;CM006003002;Guider;Soukoundou Casier;village
cameroun;CM006;Nord;CM006003;Mayo-Louti;CM006003002;Guider;Kadjonka;village
cameroun;CM006;Nord;CM006003;Mayo-Louti;CM006003002;Guider;Mayel Poli;village
cameroun;CM006;Nord;CM006003;Mayo-Louti;CM006003003;Mayo-Oulo;Korake;village
cameroun;CM006;Nord;CM006003;Mayo-Louti;CM006003003;Mayo-Oulo;Gane;village
cameroun;CM006;Nord;CM006003;Mayo-Louti;CM006003003;Mayo-Oulo;Broh;village
cameroun;CM006;Nord;CM006003;Mayo-Louti;CM006003003;Mayo-Oulo;Mbro;village
cameroun;CM006;Nord;CM006003;Mayo-Louti;CM006003002;Guider;Gara Guider;village
cameroun;CM006;Nord;CM006003;Mayo-Louti;CM006003002;Guider;Gara Golombe;village
cameroun;CM006;Nord;CM006003;Mayo-Louti;CM006003002;Guider;Mallia;village
cameroun;CM006;Nord;CM006003;Mayo-Louti;CM006003003;Mayo-Oulo;Mbo;village
cameroun;CM006;Nord;CM006003;Mayo-Louti;CM006003002;Guider;Babouri;village
cameroun;CM006;Nord;CM006003;Mayo-Louti;CM006003002;Guider;Kona;village
cameroun;CM006;Nord;CM006003;Mayo-Louti;CM006003002;Guider;Ganda;village
cameroun;CM006;Nord;CM006003;Mayo-Louti;CM006003002;Guider;Lombel;village
cameroun;CM006;Nord;CM006003;Mayo-Louti;CM006003002;Guider;Mayel_dackoume;village
cameroun;CM006;Nord;CM006003;Mayo-Louti;CM006003002;Guider;Ouro Djouvoul;village
cameroun;CM006;Nord;CM006003;Mayo-Louti;CM006003002;Guider;Sorawel;town
cameroun;CM006;Nord;CM006003;Mayo-Louti;CM006003002;Guider;Ouro_sarguere;village
cameroun;CM006;Nord;CM006003;Mayo-Louti;CM006003002;Guider;Walde Bororo;village
cameroun;CM006;Nord;CM006003;Mayo-Louti;CM006003002;Guider;Heri;village
cameroun;CM006;Nord;CM006003;Mayo-Louti;CM006003002;Guider;Dansang;village
cameroun;CM006;Nord;CM006003;Mayo-Louti;CM006003002;Guider;Gatouguel;village
cameroun;CM006;Nord;CM006003;Mayo-Louti;CM006003002;Guider;Koina_messengue;village
cameroun;CM006;Nord;CM006003;Mayo-Louti;CM006003002;Guider;Mayel Danfang;village
cameroun;CM006;Nord;CM006003;Mayo-Louti;CM006003002;Guider;Tchebore;village
cameroun;CM006;Nord;CM006003;Mayo-Louti;CM006003002;Guider;Soulkandou;village
cameroun;CM006;Nord;CM006003;Mayo-Louti;CM006003002;Guider;Tchonchi;village
cameroun;CM006;Nord;CM006003;Mayo-Louti;CM006003002;Guider;Mangalbaya;village
cameroun;CM006;Nord;CM006003;Mayo-Louti;CM006003002;Guider;Singuele;village
cameroun;CM006;Nord;CM006003;Mayo-Louti;CM006003002;Guider;Mayo Kora;village
cameroun;CM006;Nord;CM006001;Bnou;CM006001002;Bibemi;Kalao;village
cameroun;CM006;Nord;CM006003;Mayo-Louti;CM006003002;Guider;Kossi;village
cameroun;CM006;Nord;CM006003;Mayo-Louti;CM006003002;Guider;Bima;village
cameroun;CM006;Nord;CM006003;Mayo-Louti;CM006003002;Guider;Golombe;village
cameroun;CM006;Nord;CM006003;Mayo-Louti;CM006003002;Guider;Bariki;village
cameroun;CM006;Nord;CM006003;Mayo-Louti;CM006003002;Guider;Pazara;village
cameroun;CM006;Nord;CM006003;Mayo-Louti;CM006003002;Guider;Tchangou;village
cameroun;CM006;Nord;CM006003;Mayo-Louti;CM006003002;Guider;Nafan;village
cameroun;CM006;Nord;CM006001;Bnou;CM006001010;Pitoa;Sodalou;village
cameroun;CM006;Nord;CM006003;Mayo-Louti;CM006003002;Guider;Ouro Bara;village
cameroun;CM006;Nord;CM006003;Mayo-Louti;CM006003002;Guider;Djabi;village
cameroun;CM006;Nord;CM006003;Mayo-Louti;CM006003002;Guider;Djounde;village
cameroun;CM006;Nord;CM006003;Mayo-Louti;CM006003002;Guider;Tchekal;village
cameroun;CM006;Nord;CM006003;Mayo-Louti;CM006003002;Guider;Ouro_nay;village
cameroun;CM006;Nord;CM006003;Mayo-Louti;CM006003002;Guider;Bambalo;village
cameroun;CM006;Nord;CM006003;Mayo-Louti;CM006003002;Guider;Dalami;village
cameroun;CM006;Nord;CM006003;Mayo-Louti;CM006003002;Guider;Bassira;village
cameroun;CM006;Nord;CM006003;Mayo-Louti;CM006003002;Guider;Kouladje;village
cameroun;CM006;Nord;CM006001;Bnou;CM006001010;Pitoa;Boula-Ibi;town
cameroun;CM006;Nord;CM006001;Bnou;CM006001010;Pitoa;Guizigare;village
cameroun;CM006;Nord;CM006001;Bnou;CM006001010;Pitoa;Ngoulet;village
cameroun;CM006;Nord;CM006003;Mayo-Louti;CM006003002;Guider;Babanguel;village
cameroun;CM006;Nord;CM006003;Mayo-Louti;CM006003002;Guider;Goudourou;village
cameroun;CM006;Nord;CM006003;Mayo-Louti;CM006003002;Guider;Wandjara;village
cameroun;CM004;Extrme-Nord;CM004004;Mayo-Kani;CM004004007;Taibong;Sao_gnawe;village
cameroun;CM004;Extrme-Nord;CM004004;Mayo-Kani;CM004004007;Taibong;Mbrodong;village
cameroun;CM004;Extrme-Nord;CM004004;Mayo-Kani;CM004004007;Taibong;Houang;village
cameroun;CM004;Extrme-Nord;CM004004;Mayo-Kani;CM004004007;Taibong;Werseore;village
cameroun;CM004;Extrme-Nord;CM004004;Mayo-Kani;CM004004007;Taibong;Golonghini;village
cameroun;CM004;Extrme-Nord;CM004004;Mayo-Kani;CM004004007;Taibong;Golonghini;village
cameroun;CM004;Extrme-Nord;CM004004;Mayo-Kani;CM004004007;Taibong;Tibegue;village
cameroun;CM004;Extrme-Nord;CM004004;Mayo-Kani;CM004004007;Taibong;Taibong;town
cameroun;CM004;Extrme-Nord;CM004004;Mayo-Kani;CM004004007;Taibong;Dziguilao;town
cameroun;CM004;Extrme-Nord;CM004004;Mayo-Kani;CM004004007;Taibong;Danhou;village
cameroun;CM004;Extrme-Nord;CM004003;Mayo-Danay;CM004003008;Tchatibali;Werfeo;village
cameroun;CM004;Extrme-Nord;CM004003;Mayo-Danay;CM004003008;Tchatibali;Manhounouga;village
cameroun;CM004;Extrme-Nord;CM004003;Mayo-Danay;CM004003008;Tchatibali;Wibiwa;village
cameroun;CM004;Extrme-Nord;CM004003;Mayo-Danay;CM004003008;Tchatibali;Dosgoum;village
cameroun;CM004;Extrme-Nord;CM004004;Mayo-Kani;CM004004007;Taibong;Yekwang;village
cameroun;CM004;Extrme-Nord;CM004004;Mayo-Kani;CM004004007;Taibong;Manembague;village
cameroun;CM004;Extrme-Nord;CM004004;Mayo-Kani;CM004004007;Taibong;Bogo;village
cameroun;CM004;Extrme-Nord;CM004004;Mayo-Kani;CM004004007;Taibong;Mboroh;village
cameroun;CM004;Extrme-Nord;CM004004;Mayo-Kani;CM004004007;Taibong;Saohoyomo;village
cameroun;CM004;Extrme-Nord;CM004004;Mayo-Kani;CM004004006;Porhi;Walia;village
cameroun;CM004;Extrme-Nord;CM004004;Mayo-Kani;CM004004006;Porhi;Lalipaki;village
cameroun;CM004;Extrme-Nord;CM004003;Mayo-Danay;CM004003006;Kar-Hay;Dongrosse;village
cameroun;CM004;Extrme-Nord;CM004003;Mayo-Danay;CM004003008;Tchatibali;Goua;village
cameroun;CM004;Extrme-Nord;CM004003;Mayo-Danay;CM004003006;Kar-Hay;Kada;village
cameroun;CM004;Extrme-Nord;CM004003;Mayo-Danay;CM004003006;Kar-Hay;Koupirda;village
cameroun;CM004;Extrme-Nord;CM004003;Mayo-Danay;CM004003006;Kar-Hay;Sadjakbe;village
cameroun;CM004;Extrme-Nord;CM004003;Mayo-Danay;CM004003006;Kar-Hay;Sirlawe;village
cameroun;CM004;Extrme-Nord;CM004003;Mayo-Danay;CM004003006;Kar-Hay;Tchatibali;town
cameroun;CM004;Extrme-Nord;CM004003;Mayo-Danay;CM004003006;Kar-Hay;Mandikerleke;village
cameroun;CM004;Extrme-Nord;CM004003;Mayo-Danay;CM004003006;Kar-Hay;Youaye;village
cameroun;CM004;Extrme-Nord;CM004003;Mayo-Danay;CM004003008;Tchatibali;Bindiriel;village
cameroun;CM004;Extrme-Nord;CM004003;Mayo-Danay;CM004003008;Tchatibali;Mandjakma;village
cameroun;CM004;Extrme-Nord;CM004003;Mayo-Danay;CM004003008;Tchatibali;Doudoula;village
cameroun;CM006;Nord;CM006004;Mayo-Rey;CM006004004;Touboro;Laodjara 1;village
cameroun;CM006;Nord;CM006004;Mayo-Rey;CM006004004;Touboro;Sarkalougui;village
cameroun;CM006;Nord;CM006004;Mayo-Rey;CM006004004;Touboro;Mayo Ndah;village
cameroun;CM006;Nord;CM006004;Mayo-Rey;CM006004004;Touboro;Ouro Massara;village
cameroun;CM006;Nord;CM006004;Mayo-Rey;CM006004002;Rey-Bouba;Yagoye;village
cameroun;CM006;Nord;CM006004;Mayo-Rey;CM006004001;Madingring;Djemadjou 2;village
cameroun;CM006;Nord;CM006004;Mayo-Rey;CM006004001;Madingring;Kagnakdje 2;village
cameroun;CM006;Nord;CM006004;Mayo-Rey;CM006004002;Rey-Bouba;Wahoula;village
cameroun;CM006;Nord;CM006004;Mayo-Rey;CM006004001;Madingring;Kagnakdje 1;village
cameroun;CM006;Nord;CM006004;Mayo-Rey;CM006004001;Madingring;Laopouing;village
cameroun;CM006;Nord;CM006004;Mayo-Rey;CM006004001;Madingring;Djamboutou;village
cameroun;CM006;Nord;CM006004;Mayo-Rey;CM006004001;Madingring;Djemreo;village
cameroun;CM006;Nord;CM006004;Mayo-Rey;CM006004002;Rey-Bouba;Bong;village
cameroun;CM006;Nord;CM006004;Mayo-Rey;CM006004002;Rey-Bouba;Pongo;village
cameroun;CM006;Nord;CM006004;Mayo-Rey;CM006004002;Rey-Bouba;Bongo;village
cameroun;CM006;Nord;CM006004;Mayo-Rey;CM006004001;Madingring;Kwoengou;village
cameroun;CM006;Nord;CM006004;Mayo-Rey;CM006004001;Madingring;Madingrin_3;village
cameroun;CM006;Nord;CM006004;Mayo-Rey;CM006004001;Madingring;Madingrin_1;town
cameroun;CM006;Nord;CM006004;Mayo-Rey;CM006004001;Madingring;Djemadjou_1;village
cameroun;CM006;Nord;CM006004;Mayo-Rey;CM006004002;Rey-Bouba;Gor_4;village
cameroun;CM006;Nord;CM006004;Mayo-Rey;CM006004002;Rey-Bouba;Gor 3;village
cameroun;CM006;Nord;CM006004;Mayo-Rey;CM006004002;Rey-Bouba;Gor;town
cameroun;CM006;Nord;CM006004;Mayo-Rey;CM006004002;Rey-Bouba;Gor 2;village
cameroun;CM006;Nord;CM006004;Mayo-Rey;CM006004002;Rey-Bouba;Gandaye;village
cameroun;CM006;Nord;CM006004;Mayo-Rey;CM006004002;Rey-Bouba;Mairoum;village
cameroun;CM006;Nord;CM006004;Mayo-Rey;CM006004002;Rey-Bouba;Winde;village
cameroun;CM006;Nord;CM006004;Mayo-Rey;CM006004002;Rey-Bouba;Gambou;village
cameroun;CM006;Nord;CM006004;Mayo-Rey;CM006004001;Madingring;Massy;village
cameroun;CM006;Nord;CM006004;Mayo-Rey;CM006004001;Madingring;Mayo Djarendji;town
cameroun;CM006;Nord;CM006004;Mayo-Rey;CM006004001;Madingring;Mbaoulari;village
cameroun;CM006;Nord;CM006004;Mayo-Rey;CM006004001;Madingring;Mawaila;village
cameroun;CM006;Nord;CM006004;Mayo-Rey;CM006004001;Madingring;Mamboum;village
cameroun;CM006;Nord;CM006004;Mayo-Rey;CM006004001;Madingring;Kabang;village
cameroun;CM006;Nord;CM006004;Mayo-Rey;CM006004001;Madingring;Mbaldjouk;village
cameroun;CM006;Nord;CM006004;Mayo-Rey;CM006004001;Madingring;Sorombeo;village
cameroun;CM006;Nord;CM006004;Mayo-Rey;CM006004001;Madingring;Laodjougoye;village
cameroun;CM006;Nord;CM006004;Mayo-Rey;CM006004001;Madingring;Mbissiri;village
cameroun;CM006;Nord;CM006004;Mayo-Rey;CM006004001;Madingring;Mbakla;village
cameroun;CM006;Nord;CM006004;Mayo-Rey;CM006004001;Madingring;Fangwileo;village
cameroun;CM006;Nord;CM006004;Mayo-Rey;CM006004001;Madingring;Kongwala;village
cameroun;CM006;Nord;CM006004;Mayo-Rey;CM006004001;Madingring;Baobala;village
cameroun;CM006;Nord;CM006004;Mayo-Rey;CM006004001;Madingring;Bingueo;village
cameroun;CM006;Nord;CM006004;Mayo-Rey;CM006004001;Madingring;Mandy;village
cameroun;CM006;Nord;CM006004;Mayo-Rey;CM006004001;Madingring;Kouloumbou;village
cameroun;CM006;Nord;CM006004;Mayo-Rey;CM006004001;Madingring;Dangai;village
cameroun;CM006;Nord;CM006004;Mayo-Rey;CM006004001;Madingring;Nganadje_1;village
cameroun;CM006;Nord;CM006004;Mayo-Rey;CM006004001;Madingring;Koudjourou;village
cameroun;CM006;Nord;CM006004;Mayo-Rey;CM006004001;Madingring;Nganadje 2;village
cameroun;CM006;Nord;CM006004;Mayo-Rey;CM006004001;Madingring;Nganadje 3;village
cameroun;CM006;Nord;CM006004;Mayo-Rey;CM006004001;Madingring;Djeng 2;village
cameroun;CM006;Nord;CM006004;Mayo-Rey;CM006004001;Madingring;Djeng 1;village
cameroun;CM006;Nord;CM006004;Mayo-Rey;CM006004001;Madingring;Elephants;village
cameroun;CM006;Nord;CM006004;Mayo-Rey;CM006004001;Madingring;Phaco;village
cameroun;CM006;Nord;CM006004;Mayo-Rey;CM006004001;Madingring;Mbilougui;village
cameroun;CM006;Nord;CM006004;Mayo-Rey;CM006004004;Touboro;Louguere;village
cameroun;CM006;Nord;CM006004;Mayo-Rey;CM006004004;Touboro;Golombali;village
cameroun;CM006;Nord;CM006004;Mayo-Rey;CM006004004;Touboro;Kanana;village
cameroun;CM006;Nord;CM006004;Mayo-Rey;CM006004004;Touboro;Ouro Dala;village
cameroun;CM006;Nord;CM006004;Mayo-Rey;CM006004004;Touboro;Ngai;village
cameroun;CM006;Nord;CM006004;Mayo-Rey;CM006004004;Touboro;Mbakana;village
cameroun;CM006;Nord;CM006004;Mayo-Rey;CM006004004;Touboro;Malambali;village
cameroun;CM006;Nord;CM006004;Mayo-Rey;CM006004001;Madingring;Ngara;village
cameroun;CM006;Nord;CM006004;Mayo-Rey;CM006004004;Touboro;Baoudi;village
cameroun;CM006;Nord;CM006004;Mayo-Rey;CM006004004;Touboro;Tapi;village
cameroun;CM006;Nord;CM006004;Mayo-Rey;CM006004004;Touboro;Koussion;village
cameroun;CM006;Nord;CM006004;Mayo-Rey;CM006004004;Touboro;Ngoumi_1;village
cameroun;CM006;Nord;CM006004;Mayo-Rey;CM006004004;Touboro;Ngoumi 2;village
cameroun;CM006;Nord;CM006004;Mayo-Rey;CM006004004;Touboro;Koumane 1;village
cameroun;CM006;Nord;CM006004;Mayo-Rey;CM006004004;Touboro;Touklou;village
cameroun;CM006;Nord;CM006004;Mayo-Rey;CM006004004;Touboro;Ouro_hairou;village
cameroun;CM006;Nord;CM006004;Mayo-Rey;CM006004004;Touboro;Mayo Zaki;village
cameroun;CM006;Nord;CM006004;Mayo-Rey;CM006004004;Touboro;Ribao;village
cameroun;CM006;Nord;CM006004;Mayo-Rey;CM006004004;Touboro;Soramboum;village
cameroun;CM006;Nord;CM006004;Mayo-Rey;CM006004004;Touboro;Gay Rah;village
cameroun;CM006;Nord;CM006004;Mayo-Rey;CM006004004;Touboro;Dourouber;village
cameroun;CM006;Nord;CM006004;Mayo-Rey;CM006004004;Touboro;Ndok;village
cameroun;CM006;Nord;CM006004;Mayo-Rey;CM006004004;Touboro;Mbilaou;village
cameroun;CM006;Nord;CM006004;Mayo-Rey;CM006004004;Touboro;Laggoye;village
cameroun;CM006;Nord;CM006004;Mayo-Rey;CM006004004;Touboro;Aggala;village
cameroun;CM006;Nord;CM006004;Mayo-Rey;CM006004004;Touboro;Mbeing 2;village
cameroun;CM006;Nord;CM006004;Mayo-Rey;CM006004004;Touboro;Mbeing_1;village
cameroun;CM006;Nord;CM006004;Mayo-Rey;CM006004004;Touboro;Laouninga;village
cameroun;CM006;Nord;CM006004;Mayo-Rey;CM006004004;Touboro;Mbitoye;village
cameroun;CM006;Nord;CM006004;Mayo-Rey;CM006004004;Touboro;Loubol;village
cameroun;CM006;Nord;CM006004;Mayo-Rey;CM006004004;Touboro;Djom;village
cameroun;CM006;Nord;CM006004;Mayo-Rey;CM006004004;Touboro;Ngaouring;village
cameroun;CM006;Nord;CM006004;Mayo-Rey;CM006004004;Touboro;Djakone;village
cameroun;CM006;Nord;CM006004;Mayo-Rey;CM006004004;Touboro;Mbong;village
cameroun;CM005;Littoral;CM005001;Moungo;CM005001007;Melong;Ekolkang;village
cameroun;CM005;Littoral;CM005001;Moungo;CM005001001;Bare-Bakem;Bayon;village
cameroun;CM005;Littoral;CM005001;Moungo;CM005001013;Nlonako;Ndombenn;village
cameroun;CM005;Littoral;CM005001;Moungo;CM005001013;Nlonako;Manengouba;village
cameroun;CM005;Littoral;CM005001;Moungo;CM005001007;Melong;Mbouroukou;village
cameroun;CM005;Littoral;CM005001;Moungo;CM005001007;Melong;Ekolbouni;village
cameroun;CM005;Littoral;CM005001;Moungo;CM005001007;Melong;Mouanguel;village
cameroun;CM005;Littoral;CM005001;Moungo;CM005001007;Melong;Ndokou;village
cameroun;CM010;Sud-Ouest;CM010002;Kupe-Manenguba;CM010002001;Bangem;Nyam;village
cameroun;CM010;Sud-Ouest;CM010002;Kupe-Manenguba;CM010002001;Bangem;Nkiko;village
cameroun;CM010;Sud-Ouest;CM010002;Kupe-Manenguba;CM010002001;Bangem;Ndung;village
cameroun;CM010;Sud-Ouest;CM010002;Kupe-Manenguba;CM010002001;Bangem;Muabi;village
cameroun;CM010;Sud-Ouest;CM010002;Kupe-Manenguba;CM010002001;Bangem;Ekambeng;village
cameroun;CM010;Sud-Ouest;CM010002;Kupe-Manenguba;CM010002001;Bangem;Nkack;village
cameroun;CM010;Sud-Ouest;CM010002;Kupe-Manenguba;CM010002001;Bangem;Muebah;village
cameroun;CM010;Sud-Ouest;CM010002;Kupe-Manenguba;CM010002001;Bangem;Mwanjeken;village
cameroun;CM010;Sud-Ouest;CM010002;Kupe-Manenguba;CM010002001;Bangem;Mwanjeken;village
cameroun;CM010;Sud-Ouest;CM010002;Kupe-Manenguba;CM010002001;Bangem;Bangem;village
cameroun;CM010;Sud-Ouest;CM010002;Kupe-Manenguba;CM010002001;Bangem;Bangem Town;town
cameroun;CM010;Sud-Ouest;CM010002;Kupe-Manenguba;CM010002001;Bangem;Muakwe;village
cameroun;CM010;Sud-Ouest;CM010002;Kupe-Manenguba;CM010002001;Bangem;Njom;village
cameroun;CM010;Sud-Ouest;CM010002;Kupe-Manenguba;CM010002001;Bangem;Enyandong;village
cameroun;CM010;Sud-Ouest;CM010002;Kupe-Manenguba;CM010002001;Bangem;Elum;village
cameroun;CM010;Sud-Ouest;CM010002;Kupe-Manenguba;CM010002001;Bangem;Muabing;village
cameroun;CM010;Sud-Ouest;CM010002;Kupe-Manenguba;CM010002001;Bangem;Elum;village
cameroun;CM010;Sud-Ouest;CM010002;Kupe-Manenguba;CM010002001;Bangem;Muaku;village
cameroun;CM010;Sud-Ouest;CM010002;Kupe-Manenguba;CM010002001;Bangem;Muekan;village
cameroun;CM010;Sud-Ouest;CM010002;Kupe-Manenguba;CM010002001;Bangem;Epenebel;village
cameroun;CM010;Sud-Ouest;CM010002;Kupe-Manenguba;CM010002001;Bangem;Ngonmin;village
cameroun;CM010;Sud-Ouest;CM010002;Kupe-Manenguba;CM010002001;Bangem;Kumin;village
cameroun;CM010;Sud-Ouest;CM010002;Kupe-Manenguba;CM010002001;Bangem;Muambong;village
cameroun;CM010;Sud-Ouest;CM010002;Kupe-Manenguba;CM010002001;Bangem;Muambong II;village
cameroun;CM010;Sud-Ouest;CM010002;Kupe-Manenguba;CM010002001;Bangem;Muambong I;village
cameroun;CM010;Sud-Ouest;CM010002;Kupe-Manenguba;CM010002001;Bangem;Muydip;village
cameroun;CM005;Littoral;CM005001;Moungo;CM005001005;Manjo;Abang;village
cameroun;CM005;Littoral;CM005001;Moungo;CM005001005;Manjo;Mwakoumel;village
cameroun;CM010;Sud-Ouest;CM010002;Kupe-Manenguba;CM010002001;Bangem;Ebonemin;village
cameroun;CM005;Littoral;CM005001;Moungo;CM005001005;Manjo;Mwandong;village
cameroun;CM005;Littoral;CM005001;Moungo;CM005001005;Manjo;Moumkeng;village
cameroun;CM005;Littoral;CM005001;Moungo;CM005001005;Manjo;Nsong;village
cameroun;CM005;Littoral;CM005001;Moungo;CM005001005;Manjo;Njoumbeng;village
cameroun;CM005;Littoral;CM005001;Moungo;CM005001013;Nlonako;Bigmop;village
cameroun;CM005;Littoral;CM005001;Moungo;CM005001005;Manjo;Namba;village
cameroun;CM005;Littoral;CM005001;Moungo;CM005001005;Manjo;Manjo;town
cameroun;CM005;Littoral;CM005001;Moungo;CM005001005;Manjo;Mantem II;village
cameroun;CM005;Littoral;CM005001;Moungo;CM005001005;Manjo;Ngol;village
cameroun;CM010;Sud-Ouest;CM010002;Kupe-Manenguba;CM010002003;Tombel;Basseng;village
cameroun;CM010;Sud-Ouest;CM010002;Kupe-Manenguba;CM010002003;Tombel;Ngombombeng;village
cameroun;CM010;Sud-Ouest;CM010002;Kupe-Manenguba;CM010002003;Tombel;Kak;village
cameroun;CM010;Sud-Ouest;CM010002;Kupe-Manenguba;CM010002003;Tombel;Ndum;village
cameroun;CM010;Sud-Ouest;CM010002;Kupe-Manenguba;CM010002003;Tombel;Essossong;village
cameroun;CM005;Littoral;CM005001;Moungo;CM005001005;Manjo;Nlohe;village
cameroun;CM005;Littoral;CM005001;Moungo;CM005001005;Manjo;Lala;village
cameroun;CM005;Littoral;CM005001;Moungo;CM005001005;Manjo;Mantem I;village
cameroun;CM005;Littoral;CM005001;Moungo;CM005001005;Manjo;Manengoteng;village
cameroun;CM005;Littoral;CM005001;Moungo;CM005001005;Manjo;Mbaka;village
cameroun;CM005;Littoral;CM005001;Moungo;CM005001013;Nlonako;Nyamsa;village
cameroun;CM005;Littoral;CM005001;Moungo;CM005001013;Nlonako;Mangamba;village
cameroun;CM005;Littoral;CM005001;Moungo;CM005001013;Nlonako;Ekom;village
cameroun;CM005;Littoral;CM005001;Moungo;CM005001013;Nlonako;Ndiang;village
cameroun;CM005;Littoral;CM005001;Moungo;CM005001013;Nlonako;Ekomdjong;village
cameroun;CM005;Littoral;CM005001;Moungo;CM005001013;Nlonako;Bwanenbwa;village
cameroun;CM005;Littoral;CM005001;Moungo;CM005001013;Nlonako;Ekante;village
cameroun;CM005;Littoral;CM005001;Moungo;CM005001005;Manjo;Bakwat;village
cameroun;CM005;Littoral;CM005001;Moungo;CM005001013;Nlonako;Bassete;village
cameroun;CM005;Littoral;CM005001;Moungo;CM005001013;Nlonako;Ekangte Mpaka;village
cameroun;CM005;Littoral;CM005001;Moungo;CM005001013;Nlonako;Bakwar;village
cameroun;CM005;Littoral;CM005001;Moungo;CM005001013;Nlonako;Salmoa;village
cameroun;CM005;Littoral;CM005001;Moungo;CM005001013;Nlonako;Bakakte;village
cameroun;CM005;Littoral;CM005001;Moungo;CM005001013;Nlonako;Ekohok;village
cameroun;CM005;Littoral;CM005001;Moungo;CM005001013;Nlonako;Ndoungue;village
cameroun;CM005;Littoral;CM005001;Moungo;CM005001013;Nlonako;Ntolo;village
cameroun;CM005;Littoral;CM005001;Moungo;CM005001013;Nlonako;Ebone;town
cameroun;CM005;Littoral;CM005001;Moungo;CM005001013;Nlonako;Nkongnine;village
cameroun;CM005;Littoral;CM005001;Moungo;CM005001013;Nlonako;Manengole;village
cameroun;CM005;Littoral;CM005001;Moungo;CM005001013;Nlonako;Ngwa;village
cameroun;CM005;Littoral;CM005001;Moungo;CM005001013;Nlonako;Badjoki;village
cameroun;CM005;Littoral;CM005001;Moungo;CM005001013;Nlonako;Ekomtolo;village
cameroun;CM005;Littoral;CM005001;Moungo;CM005001013;Nlonako;Makouma;village
cameroun;CM005;Littoral;CM005001;Moungo;CM005001004;Loum;Balondo;village
cameroun;CM005;Littoral;CM005001;Moungo;CM005001004;Loum;Ngondo;village
cameroun;CM005;Littoral;CM005001;Moungo;CM005001004;Loum;Salaka;village
cameroun;CM005;Littoral;CM005002;Nkam;CM005002003;Yabassi;Ndoknak;village
cameroun;CM005;Littoral;CM005001;Moungo;CM005001013;Nlonako;Singuendiang;village
cameroun;CM005;Littoral;CM005002;Nkam;CM005002003;Yabassi;Lamba;village
cameroun;CM005;Littoral;CM005002;Nkam;CM005002003;Yabassi;Dimbong;village
cameroun;CM005;Littoral;CM005002;Nkam;CM005002003;Yabassi;Bobok;village
cameroun;CM005;Littoral;CM005002;Nkam;CM005002003;Yabassi;Ndokiamen;village
cameroun;CM005;Littoral;CM005002;Nkam;CM005002003;Yabassi;Ndokpo;village
cameroun;CM005;Littoral;CM005002;Nkam;CM005002003;Yabassi;Ndokpenda;village
cameroun;CM005;Littoral;CM005002;Nkam;CM005002003;Yabassi;Ndokbong;village
cameroun;CM005;Littoral;CM005002;Nkam;CM005002003;Yabassi;Bonalemb;village
cameroun;CM005;Littoral;CM005002;Nkam;CM005002003;Yabassi;Madimba;village
cameroun;CM005;Littoral;CM005002;Nkam;CM005002003;Yabassi;Bonakata;village
cameroun;CM005;Littoral;CM005002;Nkam;CM005002003;Yabassi;Bonandjeng;village
cameroun;CM005;Littoral;CM005002;Nkam;CM005002003;Yabassi;Bonanyamsi;village
cameroun;CM005;Littoral;CM005002;Nkam;CM005002003;Yabassi;Bidiman;village
cameroun;CM005;Littoral;CM005002;Nkam;CM005002003;Yabassi;Bwamba;village
cameroun;CM005;Littoral;CM005002;Nkam;CM005002003;Yabassi;Nkokem;village
cameroun;CM005;Littoral;CM005001;Moungo;CM005001003;Fiko;Bassen;village
cameroun;CM005;Littoral;CM005002;Nkam;CM005002003;Yabassi;Bassen;village
cameroun;CM005;Littoral;CM005002;Nkam;CM005002003;Yabassi;Mpobo;village
cameroun;CM005;Littoral;CM005001;Moungo;CM005001003;Fiko;Mwanyamb;village
cameroun;CM005;Littoral;CM005002;Nkam;CM005002003;Yabassi;Nyanga;village
cameroun;CM005;Littoral;CM005002;Nkam;CM005002003;Yabassi;Sol;village
cameroun;CM005;Littoral;CM005001;Moungo;CM005001004;Loum;Dibombe 1;village
cameroun;CM005;Littoral;CM005001;Moungo;CM005001004;Loum;Dibomb;village
cameroun;CM005;Littoral;CM005001;Moungo;CM005001004;Loum;Mbete;village
cameroun;CM005;Littoral;CM005001;Moungo;CM005001004;Loum;Bonko;village
cameroun;CM005;Littoral;CM005001;Moungo;CM005001004;Loum;Loum Chantier Gare;village
cameroun;CM005;Littoral;CM005001;Moungo;CM005001004;Loum;Loum Chantier Pk 99;village
cameroun;CM005;Littoral;CM005001;Moungo;CM005001004;Loum;Loum-Chantier;village
cameroun;CM005;Littoral;CM005001;Moungo;CM005001004;Loum;Loum;town
cameroun;CM010;Sud-Ouest;CM010002;Kupe-Manenguba;CM010002003;Tombel;Ebubu;village
cameroun;CM010;Sud-Ouest;CM010002;Kupe-Manenguba;CM010002003;Tombel;Ebonji;village
cameroun;CM010;Sud-Ouest;CM010002;Kupe-Manenguba;CM010002003;Tombel;Buba I;village
cameroun;CM010;Sud-Ouest;CM010002;Kupe-Manenguba;CM010002003;Tombel;Buba Mile 6;village
cameroun;CM010;Sud-Ouest;CM010002;Kupe-Manenguba;CM010002003;Tombel;Buba Waterfall;village
cameroun;CM010;Sud-Ouest;CM010002;Kupe-Manenguba;CM010002003;Tombel;Boubou;village
cameroun;CM005;Littoral;CM005001;Moungo;CM005001008;Mombo;Mombo;town
cameroun;CM005;Littoral;CM005001;Moungo;CM005001008;Mombo;Mombo Gare;village
cameroun;CM005;Littoral;CM005001;Moungo;CM005001008;Mombo;Djoungo;village
cameroun;CM005;Littoral;CM005001;Moungo;CM005001009;Njombe-Penja;Mbome Ngwandang;village
cameroun;CM005;Littoral;CM005001;Moungo;CM005001009;Njombe-Penja;Njomb;town
cameroun;CM005;Littoral;CM005001;Moungo;CM005001009;Njombe-Penja;Penja;town
cameroun;CM005;Littoral;CM005001;Moungo;CM005001009;Njombe-Penja;Bonandam;village
cameroun;CM005;Littoral;CM005001;Moungo;CM005001006;Mbanga;Alobzok;village
cameroun;CM005;Littoral;CM005001;Moungo;CM005001006;Mbanga;Mouyouka I;village
cameroun;CM005;Littoral;CM005001;Moungo;CM005001008;Mombo;Djoungo;village
cameroun;CM005;Littoral;CM005001;Moungo;CM005001008;Mombo;Nkwangsi I;village
cameroun;CM005;Littoral;CM005001;Moungo;CM005001008;Mombo;Nkwangsi II;village
cameroun;CM005;Littoral;CM005001;Moungo;CM005001008;Mombo;Nkwangsi II;village
cameroun;CM005;Littoral;CM005001;Moungo;CM005001006;Mbanga;Ndoh Beach;village
cameroun;CM005;Littoral;CM005001;Moungo;CM005001006;Mbanga;Ndoh I;village
cameroun;CM005;Littoral;CM005001;Moungo;CM005001006;Mbanga;Ndoh II;village
cameroun;CM005;Littoral;CM005001;Moungo;CM005001006;Mbanga;Mbanga;town
cameroun;CM005;Littoral;CM005001;Moungo;CM005001006;Mbanga;Mouyouka II;village
cameroun;CM005;Littoral;CM005001;Moungo;CM005001006;Mbanga;Komb;village
cameroun;CM010;Sud-Ouest;CM010005;Meme;CM010005004;Kumba 3rd;Banga Bekele;village
cameroun;CM010;Sud-Ouest;CM010005;Meme;CM010005004;Kumba 3rd;Bombe;village
cameroun;CM010;Sud-Ouest;CM010005;Meme;CM010005004;Kumba 3rd;Mbalangi;village
cameroun;CM010;Sud-Ouest;CM010005;Meme;CM010005004;Kumba 3rd;Ediki;village
cameroun;CM010;Sud-Ouest;CM010005;Meme;CM010005004;Kumba 3rd;Barombi Kang;village
cameroun;CM010;Sud-Ouest;CM010005;Meme;CM010005004;Kumba 3rd;Dchang;village
cameroun;CM010;Sud-Ouest;CM010005;Meme;CM010005003;Kumba 2nd;Bakossi;village
cameroun;CM010;Sud-Ouest;CM010005;Meme;CM010005004;Kumba 3rd;Malende;village
cameroun;CM010;Sud-Ouest;CM010005;Meme;CM010005004;Kumba 3rd;Mabonji;village
cameroun;CM010;Sud-Ouest;CM010005;Meme;CM010005004;Kumba 3rd;Mundame;village
cameroun;CM010;Sud-Ouest;CM010005;Meme;CM010005004;Kumba 3rd;Mukonje;village
cameroun;CM010;Sud-Ouest;CM010005;Meme;CM010005004;Kumba 3rd;Bakossi;village
cameroun;CM010;Sud-Ouest;CM010002;Kupe-Manenguba;CM010002003;Tombel;Etam;village
cameroun;CM010;Sud-Ouest;CM010005;Meme;CM010005003;Kumba 2nd;Ikiliwindi Mile 10;village
cameroun;CM010;Sud-Ouest;CM010005;Meme;CM010005003;Kumba 2nd;Ikiliwindi Mile 12;village
cameroun;CM010;Sud-Ouest;CM010002;Kupe-Manenguba;CM010002003;Tombel;Baduma;village
cameroun;CM010;Sud-Ouest;CM010005;Meme;CM010005003;Kumba 2nd;Matondo I;village
cameroun;CM010;Sud-Ouest;CM010005;Meme;CM010005001;Konye;Bolo Moboka;village
cameroun;CM010;Sud-Ouest;CM010005;Meme;CM010005001;Konye;Weme;village
cameroun;CM010;Sud-Ouest;CM010005;Meme;CM010005001;Konye;Kurume;village
cameroun;CM010;Sud-Ouest;CM010005;Meme;CM010005001;Konye;Kukaka;village
cameroun;CM010;Sud-Ouest;CM010002;Kupe-Manenguba;CM010002003;Tombel;Ndoi Bakundu;village
cameroun;CM010;Sud-Ouest;CM010002;Kupe-Manenguba;CM010002003;Tombel;Molongo;village
cameroun;CM010;Sud-Ouest;CM010002;Kupe-Manenguba;CM010002003;Tombel;Bambele;village
cameroun;CM010;Sud-Ouest;CM010002;Kupe-Manenguba;CM010002003;Tombel;Mahole;village
cameroun;CM010;Sud-Ouest;CM010002;Kupe-Manenguba;CM010002003;Tombel;Bulutu;village
cameroun;CM010;Sud-Ouest;CM010002;Kupe-Manenguba;CM010002003;Tombel;Ehom;village
cameroun;CM010;Sud-Ouest;CM010002;Kupe-Manenguba;CM010002003;Tombel;Ngab;village
cameroun;CM010;Sud-Ouest;CM010002;Kupe-Manenguba;CM010002003;Tombel;Tombel;town
cameroun;CM010;Sud-Ouest;CM010002;Kupe-Manenguba;CM010002003;Tombel;Nyasoso;village
cameroun;CM010;Sud-Ouest;CM010002;Kupe-Manenguba;CM010002003;Tombel;Mbule;village
cameroun;CM010;Sud-Ouest;CM010002;Kupe-Manenguba;CM010002003;Tombel;Nsuke;village
cameroun;CM010;Sud-Ouest;CM010002;Kupe-Manenguba;CM010002003;Tombel;Mbabe;village
cameroun;CM010;Sud-Ouest;CM010002;Kupe-Manenguba;CM010002003;Tombel;Mpako;village
cameroun;CM010;Sud-Ouest;CM010002;Kupe-Manenguba;CM010002003;Tombel;Nlog;village
cameroun;CM010;Sud-Ouest;CM010002;Kupe-Manenguba;CM010002003;Tombel;Bekume;village
cameroun;CM010;Sud-Ouest;CM010002;Kupe-Manenguba;CM010002003;Tombel;Mekedaku;village
cameroun;CM010;Sud-Ouest;CM010002;Kupe-Manenguba;CM010002003;Tombel;Mekedembeng;village
cameroun;CM010;Sud-Ouest;CM010002;Kupe-Manenguba;CM010002003;Tombel;Nyandong;village
cameroun;CM010;Sud-Ouest;CM010002;Kupe-Manenguba;CM010002003;Tombel;Messaka;village
cameroun;CM010;Sud-Ouest;CM010002;Kupe-Manenguba;CM010002003;Tombel;Menyum;village
cameroun;CM010;Sud-Ouest;CM010002;Kupe-Manenguba;CM010002003;Tombel;Mbogmut;village
cameroun;CM010;Sud-Ouest;CM010002;Kupe-Manenguba;CM010002003;Tombel;Edib;village
cameroun;CM010;Sud-Ouest;CM010002;Kupe-Manenguba;CM010002001;Bangem;Kume-Kume;village
cameroun;CM010;Sud-Ouest;CM010002;Kupe-Manenguba;CM010002003;Tombel;Mekom;village
cameroun;CM010;Sud-Ouest;CM010002;Kupe-Manenguba;CM010002003;Tombel;Bakole;village
cameroun;CM010;Sud-Ouest;CM010002;Kupe-Manenguba;CM010002003;Tombel;Eboko Bajok;village
cameroun;CM010;Sud-Ouest;CM010002;Kupe-Manenguba;CM010002003;Tombel;Konye;village
cameroun;CM010;Sud-Ouest;CM010005;Meme;CM010005001;Konye;Dikome Bafaw;village
cameroun;CM010;Sud-Ouest;CM010002;Kupe-Manenguba;CM010002002;Nguti;Nongomadiba;village
cameroun;CM010;Sud-Ouest;CM010002;Kupe-Manenguba;CM010002002;Nguti;Badun;village
cameroun;CM010;Sud-Ouest;CM010002;Kupe-Manenguba;CM010002002;Nguti;New Konye;village
cameroun;CM010;Sud-Ouest;CM010002;Kupe-Manenguba;CM010002002;Nguti;Mungo Ndor;village
cameroun;CM010;Sud-Ouest;CM010002;Kupe-Manenguba;CM010002002;Nguti;Bombe Konye;village
cameroun;CM010;Sud-Ouest;CM010004;Manyu;CM010004003;Mamfe;Nfaitock;village
cameroun;CM010;Sud-Ouest;CM010004;Manyu;CM010004003;Mamfe;Nfaitok;village
cameroun;CM010;Sud-Ouest;CM010004;Manyu;CM010004003;Mamfe;Eyang Atem Ako;village
cameroun;CM010;Sud-Ouest;CM010004;Manyu;CM010004003;Mamfe;Ntenmbang;village
cameroun;CM010;Sud-Ouest;CM010002;Kupe-Manenguba;CM010002002;Nguti;Mbouassom;village
cameroun;CM010;Sud-Ouest;CM010002;Kupe-Manenguba;CM010002002;Nguti;Edikang;village
cameroun;CM010;Sud-Ouest;CM010002;Kupe-Manenguba;CM010002002;Nguti;Babubok;village
cameroun;CM010;Sud-Ouest;CM010002;Kupe-Manenguba;CM010002002;Nguti;Ntale;village
cameroun;CM010;Sud-Ouest;CM010002;Kupe-Manenguba;CM010002002;Nguti;Bambe 1;village
cameroun;CM010;Sud-Ouest;CM010002;Kupe-Manenguba;CM010002002;Nguti;Ekanjon;village
cameroun;CM010;Sud-Ouest;CM010002;Kupe-Manenguba;CM010002002;Nguti;Edi-Halle (Old town;village
cameroun;CM010;Sud-Ouest;CM010002;Kupe-Manenguba;CM010002002;Nguti;Muaziton;village
cameroun;CM010;Sud-Ouest;CM010002;Kupe-Manenguba;CM010002002;Nguti;Bambe;village
cameroun;CM010;Sud-Ouest;CM010002;Kupe-Manenguba;CM010002002;Nguti;Bambe 3;village
cameroun;CM010;Sud-Ouest;CM010002;Kupe-Manenguba;CM010002001;Bangem;Mbang;village
cameroun;CM010;Sud-Ouest;CM010002;Kupe-Manenguba;CM010002001;Bangem;Ekanjok;village
cameroun;CM010;Sud-Ouest;CM010002;Kupe-Manenguba;CM010002002;Nguti;Babubok;village
cameroun;CM010;Sud-Ouest;CM010002;Kupe-Manenguba;CM010002001;Bangem;Nteho;village
cameroun;CM010;Sud-Ouest;CM010002;Kupe-Manenguba;CM010002001;Bangem;Mbila;village
cameroun;CM010;Sud-Ouest;CM010002;Kupe-Manenguba;CM010002002;Nguti;Mbokem;village
cameroun;CM005;Littoral;CM005001;Moungo;CM005001007;Melong;Nzakon;village
cameroun;CM005;Littoral;CM005001;Moungo;CM005001007;Melong;Mbokem;village
cameroun;CM005;Littoral;CM005001;Moungo;CM005001007;Melong;Limbo;village
cameroun;CM010;Sud-Ouest;CM010002;Kupe-Manenguba;CM010002002;Nguti;Nlolag ou Ndou;village
cameroun;CM005;Littoral;CM005001;Moungo;CM005001007;Melong;Mbokambo;village
cameroun;CM005;Littoral;CM005001;Moungo;CM005001007;Melong;Ebakong;village
cameroun;CM005;Littoral;CM005001;Moungo;CM005001007;Melong;Mama;village
cameroun;CM005;Littoral;CM005001;Moungo;CM005001007;Melong;Ninong;village
cameroun;CM005;Littoral;CM005001;Moungo;CM005001007;Melong;Ediango;village
cameroun;CM005;Littoral;CM005001;Moungo;CM005001007;Melong;Ndjop;village
cameroun;CM005;Littoral;CM005001;Moungo;CM005001007;Melong;Mangekam;village
cameroun;CM010;Sud-Ouest;CM010002;Kupe-Manenguba;CM010002001;Bangem;Manyet;village
cameroun;CM005;Littoral;CM005001;Moungo;CM005001007;Melong;Mboassoum;village
cameroun;CM006;Nord;CM006003;Mayo-Louti;CM006003002;Guider;Socilin;village
cameroun;CM006;Nord;CM006001;Bnou;CM006001010;Pitoa;Timbo;village
cameroun;CM006;Nord;CM006001;Bnou;CM006001010;Pitoa;Harkou;village
cameroun;CM006;Nord;CM006001;Bnou;CM006001010;Pitoa;Dorba;village
cameroun;CM006;Nord;CM006003;Mayo-Louti;CM006003002;Guider;Waleol Gade;village
cameroun;CM006;Nord;CM006003;Mayo-Louti;CM006003003;Mayo-Oulo;Diri Messo;village
cameroun;CM006;Nord;CM006003;Mayo-Louti;CM006003003;Mayo-Oulo;Wafo;village
cameroun;CM006;Nord;CM006003;Mayo-Louti;CM006003003;Mayo-Oulo;Pina;village
cameroun;CM006;Nord;CM006003;Mayo-Louti;CM006003003;Mayo-Oulo;Douzougou;village
cameroun;CM006;Nord;CM006003;Mayo-Louti;CM006003002;Guider;Ouro Ngoura;village
cameroun;CM006;Nord;CM006003;Mayo-Louti;CM006003003;Mayo-Oulo;Ouro_ngoura;village
cameroun;CM006;Nord;CM006003;Mayo-Louti;CM006003003;Mayo-Oulo;Keou;village
cameroun;CM006;Nord;CM006003;Mayo-Louti;CM006003003;Mayo-Oulo;Sona;village
cameroun;CM006;Nord;CM006003;Mayo-Louti;CM006003003;Mayo-Oulo;Bereng;village
cameroun;CM006;Nord;CM006003;Mayo-Louti;CM006003003;Mayo-Oulo;Gobryam/koumkem;village
cameroun;CM006;Nord;CM006003;Mayo-Louti;CM006003003;Mayo-Oulo;Komkeoudji;village
cameroun;CM006;Nord;CM006003;Mayo-Louti;CM006003003;Mayo-Oulo;Djeck Djeck;village
cameroun;CM006;Nord;CM006003;Mayo-Louti;CM006003003;Mayo-Oulo;Bori Wala;village
cameroun;CM006;Nord;CM006003;Mayo-Louti;CM006003003;Mayo-Oulo;Mouroum;village
cameroun;CM006;Nord;CM006003;Mayo-Louti;CM006003003;Mayo-Oulo;Bossoum;village
cameroun;CM006;Nord;CM006003;Mayo-Louti;CM006003003;Mayo-Oulo;Dale;village
cameroun;CM006;Nord;CM006003;Mayo-Louti;CM006003003;Mayo-Oulo;Ndili;village
cameroun;CM006;Nord;CM006003;Mayo-Louti;CM006003003;Mayo-Oulo;Gouloum;village
cameroun;CM006;Nord;CM006003;Mayo-Louti;CM006003003;Mayo-Oulo;Bangay Daba;village
cameroun;CM006;Nord;CM006003;Mayo-Louti;CM006003003;Mayo-Oulo;Bangay;village
cameroun;CM006;Nord;CM006003;Mayo-Louti;CM006003003;Mayo-Oulo;Goudjou Goudjou;village
cameroun;CM006;Nord;CM006003;Mayo-Louti;CM006003003;Mayo-Oulo;Massabay;village
cameroun;CM006;Nord;CM006003;Mayo-Louti;CM006003003;Mayo-Oulo;Mbaou;village
cameroun;CM006;Nord;CM006003;Mayo-Louti;CM006003003;Mayo-Oulo;Talak;village
cameroun;CM006;Nord;CM006003;Mayo-Louti;CM006003003;Mayo-Oulo;Pologozom;village
cameroun;CM006;Nord;CM006003;Mayo-Louti;CM006003003;Mayo-Oulo;Kombom;village
cameroun;CM006;Nord;CM006003;Mayo-Louti;CM006003003;Mayo-Oulo;Mayo Oulo;village
cameroun;CM006;Nord;CM006003;Mayo-Louti;CM006003003;Mayo-Oulo;Bili;village
cameroun;CM006;Nord;CM006003;Mayo-Louti;CM006003003;Mayo-Oulo;Pri;village
cameroun;CM006;Nord;CM006003;Mayo-Louti;CM006003002;Guider;Bobouldou;village
cameroun;CM006;Nord;CM006003;Mayo-Louti;CM006003002;Guider;Dafa;village
cameroun;CM006;Nord;CM006003;Mayo-Louti;CM006003002;Guider;Louguere Walla;village
cameroun;CM006;Nord;CM006003;Mayo-Louti;CM006003002;Guider;Torkine;village
cameroun;CM006;Nord;CM006003;Mayo-Louti;CM006003002;Guider;Tikelkel;village
cameroun;CM006;Nord;CM006003;Mayo-Louti;CM006003002;Guider;Paprangui;village
cameroun;CM006;Nord;CM006003;Mayo-Louti;CM006003002;Guider;Djaregol;village
cameroun;CM006;Nord;CM006003;Mayo-Louti;CM006003002;Guider;Louguere Foulbe;village
cameroun;CM006;Nord;CM006003;Mayo-Louti;CM006003002;Guider;Gortong;village
cameroun;CM006;Nord;CM006003;Mayo-Louti;CM006003002;Guider;Ndiam_nelbi;village
cameroun;CM006;Nord;CM006003;Mayo-Louti;CM006003002;Guider;Louguere Sali;village
cameroun;CM006;Nord;CM006003;Mayo-Louti;CM006003002;Guider;Louguere Magadji;village
cameroun;CM006;Nord;CM006003;Mayo-Louti;CM006003002;Guider;Diam Etina 1;village
cameroun;CM006;Nord;CM006003;Mayo-Louti;CM006003002;Guider;Ndiam Etina;village
cameroun;CM006;Nord;CM006003;Mayo-Louti;CM006003002;Guider;Toldou;village
cameroun;CM006;Nord;CM006003;Mayo-Louti;CM006003002;Guider;Boukadji;village
cameroun;CM006;Nord;CM006003;Mayo-Louti;CM006003002;Guider;Bodon;village
cameroun;CM006;Nord;CM006003;Mayo-Louti;CM006003002;Guider;Gorom;village
cameroun;CM006;Nord;CM006003;Mayo-Louti;CM006003002;Guider;Lakawar;village
cameroun;CM006;Nord;CM006003;Mayo-Louti;CM006003002;Guider;Golong Fali;village
cameroun;CM006;Nord;CM006003;Mayo-Louti;CM006003002;Guider;Medebeng;village
cameroun;CM006;Nord;CM006003;Mayo-Louti;CM006003002;Guider;Hirguilang;village
cameroun;CM006;Nord;CM006003;Mayo-Louti;CM006003002;Guider;Bourwoy 2;village
cameroun;CM006;Nord;CM006003;Mayo-Louti;CM006003002;Guider;Brouwoy Madjafla;village
cameroun;CM006;Nord;CM006003;Mayo-Louti;CM006003002;Guider;Mendjeker;village
cameroun;CM006;Nord;CM006003;Mayo-Louti;CM006003002;Guider;Tra;village
cameroun;CM006;Nord;CM006003;Mayo-Louti;CM006003002;Guider;Daba Daba;village
cameroun;CM006;Nord;CM006003;Mayo-Louti;CM006003002;Guider;Vourmoutch;village
cameroun;CM006;Nord;CM006003;Mayo-Louti;CM006003002;Guider;Winde Yola;village
cameroun;CM006;Nord;CM006003;Mayo-Louti;CM006003002;Guider;Boko;village
cameroun;CM006;Nord;CM006003;Mayo-Louti;CM006003002;Guider;Gallao;village
cameroun;CM006;Nord;CM006003;Mayo-Louti;CM006003002;Guider;Mbirdif;village
cameroun;CM006;Nord;CM006003;Mayo-Louti;CM006003002;Guider;Djalingo;village
cameroun;CM006;Nord;CM006003;Mayo-Louti;CM006003002;Guider;Djalingo;village
cameroun;CM006;Nord;CM006003;Mayo-Louti;CM006003002;Guider;Bourwoy 1;village
cameroun;CM006;Nord;CM006003;Mayo-Louti;CM006003002;Guider;Mousgoy;village
cameroun;CM006;Nord;CM006003;Mayo-Louti;CM006003002;Guider;Mayo Loumas;village
cameroun;CM006;Nord;CM006003;Mayo-Louti;CM006003002;Guider;Ourlang;village
cameroun;CM006;Nord;CM006003;Mayo-Louti;CM006003002;Guider;Ouro Mordoy;village
cameroun;CM006;Nord;CM006003;Mayo-Louti;CM006003002;Guider;Kobong;village
cameroun;CM004;Extrme-Nord;CM004006;Mayo-Tsanaga;CM004006002;Hina;Louguere So'o;village
cameroun;CM004;Extrme-Nord;CM004006;Mayo-Tsanaga;CM004006002;Hina;Zouvoul_gara;village
cameroun;CM004;Extrme-Nord;CM004006;Mayo-Tsanaga;CM004006002;Hina;Mayo_kabba;village
cameroun;CM004;Extrme-Nord;CM004006;Mayo-Tsanaga;CM004006002;Hina;Bassara;village
cameroun;CM004;Extrme-Nord;CM004006;Mayo-Tsanaga;CM004006002;Hina;Fouldaye 2;village
cameroun;CM004;Extrme-Nord;CM004006;Mayo-Tsanaga;CM004006002;Hina;Fouldaye;village
cameroun;CM004;Extrme-Nord;CM004006;Mayo-Tsanaga;CM004006002;Hina;Bamguel;village
cameroun;CM006;Nord;CM006003;Mayo-Louti;CM006003002;Guider;Melemdem;village
cameroun;CM006;Nord;CM006003;Mayo-Louti;CM006003002;Guider;Kafkaye;village
cameroun;CM006;Nord;CM006003;Mayo-Louti;CM006003002;Guider;Gaval;village
cameroun;CM004;Extrme-Nord;CM004006;Mayo-Tsanaga;CM004006002;Hina;Motorok;village
cameroun;CM006;Nord;CM006003;Mayo-Louti;CM006003002;Guider;Boudoumdjere;village
cameroun;CM004;Extrme-Nord;CM004006;Mayo-Tsanaga;CM004006002;Hina;Djoum Djoum;village
cameroun;CM004;Extrme-Nord;CM004006;Mayo-Tsanaga;CM004006002;Hina;Gamdougoum;village
cameroun;CM006;Nord;CM006003;Mayo-Louti;CM006003003;Mayo-Oulo;Palpal;village
cameroun;CM006;Nord;CM006003;Mayo-Louti;CM006003003;Mayo-Oulo;Time Le_bas;village
cameroun;CM006;Nord;CM006003;Mayo-Louti;CM006003002;Guider;Vonozoum;village
cameroun;CM006;Nord;CM006003;Mayo-Louti;CM006003002;Guider;Woulep;village
cameroun;CM006;Nord;CM006003;Mayo-Louti;CM006003002;Guider;Paha;village
cameroun;CM006;Nord;CM006003;Mayo-Louti;CM006003002;Guider;Mayo Sobre;village
cameroun;CM006;Nord;CM006003;Mayo-Louti;CM006003002;Guider;Mayel Somre;village
cameroun;CM006;Nord;CM006003;Mayo-Louti;CM006003002;Guider;Guezeo;village
cameroun;CM006;Nord;CM006003;Mayo-Louti;CM006003002;Guider;Medezem;village
cameroun;CM006;Nord;CM006003;Mayo-Louti;CM006003003;Mayo-Oulo;Gueling;village
cameroun;CM006;Nord;CM006003;Mayo-Louti;CM006003003;Mayo-Oulo;Ndouzeng;village
cameroun;CM006;Nord;CM006003;Mayo-Louti;CM006003003;Mayo-Oulo;Matalao;village
cameroun;CM006;Nord;CM006003;Mayo-Louti;CM006003003;Mayo-Oulo;Guever;village
cameroun;CM004;Extrme-Nord;CM004006;Mayo-Tsanaga;CM004006001;Bourrha;Djagalam;village
cameroun;CM006;Nord;CM006003;Mayo-Louti;CM006003003;Mayo-Oulo;Mandama;village
cameroun;CM006;Nord;CM006003;Mayo-Louti;CM006003003;Mayo-Oulo;Gueuer;village
cameroun;CM004;Extrme-Nord;CM004006;Mayo-Tsanaga;CM004006001;Bourrha;Passa;village
cameroun;CM004;Extrme-Nord;CM004006;Mayo-Tsanaga;CM004006001;Bourrha;Bourah;town
cameroun;CM004;Extrme-Nord;CM004006;Mayo-Tsanaga;CM004006001;Bourrha;Mitchimi;village
cameroun;CM004;Extrme-Nord;CM004006;Mayo-Tsanaga;CM004006001;Bourrha;Guili_zoumbouda;village
cameroun;CM004;Extrme-Nord;CM004006;Mayo-Tsanaga;CM004006001;Bourrha;Louguere_makki;village
cameroun;CM004;Extrme-Nord;CM004006;Mayo-Tsanaga;CM004006001;Bourrha;Mbola;village
cameroun;CM004;Extrme-Nord;CM004006;Mayo-Tsanaga;CM004006001;Bourrha;Teleki;village
cameroun;CM004;Extrme-Nord;CM004006;Mayo-Tsanaga;CM004006001;Bourrha;Movoy;village
cameroun;CM006;Nord;CM006003;Mayo-Louti;CM006003003;Mayo-Oulo;Mayo_oulo_sora;village
cameroun;CM006;Nord;CM006003;Mayo-Louti;CM006003003;Mayo-Oulo;Mayo-Oulo;town
cameroun;CM006;Nord;CM006003;Mayo-Louti;CM006003003;Mayo-Oulo;Djalingo;village
cameroun;CM006;Nord;CM006003;Mayo-Louti;CM006003003;Mayo-Oulo;Mayo Oulo_palais;village
cameroun;CM006;Nord;CM006003;Mayo-Louti;CM006003003;Mayo-Oulo;Nari_poka;village
cameroun;CM006;Nord;CM006003;Mayo-Louti;CM006003003;Mayo-Oulo;Damta Nari;village
cameroun;CM006;Nord;CM006003;Mayo-Louti;CM006003003;Mayo-Oulo;Goudou;village
cameroun;CM006;Nord;CM006001;Bnou;CM006001003;Dembo;Taraba 1;village
cameroun;CM006;Nord;CM006003;Mayo-Louti;CM006003003;Mayo-Oulo;Balane;village
cameroun;CM006;Nord;CM006003;Mayo-Louti;CM006003003;Mayo-Oulo;Gani;village
cameroun;CM006;Nord;CM006001;Bnou;CM006001003;Dembo;Dourbeye;village
cameroun;CM006;Nord;CM006003;Mayo-Louti;CM006003003;Mayo-Oulo;Dourbeye Centre;village
cameroun;CM004;Extrme-Nord;CM004006;Mayo-Tsanaga;CM004006001;Bourrha;Goloza;village
cameroun;CM006;Nord;CM006003;Mayo-Louti;CM006003003;Mayo-Oulo;Dourbeye Bala;village
cameroun;CM006;Nord;CM006003;Mayo-Louti;CM006003003;Mayo-Oulo;Djamboutou;village
cameroun;CM005;Littoral;CM005001;Moungo;CM005001007;Melong;Mankouat;village
cameroun;CM005;Littoral;CM005001;Moungo;CM005001007;Melong;Njinjo I;village
cameroun;CM005;Littoral;CM005001;Moungo;CM005001007;Melong;Melong;town
cameroun;CM005;Littoral;CM005001;Moungo;CM005001007;Melong;Essoukou;village
cameroun;CM006;Nord;CM006001;Bnou;CM006001004;Demsa;Tchiffel;village
cameroun;CM006;Nord;CM006001;Bnou;CM006001004;Demsa;Pamtchi;village
cameroun;CM006;Nord;CM006001;Bnou;CM006001004;Demsa;Sonjilo;village
cameroun;CM006;Nord;CM006001;Bnou;CM006001004;Demsa;Tshakagossadje;village
cameroun;CM006;Nord;CM006001;Bnou;CM006001004;Demsa;Mayo Sahel;village
cameroun;CM006;Nord;CM006001;Bnou;CM006001004;Demsa;Mayo Sahel Ouro;village
cameroun;CM006;Nord;CM006001;Bnou;CM006001004;Demsa;Demsa;town
cameroun;CM006;Nord;CM006001;Bnou;CM006001004;Demsa;Mbor;village
cameroun;CM006;Nord;CM006001;Bnou;CM006001009;Mayo-Hourna;Hamakoussou_2;village
cameroun;CM006;Nord;CM006001;Bnou;CM006001009;Mayo-Hourna;Kollere;village
cameroun;CM006;Nord;CM006001;Bnou;CM006001004;Demsa;Tl Oussi;village
cameroun;CM006;Nord;CM006001;Bnou;CM006001004;Demsa;Fessago;village
cameroun;CM006;Nord;CM006001;Bnou;CM006001004;Demsa;Baa_manga;village
cameroun;CM006;Nord;CM006001;Bnou;CM006001004;Demsa;Ouro Maloum;village
cameroun;CM006;Nord;CM006001;Bnou;CM006001009;Mayo-Hourna;Guerete;village
cameroun;CM006;Nord;CM006001;Bnou;CM006001009;Mayo-Hourna;Mbilla;village
cameroun;CM006;Nord;CM006001;Bnou;CM006001009;Mayo-Hourna;Bilassi;village
cameroun;CM006;Nord;CM006001;Bnou;CM006001009;Mayo-Hourna;Dasin;village
cameroun;CM006;Nord;CM006001;Bnou;CM006001009;Mayo-Hourna;Barndak;town
cameroun;CM006;Nord;CM006001;Bnou;CM006001012;Touroua;Sirlkoltchi;village
cameroun;CM006;Nord;CM006001;Bnou;CM006001009;Mayo-Hourna;Kocciel;village
cameroun;CM006;Nord;CM006001;Bnou;CM006001012;Touroua;Mbaga;village
cameroun;CM006;Nord;CM006001;Bnou;CM006001012;Touroua;Dague;village
cameroun;CM006;Nord;CM006001;Bnou;CM006001012;Touroua;Ofam;village
cameroun;CM006;Nord;CM006001;Bnou;CM006001009;Mayo-Hourna;Nakong;village
cameroun;CM006;Nord;CM006001;Bnou;CM006001009;Mayo-Hourna;Tawe;village
cameroun;CM006;Nord;CM006001;Bnou;CM006001012;Touroua;Ouro_kessoum_2;village
cameroun;CM006;Nord;CM006001;Bnou;CM006001012;Touroua;Ouro Fandou;village
cameroun;CM006;Nord;CM006001;Bnou;CM006001012;Touroua;Mayo_karlaye;village
cameroun;CM006;Nord;CM006001;Bnou;CM006001012;Touroua;Lougounde 1;village
cameroun;CM006;Nord;CM006001;Bnou;CM006001012;Touroua;Lougounde 2;village
cameroun;CM006;Nord;CM006001;Bnou;CM006001011;Tcheboa;Ouro Sekehi;village
cameroun;CM006;Nord;CM006001;Bnou;CM006001011;Tcheboa;Djarendi;village
cameroun;CM006;Nord;CM006001;Bnou;CM006001012;Touroua;Maliki_longo;village
cameroun;CM006;Nord;CM006001;Bnou;CM006001012;Touroua;Mizuke;village
cameroun;CM006;Nord;CM006001;Bnou;CM006001012;Touroua;Koza;village
cameroun;CM006;Nord;CM006001;Bnou;CM006001012;Touroua;Lafiari;village
cameroun;CM006;Nord;CM006001;Bnou;CM006001012;Touroua;Mayo Oulo;village
cameroun;CM006;Nord;CM006001;Bnou;CM006001012;Touroua;Badang;village
cameroun;CM006;Nord;CM006001;Bnou;CM006001012;Touroua;Ergue;village
cameroun;CM006;Nord;CM006001;Bnou;CM006001012;Touroua;Ergue;village
cameroun;CM006;Nord;CM006002;Faro;CM006002001;Beka;Didango;village
cameroun;CM006;Nord;CM006002;Faro;CM006002001;Beka;Bka;town
cameroun;CM006;Nord;CM006001;Bnou;CM006001012;Touroua;Borongo;village
cameroun;CM006;Nord;CM006001;Bnou;CM006001012;Touroua;Ouro_kessoum_1;village
cameroun;CM006;Nord;CM006001;Bnou;CM006001012;Touroua;Touroua;town
cameroun;CM006;Nord;CM006001;Bnou;CM006001012;Touroua;Touroua_3;village
cameroun;CM006;Nord;CM006001;Bnou;CM006001012;Touroua;Touroua_2;village
cameroun;CM006;Nord;CM006001;Bnou;CM006001012;Touroua;Mboudang 2;village
cameroun;CM006;Nord;CM006001;Bnou;CM006001012;Touroua;Boudang Haoussare;village
cameroun;CM006;Nord;CM006001;Bnou;CM006001012;Touroua;Mboundang;village
cameroun;CM006;Nord;CM006001;Bnou;CM006001012;Touroua;Koulawa;village
cameroun;CM004;Extrme-Nord;CM004006;Mayo-Tsanaga;CM004006005;Mogode;Killa;village
cameroun;CM004;Extrme-Nord;CM004006;Mayo-Tsanaga;CM004006005;Mogode;Sina Gali;village
cameroun;CM004;Extrme-Nord;CM004006;Mayo-Tsanaga;CM004006005;Mogode;Roumsiki;town
cameroun;CM004;Extrme-Nord;CM004006;Mayo-Tsanaga;CM004006005;Mogode;Mouvou;village
cameroun;CM004;Extrme-Nord;CM004006;Mayo-Tsanaga;CM004006005;Mogode;Vitte;village
cameroun;CM004;Extrme-Nord;CM004006;Mayo-Tsanaga;CM004006005;Mogode;Zimi_mogode;village
cameroun;CM004;Extrme-Nord;CM004006;Mayo-Tsanaga;CM004006005;Mogode;Mogod;town
cameroun;CM004;Extrme-Nord;CM004006;Mayo-Tsanaga;CM004006005;Mogode;Roumzou;village
cameroun;CM004;Extrme-Nord;CM004002;Logone-et-Chari;CM004002002;Darak;Bargaram;village
cameroun;CM004;Extrme-Nord;CM004002;Logone-et-Chari;CM004002005;Hile-Alifa;Abassouni I;village
cameroun;CM004;Extrme-Nord;CM004002;Logone-et-Chari;CM004002005;Hile-Alifa;Abassouni II;village
cameroun;CM004;Extrme-Nord;CM004002;Logone-et-Chari;CM004002008;Makary;Souargu;village
cameroun;CM004;Extrme-Nord;CM004002;Logone-et-Chari;CM004002008;Makary;Manawadji;village
cameroun;CM004;Extrme-Nord;CM004002;Logone-et-Chari;CM004002008;Makary;Ngouma;village
cameroun;CM004;Extrme-Nord;CM004002;Logone-et-Chari;CM004002008;Makary;Amdagalgui;village
cameroun;CM004;Extrme-Nord;CM004002;Logone-et-Chari;CM004002003;Fotokol;Sagm;village
cameroun;CM004;Extrme-Nord;CM004002;Logone-et-Chari;CM004002003;Fotokol;Haigayo;village
cameroun;CM004;Extrme-Nord;CM004002;Logone-et-Chari;CM004002008;Makary;Gorg;village
cameroun;CM004;Extrme-Nord;CM004002;Logone-et-Chari;CM004002008;Makary;Ndgo;village
cameroun;CM004;Extrme-Nord;CM004002;Logone-et-Chari;CM004002008;Makary;Zaman II;village
cameroun;CM004;Extrme-Nord;CM004002;Logone-et-Chari;CM004002008;Makary;Abari;village
cameroun;CM004;Extrme-Nord;CM004002;Logone-et-Chari;CM004002008;Makary;Zaman I;village
cameroun;CM004;Extrme-Nord;CM004002;Logone-et-Chari;CM004002008;Makary;Amchilga;village
cameroun;CM004;Extrme-Nord;CM004002;Logone-et-Chari;CM004002008;Makary;Ndelbeng;village
cameroun;CM004;Extrme-Nord;CM004002;Logone-et-Chari;CM004002008;Makary;Kartch;village
cameroun;CM004;Extrme-Nord;CM004002;Logone-et-Chari;CM004002008;Makary;Soudralhel;village
cameroun;CM004;Extrme-Nord;CM004002;Logone-et-Chari;CM004002008;Makary;Dagga;village
cameroun;CM004;Extrme-Nord;CM004002;Logone-et-Chari;CM004002005;Hile-Alifa;Dougoumsilio;village
cameroun;CM004;Extrme-Nord;CM004002;Logone-et-Chari;CM004002008;Makary;Margui;village
cameroun;CM004;Extrme-Nord;CM004002;Logone-et-Chari;CM004002005;Hile-Alifa;Djoda;village
cameroun;CM004;Extrme-Nord;CM004002;Logone-et-Chari;CM004002005;Hile-Alifa;Fadj;village
cameroun;CM004;Extrme-Nord;CM004002;Logone-et-Chari;CM004002005;Hile-Alifa;Mainari;village
cameroun;CM004;Extrme-Nord;CM004002;Logone-et-Chari;CM004002005;Hile-Alifa;Magala Djamena;village
cameroun;CM004;Extrme-Nord;CM004002;Logone-et-Chari;CM004002005;Hile-Alifa;Ouadak;village
cameroun;CM004;Extrme-Nord;CM004002;Logone-et-Chari;CM004002005;Hile-Alifa;Dol;village
cameroun;CM004;Extrme-Nord;CM004002;Logone-et-Chari;CM004002005;Hile-Alifa;Mafoulso;village
cameroun;CM004;Extrme-Nord;CM004002;Logone-et-Chari;CM004002005;Hile-Alifa;Hil-Alifa;town
cameroun;CM004;Extrme-Nord;CM004002;Logone-et-Chari;CM004002005;Hile-Alifa;Naga;village
cameroun;CM004;Extrme-Nord;CM004002;Logone-et-Chari;CM004002002;Darak;Gor Kendi;village
cameroun;CM004;Extrme-Nord;CM004002;Logone-et-Chari;CM004002002;Darak;Karna;village
cameroun;CM004;Extrme-Nord;CM004002;Logone-et-Chari;CM004002005;Hile-Alifa;Boussaya;village
cameroun;CM004;Extrme-Nord;CM004002;Logone-et-Chari;CM004002005;Hile-Alifa;Dol;village
cameroun;CM004;Extrme-Nord;CM004002;Logone-et-Chari;CM004002005;Hile-Alifa;Koundjara;village
cameroun;CM004;Extrme-Nord;CM004002;Logone-et-Chari;CM004002002;Darak;Darak;town
cameroun;CM004;Extrme-Nord;CM004002;Logone-et-Chari;CM004002002;Darak;Nakahir;village
cameroun;CM004;Extrme-Nord;CM004002;Logone-et-Chari;CM004002002;Darak;Tchika;village
cameroun;CM004;Extrme-Nord;CM004002;Logone-et-Chari;CM004002002;Darak;Sabandaba;village
cameroun;CM004;Extrme-Nord;CM004002;Logone-et-Chari;CM004002001;Blangoua;Sere Abu;village
cameroun;CM004;Extrme-Nord;CM004002;Logone-et-Chari;CM004002001;Blangoua;Abeng Koro;village
cameroun;CM004;Extrme-Nord;CM004002;Logone-et-Chari;CM004002001;Blangoua;Djuru;village
cameroun;CM004;Extrme-Nord;CM004002;Logone-et-Chari;CM004002001;Blangoua;Lareski;village
cameroun;CM004;Extrme-Nord;CM004002;Logone-et-Chari;CM004002001;Blangoua;Mangayo;village
cameroun;CM004;Extrme-Nord;CM004002;Logone-et-Chari;CM004002002;Darak;Tabawadji;village
cameroun;CM004;Extrme-Nord;CM004002;Logone-et-Chari;CM004002001;Blangoua;Damil;village
cameroun;CM004;Extrme-Nord;CM004002;Logone-et-Chari;CM004002001;Blangoua;Malamadi;village
cameroun;CM004;Extrme-Nord;CM004002;Logone-et-Chari;CM004002001;Blangoua;Bari Ahmadou;village
cameroun;CM004;Extrme-Nord;CM004002;Logone-et-Chari;CM004002001;Blangoua;Ngoum;village
cameroun;CM004;Extrme-Nord;CM004002;Logone-et-Chari;CM004002001;Blangoua;Katola Haoussa;village
cameroun;CM004;Extrme-Nord;CM004002;Logone-et-Chari;CM004002001;Blangoua;Abou Djali;village
cameroun;CM004;Extrme-Nord;CM004002;Logone-et-Chari;CM004002002;Darak;Aladji Ibrahim;village
cameroun;CM004;Extrme-Nord;CM004002;Logone-et-Chari;CM004002002;Darak;Blabin;village
cameroun;CM004;Extrme-Nord;CM004002;Logone-et-Chari;CM004002001;Blangoua;Nganatir;village
cameroun;CM004;Extrme-Nord;CM004002;Logone-et-Chari;CM004002001;Blangoua;Dougmachi;village
cameroun;CM004;Extrme-Nord;CM004002;Logone-et-Chari;CM004002001;Blangoua;Blangoua;town
cameroun;CM004;Extrme-Nord;CM004002;Logone-et-Chari;CM004002001;Blangoua;Dabilda;village
cameroun;CM004;Extrme-Nord;CM004002;Logone-et-Chari;CM004002001;Blangoua;Massaki;village
cameroun;CM004;Extrme-Nord;CM004002;Logone-et-Chari;CM004002001;Blangoua;Madk;village
cameroun;CM004;Extrme-Nord;CM004002;Logone-et-Chari;CM004002004;Goulfey;Aboudangala Kabir;village
cameroun;CM004;Extrme-Nord;CM004002;Logone-et-Chari;CM004002004;Goulfey;Aboudanguala Chia;village
cameroun;CM004;Extrme-Nord;CM004002;Logone-et-Chari;CM004002004;Goulfey;Lafiana;village
cameroun;CM004;Extrme-Nord;CM004002;Logone-et-Chari;CM004002004;Goulfey;Madamdougourou;village
cameroun;CM004;Extrme-Nord;CM004002;Logone-et-Chari;CM004002004;Goulfey;Logaya;village
cameroun;CM004;Extrme-Nord;CM004002;Logone-et-Chari;CM004002008;Makary;Sagu Kabir;village
cameroun;CM004;Extrme-Nord;CM004002;Logone-et-Chari;CM004002008;Makary;Fadj;village
cameroun;CM004;Extrme-Nord;CM004002;Logone-et-Chari;CM004002004;Goulfey;Ngarkawa;village
cameroun;CM004;Extrme-Nord;CM004002;Logone-et-Chari;CM004002008;Makary;Magala Kabir;village
cameroun;CM004;Extrme-Nord;CM004002;Logone-et-Chari;CM004002008;Makary;Djiraib;village
cameroun;CM004;Extrme-Nord;CM004002;Logone-et-Chari;CM004002008;Makary;Mada;town
cameroun;CM004;Extrme-Nord;CM004002;Logone-et-Chari;CM004002008;Makary;Djmna;village
cameroun;CM004;Extrme-Nord;CM004002;Logone-et-Chari;CM004002008;Makary;Oulomnogm;village
cameroun;CM004;Extrme-Nord;CM004002;Logone-et-Chari;CM004002008;Makary;Dougmo I;village
cameroun;CM004;Extrme-Nord;CM004002;Logone-et-Chari;CM004002008;Makary;Dougmo II;village
cameroun;CM004;Extrme-Nord;CM004002;Logone-et-Chari;CM004002008;Makary;Lafia Drider;village
cameroun;CM004;Extrme-Nord;CM004002;Logone-et-Chari;CM004002008;Makary;Dougoum Mango;village
cameroun;CM004;Extrme-Nord;CM004002;Logone-et-Chari;CM004002008;Makary;Makary;town
cameroun;CM004;Extrme-Nord;CM004002;Logone-et-Chari;CM004002008;Makary;Massie;village
cameroun;CM004;Extrme-Nord;CM004002;Logone-et-Chari;CM004002008;Makary;Mili II;village
cameroun;CM004;Extrme-Nord;CM004002;Logone-et-Chari;CM004002008;Makary;Mili I;village
cameroun;CM004;Extrme-Nord;CM004002;Logone-et-Chari;CM004002008;Makary;Massio;village
cameroun;CM004;Extrme-Nord;CM004002;Logone-et-Chari;CM004002008;Makary;Milo;village
cameroun;CM004;Extrme-Nord;CM004002;Logone-et-Chari;CM004002008;Makary;Ngoussr;village
cameroun;CM004;Extrme-Nord;CM004002;Logone-et-Chari;CM004002008;Makary;Erdib;village
cameroun;CM004;Extrme-Nord;CM004002;Logone-et-Chari;CM004002008;Makary;Sagu Chia;village
cameroun;CM004;Extrme-Nord;CM004002;Logone-et-Chari;CM004002008;Makary;Dol;village
cameroun;CM004;Extrme-Nord;CM004002;Logone-et-Chari;CM004002008;Makary;Lafia Sawaki;village
cameroun;CM004;Extrme-Nord;CM004002;Logone-et-Chari;CM004002008;Makary;Bidine;village
cameroun;CM004;Extrme-Nord;CM004002;Logone-et-Chari;CM004002004;Goulfey;Bassaga;village
cameroun;CM004;Extrme-Nord;CM004002;Logone-et-Chari;CM004002004;Goulfey;Djagalat;village
cameroun;CM004;Extrme-Nord;CM004002;Logone-et-Chari;CM004002004;Goulfey;Ambassatna;village
cameroun;CM004;Extrme-Nord;CM004002;Logone-et-Chari;CM004002004;Goulfey;Nadji;village
cameroun;CM004;Extrme-Nord;CM004002;Logone-et-Chari;CM004002004;Goulfey;Bedr;village
cameroun;CM004;Extrme-Nord;CM004002;Logone-et-Chari;CM004002004;Goulfey;Naira;village
cameroun;CM004;Extrme-Nord;CM004002;Logone-et-Chari;CM004002004;Goulfey;Bomboyo;village
cameroun;CM004;Extrme-Nord;CM004002;Logone-et-Chari;CM004002004;Goulfey;Mlki;village
cameroun;CM004;Extrme-Nord;CM004002;Logone-et-Chari;CM004002004;Goulfey;Woulki;village
cameroun;CM004;Extrme-Nord;CM004002;Logone-et-Chari;CM004002004;Goulfey;Madio;village
cameroun;CM004;Extrme-Nord;CM004002;Logone-et-Chari;CM004002004;Goulfey;Abkous Kawalm;village
cameroun;CM004;Extrme-Nord;CM004002;Logone-et-Chari;CM004002004;Goulfey;Abkous Hamaldi;village
cameroun;CM004;Extrme-Nord;CM004002;Logone-et-Chari;CM004002004;Goulfey;Djkb;village
cameroun;CM004;Extrme-Nord;CM004002;Logone-et-Chari;CM004002004;Goulfey;Digam;village
cameroun;CM004;Extrme-Nord;CM004002;Logone-et-Chari;CM004002008;Makary;Amsabang;village
cameroun;CM004;Extrme-Nord;CM004002;Logone-et-Chari;CM004002004;Goulfey;Knyanya;village
cameroun;CM004;Extrme-Nord;CM004002;Logone-et-Chari;CM004002004;Goulfey;Mour;village
cameroun;CM006;Nord;CM006003;Mayo-Louti;CM006003003;Mayo-Oulo;Girimburum;village
cameroun;CM004;Extrme-Nord;CM004006;Mayo-Tsanaga;CM004006001;Bourrha;Mbabi;village
cameroun;CM004;Extrme-Nord;CM004006;Mayo-Tsanaga;CM004006001;Bourrha;Tchevi;village
cameroun;CM006;Nord;CM006001;Bnou;CM006001001;Bascheo;Kobossi;village
cameroun;CM006;Nord;CM006003;Mayo-Louti;CM006003003;Mayo-Oulo;Boudjouma;town
cameroun;CM006;Nord;CM006001;Bnou;CM006001001;Bascheo;Laria;village
cameroun;CM006;Nord;CM006001;Bnou;CM006001001;Bascheo;Sorau;village
cameroun;CM006;Nord;CM006001;Bnou;CM006001001;Bascheo;Mbabi;village
cameroun;CM006;Nord;CM006001;Bnou;CM006001001;Bascheo;Ouro Hamayel;village
cameroun;CM006;Nord;CM006001;Bnou;CM006001001;Bascheo;Wuro Bokka;village
cameroun;CM006;Nord;CM006001;Bnou;CM006001001;Bascheo;Djalingo;village
cameroun;CM007;Nord-Ouest;CM007004;Menchum;CM007004003;Menchum-Valley;Befang;village
cameroun;CM007;Nord-Ouest;CM007004;Menchum;CM007004003;Menchum-Valley;Modele;village
cameroun;CM007;Nord-Ouest;CM007004;Menchum;CM007004001;Fungom;Melang;village
cameroun;CM007;Nord-Ouest;CM007004;Menchum;CM007004001;Fungom;Essu;town
cameroun;CM007;Nord-Ouest;CM007004;Menchum;CM007004004;Wum;Venewe;village
cameroun;CM007;Nord-Ouest;CM007004;Menchum;CM007004001;Fungom;Weh;village
cameroun;CM007;Nord-Ouest;CM007004;Menchum;CM007004001;Fungom;Ve;village
cameroun;CM007;Nord-Ouest;CM007004;Menchum;CM007004001;Fungom;Bedomossam;village
cameroun;CM007;Nord-Ouest;CM007004;Menchum;CM007004001;Fungom;Bekadza;village
cameroun;CM007;Nord-Ouest;CM007004;Menchum;CM007004001;Fungom;Vamage;village
cameroun;CM007;Nord-Ouest;CM007004;Menchum;CM007004001;Fungom;Mekaf;village
cameroun;CM007;Nord-Ouest;CM007004;Menchum;CM007004001;Fungom;Zhoa;village
cameroun;CM007;Nord-Ouest;CM007004;Menchum;CM007004001;Fungom;Temezele;village
cameroun;CM007;Nord-Ouest;CM007004;Menchum;CM007004001;Fungom;Small Mekaf;village
cameroun;CM007;Nord-Ouest;CM007004;Menchum;CM007004001;Fungom;Biya;village
cameroun;CM007;Nord-Ouest;CM007004;Menchum;CM007004001;Fungom;Ngun;village
cameroun;CM007;Nord-Ouest;CM007004;Menchum;CM007004001;Fungom;Munken;village
cameroun;CM007;Nord-Ouest;CM007004;Menchum;CM007004001;Fungom;Kung;village
cameroun;CM007;Nord-Ouest;CM007004;Menchum;CM007004001;Fungom;Yemgeh;village
cameroun;CM007;Nord-Ouest;CM007004;Menchum;CM007004001;Fungom;Kumfutu;village
cameroun;CM007;Nord-Ouest;CM007004;Menchum;CM007004001;Fungom;Awi;village
cameroun;CM007;Nord-Ouest;CM007004;Menchum;CM007004001;Fungom;Fom;village
cameroun;CM007;Nord-Ouest;CM007001;Boyo;CM007001003;Fundong;Ewo;village
cameroun;CM007;Nord-Ouest;CM007004;Menchum;CM007004001;Fungom;Ebo;village
cameroun;CM007;Nord-Ouest;CM007004;Menchum;CM007004001;Fungom;Achaf;village
cameroun;CM007;Nord-Ouest;CM007004;Menchum;CM007004004;Wum;Nzla;village
cameroun;CM007;Nord-Ouest;CM007004;Menchum;CM007004004;Wum;Bu;village
cameroun;CM007;Nord-Ouest;CM007001;Boyo;CM007001004;Njinikom;Obang;village
cameroun;CM007;Nord-Ouest;CM007001;Boyo;CM007001003;Fundong;Meli;village
cameroun;CM007;Nord-Ouest;CM007001;Boyo;CM007001003;Fundong;Ngunen;village
cameroun;CM007;Nord-Ouest;CM007001;Boyo;CM007001003;Fundong;Kujoa;village
cameroun;CM007;Nord-Ouest;CM007001;Boyo;CM007001003;Fundong;Fundong;town
cameroun;CM007;Nord-Ouest;CM007001;Boyo;CM007001004;Njinikom;Njinikom;village
cameroun;CM007;Nord-Ouest;CM007001;Boyo;CM007001003;Fundong;Laitom;village
cameroun;CM007;Nord-Ouest;CM007001;Boyo;CM007001003;Fundong;Mejong;village
cameroun;CM007;Nord-Ouest;CM007001;Boyo;CM007001003;Fundong;Mbo;village
cameroun;CM007;Nord-Ouest;CM007001;Boyo;CM007001003;Fundong;Meli;village
cameroun;CM007;Nord-Ouest;CM007004;Menchum;CM007004001;Fungom;Bolem;village
cameroun;CM007;Nord-Ouest;CM007001;Boyo;CM007001003;Fundong;Meh;village
cameroun;CM007;Nord-Ouest;CM007004;Menchum;CM007004001;Fungom;Mme-Bafumen;village
cameroun;CM007;Nord-Ouest;CM007004;Menchum;CM007004001;Fungom;Mbolem;village
cameroun;CM007;Nord-Ouest;CM007004;Menchum;CM007004001;Fungom;Nyos;village
cameroun;CM007;Nord-Ouest;CM007004;Menchum;CM007004001;Fungom;Chah;village
cameroun;CM007;Nord-Ouest;CM007004;Menchum;CM007004001;Fungom;Fungom;village
cameroun;CM007;Nord-Ouest;CM007004;Menchum;CM007004001;Fungom;Ajumbu;village
cameroun;CM007;Nord-Ouest;CM007004;Menchum;CM007004001;Fungom;Abar;village
cameroun;CM007;Nord-Ouest;CM007004;Menchum;CM007004001;Fungom;Buu;village
cameroun;CM007;Nord-Ouest;CM007004;Menchum;CM007004001;Fungom;Koshin;village
cameroun;CM007;Nord-Ouest;CM007004;Menchum;CM007004001;Fungom;Fang;village
cameroun;CM007;Nord-Ouest;CM007001;Boyo;CM007001002;Bum;Tsoka;village
cameroun;CM007;Nord-Ouest;CM007004;Menchum;CM007004001;Fungom;Kam;village
cameroun;CM007;Nord-Ouest;CM007001;Boyo;CM007001002;Bum;Bwabwa;village
cameroun;CM007;Nord-Ouest;CM007001;Boyo;CM007001002;Bum;Djingbe;village
cameroun;CM007;Nord-Ouest;CM007001;Boyo;CM007001002;Bum;Subum;village
cameroun;CM007;Nord-Ouest;CM007001;Boyo;CM007001002;Bum;Mbuk;village
cameroun;CM007;Nord-Ouest;CM007001;Boyo;CM007001002;Bum;Fonfuka;village
cameroun;CM007;Nord-Ouest;CM007001;Boyo;CM007001002;Bum;Laa-Bum;village
cameroun;CM007;Nord-Ouest;CM007001;Boyo;CM007001002;Bum;Saf;village
cameroun;CM007;Nord-Ouest;CM007001;Boyo;CM007001002;Bum;Ngonovisse;village
cameroun;CM007;Nord-Ouest;CM007001;Boyo;CM007001003;Fundong;Chang;village
cameroun;CM007;Nord-Ouest;CM007001;Boyo;CM007001003;Fundong;Aduk;village
cameroun;CM007;Nord-Ouest;CM007001;Boyo;CM007001003;Fundong;Nchain;village
cameroun;CM007;Nord-Ouest;CM007001;Boyo;CM007001003;Fundong;Abu;village
cameroun;CM007;Nord-Ouest;CM007001;Boyo;CM007001003;Fundong;Ajung;village
cameroun;CM007;Nord-Ouest;CM007002;Bui;CM007002006;Oku;Jikijem;village
cameroun;CM007;Nord-Ouest;CM007002;Bui;CM007002006;Oku;Kessoten;village
cameroun;CM007;Nord-Ouest;CM007002;Bui;CM007002006;Oku;Mambin;village
cameroun;CM007;Nord-Ouest;CM007002;Bui;CM007002006;Oku;Ibal;village
cameroun;CM007;Nord-Ouest;CM007007;Ngo-Ketunjia;CM007007001;Babessi;Finkue;village
cameroun;CM007;Nord-Ouest;CM007007;Ngo-Ketunjia;CM007007001;Babessi;Babungo;village
cameroun;CM007;Nord-Ouest;CM007007;Ngo-Ketunjia;CM007007001;Babessi;Mufuo;village
cameroun;CM007;Nord-Ouest;CM007007;Ngo-Ketunjia;CM007007001;Babessi;Ndawara;village
cameroun;CM007;Nord-Ouest;CM007001;Boyo;CM007001001;Belo;Djichami;village
cameroun;CM007;Nord-Ouest;CM007007;Ngo-Ketunjia;CM007007001;Babessi;Bangolan;village
cameroun;CM007;Nord-Ouest;CM007001;Boyo;CM007001001;Belo;Choupa;village
cameroun;CM007;Nord-Ouest;CM007001;Boyo;CM007001001;Belo;Anyatva;village
cameroun;CM007;Nord-Ouest;CM007001;Boyo;CM007001001;Belo;Angin;village
cameroun;CM007;Nord-Ouest;CM007001;Boyo;CM007001004;Njinikom;Mulaon;village
cameroun;CM007;Nord-Ouest;CM007001;Boyo;CM007001001;Belo;Belo;village
cameroun;CM007;Nord-Ouest;CM007001;Boyo;CM007001004;Njinikom;Kikfuini;village
cameroun;CM007;Nord-Ouest;CM007001;Boyo;CM007001001;Belo;Mbwene;village
cameroun;CM007;Nord-Ouest;CM007001;Boyo;CM007001001;Belo;Meyang;village
cameroun;CM007;Nord-Ouest;CM007005;Mezam;CM007005007;Tubah;Ngotin-Numeyang;village
cameroun;CM007;Nord-Ouest;CM007005;Mezam;CM007005007;Tubah;Toangu;village
cameroun;CM007;Nord-Ouest;CM007001;Boyo;CM007001001;Belo;Kikfuni;village
cameroun;CM007;Nord-Ouest;CM007005;Mezam;CM007005007;Tubah;Babanki;village
cameroun;CM007;Nord-Ouest;CM007005;Mezam;CM007005007;Tubah;Bafunge;village
cameroun;CM004;Extrme-Nord;CM004002;Logone-et-Chari;CM004002008;Makary;Ngardoukoum;village
cameroun;CM004;Extrme-Nord;CM004002;Logone-et-Chari;CM004002008;Makary;Dagu;village
cameroun;CM004;Extrme-Nord;CM004002;Logone-et-Chari;CM004002008;Makary;Afad;village
cameroun;CM004;Extrme-Nord;CM004002;Logone-et-Chari;CM004002008;Makary;Mafand;village
cameroun;CM004;Extrme-Nord;CM004002;Logone-et-Chari;CM004002008;Makary;Segel;village
cameroun;CM004;Extrme-Nord;CM004002;Logone-et-Chari;CM004002008;Makary;Sgal;village
cameroun;CM004;Extrme-Nord;CM004002;Logone-et-Chari;CM004002008;Makary;Bobo;village
cameroun;CM004;Extrme-Nord;CM004002;Logone-et-Chari;CM004002008;Makary;Djimtilo;village
cameroun;CM004;Extrme-Nord;CM004002;Logone-et-Chari;CM004002008;Makary;Soulfa;village
cameroun;CM004;Extrme-Nord;CM004002;Logone-et-Chari;CM004002008;Makary;Biamo;village
cameroun;CM004;Extrme-Nord;CM004002;Logone-et-Chari;CM004002008;Makary;Mdina (Madina);village
cameroun;CM004;Extrme-Nord;CM004002;Logone-et-Chari;CM004002008;Makary;Woulkio Kale;village
cameroun;CM004;Extrme-Nord;CM004002;Logone-et-Chari;CM004002004;Goulfey;Krenoya;village
cameroun;CM004;Extrme-Nord;CM004002;Logone-et-Chari;CM004002008;Makary;Grli;village
cameroun;CM004;Extrme-Nord;CM004002;Logone-et-Chari;CM004002008;Makary;Maladi;village
cameroun;CM004;Extrme-Nord;CM004002;Logone-et-Chari;CM004002004;Goulfey;Ankoungro;village
cameroun;CM004;Extrme-Nord;CM004002;Logone-et-Chari;CM004002004;Goulfey;Mbeng;village
cameroun;CM004;Extrme-Nord;CM004002;Logone-et-Chari;CM004002004;Goulfey;Hedre;village
cameroun;CM004;Extrme-Nord;CM004002;Logone-et-Chari;CM004002004;Goulfey;Mahda;village
cameroun;CM004;Extrme-Nord;CM004002;Logone-et-Chari;CM004002004;Goulfey;Naga Kabir;village
cameroun;CM004;Extrme-Nord;CM004002;Logone-et-Chari;CM004002008;Makary;Ndiguini;village
cameroun;CM004;Extrme-Nord;CM004002;Logone-et-Chari;CM004002008;Makary;Msnn;village
cameroun;CM004;Extrme-Nord;CM004002;Logone-et-Chari;CM004002008;Makary;Faldj;village
cameroun;CM004;Extrme-Nord;CM004002;Logone-et-Chari;CM004002008;Makary;Ourokali;village
cameroun;CM004;Extrme-Nord;CM004002;Logone-et-Chari;CM004002008;Makary;Gollala;village
cameroun;CM004;Extrme-Nord;CM004002;Logone-et-Chari;CM004002008;Makary;Safr;village
cameroun;CM004;Extrme-Nord;CM004002;Logone-et-Chari;CM004002008;Makary;Dororoya;village
cameroun;CM004;Extrme-Nord;CM004002;Logone-et-Chari;CM004002008;Makary;Kokio;village
cameroun;CM004;Extrme-Nord;CM004002;Logone-et-Chari;CM004002008;Makary;Goubago;village
cameroun;CM004;Extrme-Nord;CM004002;Logone-et-Chari;CM004002008;Makary;Harouma;village
cameroun;CM004;Extrme-Nord;CM004002;Logone-et-Chari;CM004002008;Makary;Gambarou;village
cameroun;CM004;Extrme-Nord;CM004002;Logone-et-Chari;CM004002008;Makary;Gourgourra;village
cameroun;CM004;Extrme-Nord;CM004002;Logone-et-Chari;CM004002008;Makary;Afounami;village
cameroun;CM004;Extrme-Nord;CM004002;Logone-et-Chari;CM004002008;Makary;Attri I;village
cameroun;CM004;Extrme-Nord;CM004002;Logone-et-Chari;CM004002008;Makary;Attri II;village
cameroun;CM004;Extrme-Nord;CM004002;Logone-et-Chari;CM004002008;Makary;Balma;village
cameroun;CM004;Extrme-Nord;CM004002;Logone-et-Chari;CM004002008;Makary;Ngaiwa;village
cameroun;CM004;Extrme-Nord;CM004002;Logone-et-Chari;CM004002008;Makary;Issenye;village
cameroun;CM004;Extrme-Nord;CM004002;Logone-et-Chari;CM004002008;Makary;Kaouss;village
cameroun;CM004;Extrme-Nord;CM004002;Logone-et-Chari;CM004002008;Makary;Baouri;village
cameroun;CM004;Extrme-Nord;CM004002;Logone-et-Chari;CM004002008;Makary;Chagama;village
cameroun;CM004;Extrme-Nord;CM004002;Logone-et-Chari;CM004002008;Makary;Wachamo;village
cameroun;CM004;Extrme-Nord;CM004002;Logone-et-Chari;CM004002008;Makary;Ringu;village
cameroun;CM004;Extrme-Nord;CM004002;Logone-et-Chari;CM004002008;Makary;Dodh Krenak;village
cameroun;CM004;Extrme-Nord;CM004002;Logone-et-Chari;CM004002003;Fotokol;Tchoukouli;village
cameroun;CM004;Extrme-Nord;CM004002;Logone-et-Chari;CM004002003;Fotokol;Belgud;village
cameroun;CM004;Extrme-Nord;CM004002;Logone-et-Chari;CM004002003;Fotokol;Jokhanna;village
cameroun;CM004;Extrme-Nord;CM004002;Logone-et-Chari;CM004002003;Fotokol;Blangaf;village
cameroun;CM004;Extrme-Nord;CM004002;Logone-et-Chari;CM004002003;Fotokol;Hrrim;village
cameroun;CM004;Extrme-Nord;CM004002;Logone-et-Chari;CM004002003;Fotokol;Glo Arabe;village
cameroun;CM004;Extrme-Nord;CM004002;Logone-et-Chari;CM004002008;Makary;Fadj Banisset;village
cameroun;CM004;Extrme-Nord;CM004002;Logone-et-Chari;CM004002008;Makary;Wachan;village
cameroun;CM004;Extrme-Nord;CM004002;Logone-et-Chari;CM004002003;Fotokol;Belabago;village
cameroun;CM004;Extrme-Nord;CM004002;Logone-et-Chari;CM004002008;Makary;Mounrigachiri;village
cameroun;CM004;Extrme-Nord;CM004002;Logone-et-Chari;CM004002008;Makary;Dongolo;village
cameroun;CM004;Extrme-Nord;CM004002;Logone-et-Chari;CM004002008;Makary;Djayaya;village
cameroun;CM004;Extrme-Nord;CM004002;Logone-et-Chari;CM004002003;Fotokol;Adjiri;village
cameroun;CM004;Extrme-Nord;CM004002;Logone-et-Chari;CM004002003;Fotokol;Barkari;village
cameroun;CM004;Extrme-Nord;CM004002;Logone-et-Chari;CM004002003;Fotokol;Sambori;village
cameroun;CM004;Extrme-Nord;CM004002;Logone-et-Chari;CM004002003;Fotokol;Djouka;village
cameroun;CM004;Extrme-Nord;CM004002;Logone-et-Chari;CM004002003;Fotokol;Nganaw;village
cameroun;CM004;Extrme-Nord;CM004002;Logone-et-Chari;CM004002003;Fotokol;Gugueri;village
cameroun;CM004;Extrme-Nord;CM004002;Logone-et-Chari;CM004002003;Fotokol;Gadafi;village
cameroun;CM004;Extrme-Nord;CM004002;Logone-et-Chari;CM004002003;Fotokol;Choloba;village
cameroun;CM004;Extrme-Nord;CM004002;Logone-et-Chari;CM004002003;Fotokol;Soueram;village
cameroun;CM004;Extrme-Nord;CM004002;Logone-et-Chari;CM004002003;Fotokol;Daboukre;village
cameroun;CM004;Extrme-Nord;CM004002;Logone-et-Chari;CM004002003;Fotokol;Bri Banesse;village
cameroun;CM004;Extrme-Nord;CM004002;Logone-et-Chari;CM004002003;Fotokol;Rouround;village
cameroun;CM004;Extrme-Nord;CM004002;Logone-et-Chari;CM004002003;Fotokol;Nigu;village
cameroun;CM004;Extrme-Nord;CM004002;Logone-et-Chari;CM004002003;Fotokol;Woromari;village
cameroun;CM004;Extrme-Nord;CM004002;Logone-et-Chari;CM004002003;Fotokol;Leimari;village
cameroun;CM004;Extrme-Nord;CM004002;Logone-et-Chari;CM004002003;Fotokol;Fotokol;town
cameroun;CM004;Extrme-Nord;CM004002;Logone-et-Chari;CM004002003;Fotokol;Kaldjoua;village
cameroun;CM004;Extrme-Nord;CM004002;Logone-et-Chari;CM004002003;Fotokol;Amassadeck;village
cameroun;CM004;Extrme-Nord;CM004002;Logone-et-Chari;CM004002003;Fotokol;Wangara;village
cameroun;CM004;Extrme-Nord;CM004002;Logone-et-Chari;CM004002003;Fotokol;Bidi;village
cameroun;CM004;Extrme-Nord;CM004002;Logone-et-Chari;CM004002003;Fotokol;Malimali;village
cameroun;CM004;Extrme-Nord;CM004002;Logone-et-Chari;CM004002007;Logone-Birni;Ardo Rumeila;village
cameroun;CM004;Extrme-Nord;CM004002;Logone-et-Chari;CM004002007;Logone-Birni;Jilbe;village
cameroun;CM004;Extrme-Nord;CM004002;Logone-et-Chari;CM004002007;Logone-Birni;Dabanga;village
cameroun;CM004;Extrme-Nord;CM004002;Logone-et-Chari;CM004002007;Logone-Birni;Chaoude;village
cameroun;CM004;Extrme-Nord;CM004002;Logone-et-Chari;CM004002007;Logone-Birni;Chaoude;village
cameroun;CM004;Extrme-Nord;CM004002;Logone-et-Chari;CM004002007;Logone-Birni;Kabe 1;village
cameroun;CM004;Extrme-Nord;CM004002;Logone-et-Chari;CM004002007;Logone-Birni;Kabe 2;village
cameroun;CM004;Extrme-Nord;CM004002;Logone-et-Chari;CM004002007;Logone-Birni;Kabe 3;village
cameroun;CM004;Extrme-Nord;CM004002;Logone-et-Chari;CM004002007;Logone-Birni;Lefiya;village
cameroun;CM004;Extrme-Nord;CM004002;Logone-et-Chari;CM004002009;Waza;Mouzgoum;village
cameroun;CM004;Extrme-Nord;CM004002;Logone-et-Chari;CM004002009;Waza;Ardebe 1;village
cameroun;CM004;Extrme-Nord;CM004002;Logone-et-Chari;CM004002009;Waza;Salra;village
cameroun;CM004;Extrme-Nord;CM004002;Logone-et-Chari;CM004002009;Waza;Zgagu;village
cameroun;CM004;Extrme-Nord;CM004002;Logone-et-Chari;CM004002009;Waza;Karakwy;village
cameroun;CM004;Extrme-Nord;CM004002;Logone-et-Chari;CM004002009;Waza;Malia;village
cameroun;CM004;Extrme-Nord;CM004002;Logone-et-Chari;CM004002009;Waza;Gouzonal;village
cameroun;CM004;Extrme-Nord;CM004002;Logone-et-Chari;CM004002009;Waza;Gouzonal Samke;village
cameroun;CM004;Extrme-Nord;CM004002;Logone-et-Chari;CM004002009;Waza;Mada 1;village
cameroun;CM004;Extrme-Nord;CM004002;Logone-et-Chari;CM004002009;Waza;Ndiguina;village
cameroun;CM004;Extrme-Nord;CM004002;Logone-et-Chari;CM004002009;Waza;Waza;town
cameroun;CM004;Extrme-Nord;CM004002;Logone-et-Chari;CM004002009;Waza;Amtalia;village
cameroun;CM004;Extrme-Nord;CM004005;Mayo-Sava;CM004005002;Mora;Tagawa;village
cameroun;CM004;Extrme-Nord;CM004005;Mayo-Sava;CM004005002;Mora;Touchki;village
cameroun;CM004;Extrme-Nord;CM004005;Mayo-Sava;CM004005002;Mora;Boundri;village
cameroun;CM004;Extrme-Nord;CM004005;Mayo-Sava;CM004005002;Mora;Kolosal;village
cameroun;CM004;Extrme-Nord;CM004005;Mayo-Sava;CM004005002;Mora;Homaka;village
cameroun;CM004;Extrme-Nord;CM004005;Mayo-Sava;CM004005002;Mora;Ardori;village
cameroun;CM004;Extrme-Nord;CM004005;Mayo-Sava;CM004005002;Mora;Gogoleme;town
cameroun;CM004;Extrme-Nord;CM004005;Mayo-Sava;CM004005002;Mora;Madjina;village
cameroun;CM004;Extrme-Nord;CM004005;Mayo-Sava;CM004005002;Mora;Tapari;village
cameroun;CM004;Extrme-Nord;CM004005;Mayo-Sava;CM004005002;Mora;Kossa;village
cameroun;CM004;Extrme-Nord;CM004005;Mayo-Sava;CM004005002;Mora;Djala;village
cameroun;CM004;Extrme-Nord;CM004005;Mayo-Sava;CM004005002;Mora;Doubl-Alagarno;village
cameroun;CM004;Extrme-Nord;CM004005;Mayo-Sava;CM004005002;Mora;Magdm;village
cameroun;CM004;Extrme-Nord;CM004005;Mayo-Sava;CM004005002;Mora;Gogo;village
cameroun;CM004;Extrme-Nord;CM004005;Mayo-Sava;CM004005002;Mora;Blamaderi;village
cameroun;CM004;Extrme-Nord;CM004005;Mayo-Sava;CM004005002;Mora;Djounde;village
cameroun;CM004;Extrme-Nord;CM004005;Mayo-Sava;CM004005002;Mora;Blabline;village
cameroun;CM004;Extrme-Nord;CM004005;Mayo-Sava;CM004005002;Mora;Blakessa;village
cameroun;CM004;Extrme-Nord;CM004005;Mayo-Sava;CM004005002;Mora;Aissa_harde_dangave;village
cameroun;CM004;Extrme-Nord;CM004005;Mayo-Sava;CM004005002;Mora;Aissa Harde_djimaye_2;village
cameroun;CM004;Extrme-Nord;CM004005;Mayo-Sava;CM004005002;Mora;Aissa_harde_ma;village
cameroun;CM004;Extrme-Nord;CM004005;Mayo-Sava;CM004005002;Mora;Aissa_tarmoun;village
cameroun;CM004;Extrme-Nord;CM004005;Mayo-Sava;CM004005002;Mora;Mahoula;village
cameroun;CM004;Extrme-Nord;CM004005;Mayo-Sava;CM004005002;Mora;Doulo;village
cameroun;CM004;Extrme-Nord;CM004005;Mayo-Sava;CM004005002;Mora;Tayer Kawtalderdirab;village
cameroun;CM004;Extrme-Nord;CM004005;Mayo-Sava;CM004005002;Mora;Mbreche;village
cameroun;CM004;Extrme-Nord;CM004005;Mayo-Sava;CM004005002;Mora;Ganai;village
cameroun;CM004;Extrme-Nord;CM004005;Mayo-Sava;CM004005002;Mora;Limani;town
cameroun;CM004;Extrme-Nord;CM004005;Mayo-Sava;CM004005002;Mora;Gourgoro;village
cameroun;CM004;Extrme-Nord;CM004005;Mayo-Sava;CM004005002;Mora;Gouro Mougza;village
cameroun;CM004;Extrme-Nord;CM004005;Mayo-Sava;CM004005002;Mora;Gouloudjahan;village
cameroun;CM004;Extrme-Nord;CM004005;Mayo-Sava;CM004005002;Mora;Wambatch;village
cameroun;CM004;Extrme-Nord;CM004006;Mayo-Tsanaga;CM004006004;Mayo-Moskota;Kamdjidji;village
cameroun;CM004;Extrme-Nord;CM004006;Mayo-Tsanaga;CM004006004;Mayo-Moskota;Vreket;village
cameroun;CM004;Extrme-Nord;CM004005;Mayo-Sava;CM004005001;Kolofata;Gakara;village
cameroun;CM004;Extrme-Nord;CM004006;Mayo-Tsanaga;CM004006004;Mayo-Moskota;Assighassia;town
cameroun;CM004;Extrme-Nord;CM004006;Mayo-Tsanaga;CM004006004;Mayo-Moskota;Zamga;village
cameroun;CM004;Extrme-Nord;CM004006;Mayo-Tsanaga;CM004006004;Mayo-Moskota;Djibrili;village
cameroun;CM004;Extrme-Nord;CM004006;Mayo-Tsanaga;CM004006004;Mayo-Moskota;Zeneme Centre;village
cameroun;CM004;Extrme-Nord;CM004006;Mayo-Tsanaga;CM004006004;Mayo-Moskota;Zeneme Glapar;village
cameroun;CM004;Extrme-Nord;CM004005;Mayo-Sava;CM004005001;Kolofata;Sanda Wadjiri;village
cameroun;CM004;Extrme-Nord;CM004006;Mayo-Tsanaga;CM004006004;Mayo-Moskota;Cherif Moussari;village
cameroun;CM004;Extrme-Nord;CM004005;Mayo-Sava;CM004005001;Kolofata;Blama Abba;village
cameroun;CM004;Extrme-Nord;CM004006;Mayo-Tsanaga;CM004006004;Mayo-Moskota;Talla Katchi;village
cameroun;CM004;Extrme-Nord;CM004005;Mayo-Sava;CM004005001;Kolofata;Gangawa;village
cameroun;CM004;Extrme-Nord;CM004005;Mayo-Sava;CM004005001;Kolofata;Sinki;village
cameroun;CM004;Extrme-Nord;CM004005;Mayo-Sava;CM004005001;Kolofata;Kidji-kerawa;village
cameroun;CM004;Extrme-Nord;CM004005;Mayo-Sava;CM004005001;Kolofata;Kidji;village
cameroun;CM004;Extrme-Nord;CM004005;Mayo-Sava;CM004005001;Kolofata;Bornori;village
cameroun;CM004;Extrme-Nord;CM004005;Mayo-Sava;CM004005001;Kolofata;Talla Malabrahim;village
cameroun;CM004;Extrme-Nord;CM004005;Mayo-Sava;CM004005001;Kolofata;Tolkomari;village
cameroun;CM004;Extrme-Nord;CM004005;Mayo-Sava;CM004005001;Kolofata;Blabline;village
cameroun;CM004;Extrme-Nord;CM004005;Mayo-Sava;CM004005001;Kolofata;Bame;village
cameroun;CM004;Extrme-Nord;CM004005;Mayo-Sava;CM004005001;Kolofata;Kolofata;town
cameroun;CM004;Extrme-Nord;CM004005;Mayo-Sava;CM004005001;Kolofata;Gra;village
cameroun;CM004;Extrme-Nord;CM004005;Mayo-Sava;CM004005001;Kolofata;Bourvar;village
cameroun;CM004;Extrme-Nord;CM004005;Mayo-Sava;CM004005001;Kolofata;Goudri;village
cameroun;CM004;Extrme-Nord;CM004005;Mayo-Sava;CM004005001;Kolofata;Manawatchi;village
cameroun;CM004;Extrme-Nord;CM004005;Mayo-Sava;CM004005001;Kolofata;Warawide;village
cameroun;CM004;Extrme-Nord;CM004005;Mayo-Sava;CM004005001;Kolofata;Doudje;village
cameroun;CM004;Extrme-Nord;CM004005;Mayo-Sava;CM004005001;Kolofata;Bakaresse;village
cameroun;CM004;Extrme-Nord;CM004005;Mayo-Sava;CM004005001;Kolofata;Kerawa;village
cameroun;CM004;Extrme-Nord;CM004005;Mayo-Sava;CM004005001;Kolofata;Ndaba;town
cameroun;CM004;Extrme-Nord;CM004005;Mayo-Sava;CM004005001;Kolofata;Kidjimatari;village
cameroun;CM004;Extrme-Nord;CM004005;Mayo-Sava;CM004005001;Kolofata;Kordo;village
cameroun;CM004;Extrme-Nord;CM004005;Mayo-Sava;CM004005001;Kolofata;Alagarno;village
cameroun;CM004;Extrme-Nord;CM004005;Mayo-Sava;CM004005001;Kolofata;Kodogou;village
cameroun;CM004;Extrme-Nord;CM004005;Mayo-Sava;CM004005001;Kolofata;Amchid;village
cameroun;CM004;Extrme-Nord;CM004005;Mayo-Sava;CM004005002;Mora;Igawa Doulo;village
cameroun;CM004;Extrme-Nord;CM004005;Mayo-Sava;CM004005001;Kolofata;Walassa;village
cameroun;CM004;Extrme-Nord;CM004005;Mayo-Sava;CM004005001;Kolofata;Maloumri Abatchoua;village
cameroun;CM004;Extrme-Nord;CM004005;Mayo-Sava;CM004005001;Kolofata;Chripouri;village
cameroun;CM004;Extrme-Nord;CM004005;Mayo-Sava;CM004005001;Kolofata;Gadero;village
cameroun;CM004;Extrme-Nord;CM004005;Mayo-Sava;CM004005001;Kolofata;Ygoua;village
cameroun;CM004;Extrme-Nord;CM004005;Mayo-Sava;CM004005001;Kolofata;Gans;village
cameroun;CM004;Extrme-Nord;CM004005;Mayo-Sava;CM004005001;Kolofata;Bia;village
cameroun;CM004;Extrme-Nord;CM004005;Mayo-Sava;CM004005001;Kolofata;Gouzoudou;village
cameroun;CM004;Extrme-Nord;CM004005;Mayo-Sava;CM004005002;Mora;Kourgui;village
cameroun;CM004;Extrme-Nord;CM004005;Mayo-Sava;CM004005002;Mora;Jilve;village
cameroun;CM004;Extrme-Nord;CM004005;Mayo-Sava;CM004005002;Mora;Mayo Plata;village
cameroun;CM004;Extrme-Nord;CM004005;Mayo-Sava;CM004005003;Tokombere;Sama;village
cameroun;CM004;Extrme-Nord;CM004005;Mayo-Sava;CM004005002;Mora;Gocha Kola;village
cameroun;CM004;Extrme-Nord;CM004005;Mayo-Sava;CM004005002;Mora;Zouelva;village
cameroun;CM004;Extrme-Nord;CM004005;Mayo-Sava;CM004005002;Mora;Golda;village
cameroun;CM004;Extrme-Nord;CM004005;Mayo-Sava;CM004005002;Mora;Koulang;village
cameroun;CM004;Extrme-Nord;CM004005;Mayo-Sava;CM004005003;Tokombere;Dala-Zoulgo;village
cameroun;CM004;Extrme-Nord;CM004005;Mayo-Sava;CM004005003;Tokombere;Madakonai_2;village
cameroun;CM004;Extrme-Nord;CM004005;Mayo-Sava;CM004005003;Tokombere;Blar;village
cameroun;CM004;Extrme-Nord;CM004005;Mayo-Sava;CM004005003;Tokombere;Kodjing;village
cameroun;CM004;Extrme-Nord;CM004005;Mayo-Sava;CM004005003;Tokombere;Hondjok;village
cameroun;CM004;Extrme-Nord;CM004005;Mayo-Sava;CM004005003;Tokombere;Serawa;village
cameroun;CM004;Extrme-Nord;CM004005;Mayo-Sava;CM004005003;Tokombere;Mada_piemeont;village
cameroun;CM008;Ouest;CM008007;Nd;CM008007001;Bangangte;Ndandut;village
cameroun;CM008;Ouest;CM008007;Nd;CM008007001;Bangangte;Bandouno-Fongou;village
cameroun;CM008;Ouest;CM008007;Nd;CM008007001;Bangangte;Fametcha;village
cameroun;CM007;Nord-Ouest;CM007005;Mezam;CM007005007;Tubah;Tungo;village
cameroun;CM007;Nord-Ouest;CM007005;Mezam;CM007005007;Tubah;Sabga;village
cameroun;CM007;Nord-Ouest;CM007005;Mezam;CM007005007;Tubah;Bambui;village
cameroun;CM007;Nord-Ouest;CM007005;Mezam;CM007005007;Tubah;Bambili;village
cameroun;CM007;Nord-Ouest;CM007005;Mezam;CM007005007;Tubah;Kemkom;village
cameroun;CM007;Nord-Ouest;CM007007;Ngo-Ketunjia;CM007007002;Balikumbat;Balikumbat;village
cameroun;CM007;Nord-Ouest;CM007007;Ngo-Ketunjia;CM007007002;Balikumbat;Bafanji;village
cameroun;CM007;Nord-Ouest;CM007007;Ngo-Ketunjia;CM007007003;Ndop;Ngwalang;village
cameroun;CM007;Nord-Ouest;CM007005;Mezam;CM007005007;Tubah;Nsangtah;village
cameroun;CM007;Nord-Ouest;CM007005;Mezam;CM007005007;Tubah;Bamessing;village
cameroun;CM007;Nord-Ouest;CM007007;Ngo-Ketunjia;CM007007003;Ndop;Sub Palace Akeh;village
cameroun;CM007;Nord-Ouest;CM007007;Ngo-Ketunjia;CM007007003;Ndop;Bamali;village
cameroun;CM007;Nord-Ouest;CM007007;Ngo-Ketunjia;CM007007003;Ndop;Ndop;town
cameroun;CM007;Nord-Ouest;CM007007;Ngo-Ketunjia;CM007007003;Ndop;Bamunka;village
cameroun;CM008;Ouest;CM008001;Bamboutos;CM008001003;Galim;Mideu;village
cameroun;CM008;Ouest;CM008001;Bamboutos;CM008001003;Galim;Mbafa;village
cameroun;CM008;Ouest;CM008001;Bamboutos;CM008001003;Galim;Menfoung;village
cameroun;CM008;Ouest;CM008001;Bamboutos;CM008001003;Galim;Tass Yeyep;village
cameroun;CM008;Ouest;CM008001;Bamboutos;CM008001003;Galim;Galim;town
cameroun;CM008;Ouest;CM008001;Bamboutos;CM008001003;Galim;Tata;village
cameroun;CM008;Ouest;CM008001;Bamboutos;CM008001003;Galim;Mbaghong;village
cameroun;CM008;Ouest;CM008001;Bamboutos;CM008001003;Galim;Bamendjing;village
cameroun;CM008;Ouest;CM008001;Bamboutos;CM008001003;Galim;Mbenzate;village
cameroun;CM008;Ouest;CM008001;Bamboutos;CM008001003;Galim;Bati;village
cameroun;CM008;Ouest;CM008001;Bamboutos;CM008001003;Galim;Mifi Sud;village
cameroun;CM008;Ouest;CM008006;Mifi;CM008006002;Bafoussam 2e;Takouch;village
cameroun;CM008;Ouest;CM008006;Mifi;CM008006001;Bafoussam 1er;Famtchut;village
cameroun;CM008;Ouest;CM008006;Mifi;CM008006001;Bafoussam 1er;Njinga I;village
cameroun;CM008;Ouest;CM008006;Mifi;CM008006001;Bafoussam 1er;Fantja;village
cameroun;CM008;Ouest;CM008006;Mifi;CM008006001;Bafoussam 1er;Famleng;village
cameroun;CM008;Ouest;CM008006;Mifi;CM008006002;Bafoussam 2e;Njassa;village
cameroun;CM008;Ouest;CM008006;Mifi;CM008006002;Bafoussam 2e;Langoueng;village
cameroun;CM008;Ouest;CM008006;Mifi;CM008006002;Bafoussam 2e;Bassint;village
cameroun;CM008;Ouest;CM008006;Mifi;CM008006002;Bafoussam 2e;Toungang II;village
cameroun;CM006;Nord;CM006004;Mayo-Rey;CM006004003;Tchollire;Mane_2;village
cameroun;CM006;Nord;CM006004;Mayo-Rey;CM006004003;Tchollire;Mane;village
cameroun;CM006;Nord;CM006004;Mayo-Rey;CM006004003;Tchollire;Tchollire_3;village
cameroun;CM006;Nord;CM006004;Mayo-Rey;CM006004003;Tchollire;Douffin;village
cameroun;CM006;Nord;CM006004;Mayo-Rey;CM006004003;Tchollire;Dougon;village
cameroun;CM006;Nord;CM006004;Mayo-Rey;CM006004003;Tchollire;Doukea;village
cameroun;CM006;Nord;CM006004;Mayo-Rey;CM006004003;Tchollire;Yet;village
cameroun;CM006;Nord;CM006004;Mayo-Rey;CM006004003;Tchollire;Youkout;village
cameroun;CM006;Nord;CM006004;Mayo-Rey;CM006004003;Tchollire;Taboun;village
cameroun;CM006;Nord;CM006004;Mayo-Rey;CM006004003;Tchollire;Mbao;village
cameroun;CM006;Nord;CM006004;Mayo-Rey;CM006004003;Tchollire;Sakdje;village
cameroun;CM006;Nord;CM006004;Mayo-Rey;CM006004003;Tchollire;Bouk;village
cameroun;CM006;Nord;CM006004;Mayo-Rey;CM006004003;Tchollire;Dogba;village
cameroun;CM006;Nord;CM006004;Mayo-Rey;CM006004003;Tchollire;Dogba;village
cameroun;CM006;Nord;CM006004;Mayo-Rey;CM006004003;Tchollire;Manguenwa;village
cameroun;CM006;Nord;CM006004;Mayo-Rey;CM006004003;Tchollire;Djagba;village
cameroun;CM006;Nord;CM006004;Mayo-Rey;CM006004003;Tchollire;Mayo Salah;village
cameroun;CM006;Nord;CM006004;Mayo-Rey;CM006004003;Tchollire;Guidjiba;town
cameroun;CM006;Nord;CM006001;Bnou;CM006001008;Lagdo;Wouabo;village
cameroun;CM006;Nord;CM006001;Bnou;CM006001008;Lagdo;Yagadi;village
cameroun;CM006;Nord;CM006001;Bnou;CM006001008;Lagdo;Naari;village
cameroun;CM006;Nord;CM006001;Bnou;CM006001008;Lagdo;Boulel;village
cameroun;CM006;Nord;CM006001;Bnou;CM006001008;Lagdo;Ouro Tchedou;village
cameroun;CM006;Nord;CM006001;Bnou;CM006001002;Bibemi;Mbengui;village
cameroun;CM006;Nord;CM006001;Bnou;CM006001008;Lagdo;Badjaoule Centre;village
cameroun;CM006;Nord;CM006001;Bnou;CM006001008;Lagdo;Madjalissa;village
cameroun;CM006;Nord;CM006004;Mayo-Rey;CM006004002;Rey-Bouba;Guelao;village
cameroun;CM006;Nord;CM006001;Bnou;CM006001008;Lagdo;Mayo Mbai;village
cameroun;CM006;Nord;CM006004;Mayo-Rey;CM006004002;Rey-Bouba;Malkaigue;village
cameroun;CM006;Nord;CM006004;Mayo-Rey;CM006004002;Rey-Bouba;Ouro Mayo;village
cameroun;CM006;Nord;CM006004;Mayo-Rey;CM006004002;Rey-Bouba;Ouro Bali;village
cameroun;CM006;Nord;CM006001;Bnou;CM006001002;Bibemi;Gore Ngaska;village
cameroun;CM006;Nord;CM006001;Bnou;CM006001002;Bibemi;Gore Ardo;village
cameroun;CM006;Nord;CM006001;Bnou;CM006001002;Bibemi;Ndiam Badi;village
cameroun;CM006;Nord;CM006001;Bnou;CM006001002;Bibemi;Djaouro Douri;village
cameroun;CM006;Nord;CM006001;Bnou;CM006001002;Bibemi;Djalingo_kapsiki;village
cameroun;CM006;Nord;CM006001;Bnou;CM006001002;Bibemi;Bessoum Kapsiki;village
cameroun;CM006;Nord;CM006001;Bnou;CM006001002;Bibemi;Bessoum_garoua;village
cameroun;CM006;Nord;CM006001;Bnou;CM006001002;Bibemi;Bessoum_garoua_flaye;village
cameroun;CM006;Nord;CM006001;Bnou;CM006001002;Bibemi;Ouro Doukoudje;village
cameroun;CM006;Nord;CM006001;Bnou;CM006001002;Bibemi;Dingale;village
cameroun;CM006;Nord;CM006001;Bnou;CM006001008;Lagdo;Lagdo Mafa;village
cameroun;CM006;Nord;CM006001;Bnou;CM006001002;Bibemi;Gounougou;village
cameroun;CM006;Nord;CM006001;Bnou;CM006001008;Lagdo;Kontip;village
cameroun;CM006;Nord;CM006001;Bnou;CM006001008;Lagdo;Bobi Lagdo 2;village
cameroun;CM006;Nord;CM006001;Bnou;CM006001008;Lagdo;Bobi Lagdo 1;village
cameroun;CM006;Nord;CM006001;Bnou;CM006001008;Lagdo;Lagdo 2;village
cameroun;CM006;Nord;CM006001;Bnou;CM006001008;Lagdo;Lagdo;town
cameroun;CM006;Nord;CM006001;Bnou;CM006001008;Lagdo;Bokassa;village
cameroun;CM006;Nord;CM006001;Bnou;CM006001002;Bibemi;Riao;village
cameroun;CM006;Nord;CM006001;Bnou;CM006001002;Bibemi;Djanga;village
cameroun;CM006;Nord;CM006001;Bnou;CM006001002;Bibemi;Ouro Bobowa;village
cameroun;CM006;Nord;CM006001;Bnou;CM006001002;Bibemi;Finaye;village
cameroun;CM006;Nord;CM006001;Bnou;CM006001002;Bibemi;Douloumi_2;village
cameroun;CM006;Nord;CM006001;Bnou;CM006001002;Bibemi;Douloumi;village
cameroun;CM006;Nord;CM006001;Bnou;CM006001002;Bibemi;Bounga;village
cameroun;CM006;Nord;CM006001;Bnou;CM006001002;Bibemi;Ourokio;village
cameroun;CM006;Nord;CM006001;Bnou;CM006001002;Bibemi;Djeneo;village
cameroun;CM006;Nord;CM006001;Bnou;CM006001002;Bibemi;Adoumri;village
cameroun;CM006;Nord;CM006001;Bnou;CM006001002;Bibemi;Adoumri_1;village
cameroun;CM006;Nord;CM006001;Bnou;CM006001002;Bibemi;Mbigou;village
cameroun;CM006;Nord;CM006001;Bnou;CM006001002;Bibemi;Dougue;village
cameroun;CM006;Nord;CM006001;Bnou;CM006001002;Bibemi;Soulmaki;village
cameroun;CM006;Nord;CM006001;Bnou;CM006001002;Bibemi;Houla;village
cameroun;CM006;Nord;CM006001;Bnou;CM006001010;Pitoa;Famoure Tongo;village
cameroun;CM006;Nord;CM006001;Bnou;CM006001010;Pitoa;Ndonga;village
cameroun;CM006;Nord;CM006001;Bnou;CM006001010;Pitoa;Faltikou;village
cameroun;CM006;Nord;CM006001;Bnou;CM006001010;Pitoa;Mbolom;village
cameroun;CM006;Nord;CM006001;Bnou;CM006001010;Pitoa;Ngaouli;village
cameroun;CM006;Nord;CM006001;Bnou;CM006001010;Pitoa;Torreye;village
cameroun;CM006;Nord;CM006001;Bnou;CM006001010;Pitoa;Louguereo;village
cameroun;CM006;Nord;CM006001;Bnou;CM006001010;Pitoa;Mbe;village
cameroun;CM006;Nord;CM006001;Bnou;CM006001002;Bibemi;Be_centre;village
cameroun;CM006;Nord;CM006001;Bnou;CM006001002;Bibemi;Hossere;village
cameroun;CM006;Nord;CM006001;Bnou;CM006001010;Pitoa;Dega;village
cameroun;CM006;Nord;CM006001;Bnou;CM006001010;Pitoa;Djide;village
cameroun;CM006;Nord;CM006001;Bnou;CM006001010;Pitoa;Forty;village
cameroun;CM006;Nord;CM006001;Bnou;CM006001010;Pitoa;Djaouro (Chefferie) de Woulo tardo;village
cameroun;CM006;Nord;CM006001;Bnou;CM006001010;Pitoa;Djaouro (Chefferie) de Foudji;village
cameroun;CM006;Nord;CM006001;Bnou;CM006001010;Pitoa;Barka;village
cameroun;CM006;Nord;CM006001;Bnou;CM006001010;Pitoa;Badjouma_centre;village
cameroun;CM006;Nord;CM006001;Bnou;CM006001010;Pitoa;Cessara;village
cameroun;CM006;Nord;CM006001;Bnou;CM006001010;Pitoa;Babaye;village
cameroun;CM006;Nord;CM006001;Bnou;CM006001010;Pitoa;Chefferie de Babaye;village
cameroun;CM006;Nord;CM006001;Bnou;CM006001010;Pitoa;Djaouro (Chefferie) de Wouro Walewol Bouski;village
cameroun;CM006;Nord;CM006001;Bnou;CM006001010;Pitoa;Bouba Labaye;village
cameroun;CM006;Nord;CM006001;Bnou;CM006001010;Pitoa;Sebore;village
cameroun;CM006;Nord;CM006001;Bnou;CM006001010;Pitoa;Djaouro (Chefferie) de Wouro Bocki;village
cameroun;CM006;Nord;CM006001;Bnou;CM006001010;Pitoa;Ouro Bocki;village
cameroun;CM006;Nord;CM006001;Bnou;CM006001010;Pitoa;Bangrang;village
cameroun;CM006;Nord;CM006001;Bnou;CM006001010;Pitoa;Oumoua;village
cameroun;CM006;Nord;CM006001;Bnou;CM006001010;Pitoa;Djaouro (Chefferie) de Lagam Bainere;village
cameroun;CM006;Nord;CM006001;Bnou;CM006001010;Pitoa;Lagam;village
cameroun;CM006;Nord;CM006001;Bnou;CM006001010;Pitoa;Walewol;village
cameroun;CM006;Nord;CM006001;Bnou;CM006001010;Pitoa;Mbor_moundang;village
cameroun;CM006;Nord;CM006001;Bnou;CM006001010;Pitoa;Bapara;village
cameroun;CM006;Nord;CM006001;Bnou;CM006001010;Pitoa;Mbor Patidje;village
cameroun;CM006;Nord;CM006001;Bnou;CM006001010;Pitoa;Mbor_bainawa;village
cameroun;CM006;Nord;CM006001;Bnou;CM006001010;Pitoa;Loppere;village
cameroun;CM006;Nord;CM006001;Bnou;CM006001010;Pitoa;Djaouro (Chefferie)Mbor de Badjengo;village
cameroun;CM006;Nord;CM006001;Bnou;CM006001010;Pitoa;Badjengo;village
cameroun;CM006;Nord;CM006001;Bnou;CM006001010;Pitoa;Doualare;village
cameroun;CM006;Nord;CM006001;Bnou;CM006001010;Pitoa;Poumpoumre;village
cameroun;CM006;Nord;CM006001;Bnou;CM006001010;Pitoa;Lawane Mboulouwol;village
cameroun;CM006;Nord;CM006001;Bnou;CM006001010;Pitoa;Mayo_lebri;village
cameroun;CM006;Nord;CM006001;Bnou;CM006001010;Pitoa;Mayo_bangaye;village
cameroun;CM008;Ouest;CM008004;Koung-Khi;CM008004001;Bayangam;Bandrefam;village
cameroun;CM008;Ouest;CM008004;Koung-Khi;CM008004001;Bayangam;Lekwa;village
cameroun;CM008;Ouest;CM008004;Koung-Khi;CM008004001;Bayangam;Batoufam;village
cameroun;CM008;Ouest;CM008004;Koung-Khi;CM008004002;Djebem;Bangang-Fondji;village
cameroun;CM008;Ouest;CM008004;Koung-Khi;CM008004002;Djebem;Djiongwo;village
cameroun;CM008;Ouest;CM008007;Nd;CM008007001;Bangangte;Bangang Fokam;village
cameroun;CM008;Ouest;CM008007;Nd;CM008007001;Bangangte;Nkong-Ngam;village
cameroun;CM008;Ouest;CM008007;Nd;CM008007001;Bangangte;Ndou'ndou;village
cameroun;CM008;Ouest;CM008007;Nd;CM008007001;Bangangte;Bankan;village
cameroun;CM008;Ouest;CM008007;Nd;CM008007001;Bangangte;Kamdam;village
cameroun;CM008;Ouest;CM008008;Noun;CM008008003;Foumbot;Nkoufen;village
cameroun;CM008;Ouest;CM008008;Noun;CM008008003;Foumbot;Matie;village
cameroun;CM008;Ouest;CM008008;Noun;CM008008003;Foumbot;Mfewouon;village
cameroun;CM008;Ouest;CM008008;Noun;CM008008003;Foumbot;Mfessang;village
cameroun;CM008;Ouest;CM008008;Noun;CM008008003;Foumbot;Mangoum;village
cameroun;CM008;Ouest;CM008008;Noun;CM008008003;Foumbot;Keutvu;village
cameroun;CM008;Ouest;CM008008;Noun;CM008008003;Foumbot;Bangou II;village
cameroun;CM008;Ouest;CM008008;Noun;CM008008003;Foumbot;Momo;village
cameroun;CM008;Ouest;CM008008;Noun;CM008008003;Foumbot;Fondji II;village
cameroun;CM008;Ouest;CM008008;Noun;CM008008003;Foumbot;Manga;village
cameroun;CM008;Ouest;CM008008;Noun;CM008008003;Foumbot;Djon;village
cameroun;CM008;Ouest;CM008004;Koung-Khi;CM008004002;Djebem;Famtoum;village
cameroun;CM008;Ouest;CM008008;Noun;CM008008003;Foumbot;Baham II;village
cameroun;CM008;Ouest;CM008008;Noun;CM008008003;Foumbot;Nkoukpa;village
cameroun;CM008;Ouest;CM008008;Noun;CM008008003;Foumbot;Kouekong;village
cameroun;CM008;Ouest;CM008006;Mifi;CM008006001;Bafoussam 1er;Banefo;village
cameroun;CM008;Ouest;CM008006;Mifi;CM008006001;Bafoussam 1er;Koptchou II;village
cameroun;CM008;Ouest;CM008006;Mifi;CM008006001;Bafoussam 1er;Balengou;village
cameroun;CM008;Ouest;CM008006;Mifi;CM008006001;Bafoussam 1er;Famghang;village
cameroun;CM008;Ouest;CM008006;Mifi;CM008006001;Bafoussam 1er;Sapsi;village
cameroun;CM008;Ouest;CM008006;Mifi;CM008006001;Bafoussam 1er;Tomdjo;village
cameroun;CM008;Ouest;CM008008;Noun;CM008008003;Foumbot;Kouopkaare;village
cameroun;CM008;Ouest;CM008008;Noun;CM008008003;Foumbot;Mfechiya;village
cameroun;CM008;Ouest;CM008008;Noun;CM008008003;Foumbot;Njitande;village
cameroun;CM008;Ouest;CM008008;Noun;CM008008004;Kouoptamo;Ngouondam;village
cameroun;CM008;Ouest;CM008008;Noun;CM008008004;Kouoptamo;Njindoun;village
cameroun;CM008;Ouest;CM008008;Noun;CM008008004;Kouoptamo;Njiloum;village
cameroun;CM008;Ouest;CM008008;Noun;CM008008004;Kouoptamo;Nkou'omboum;village
cameroun;CM008;Ouest;CM008008;Noun;CM008008004;Kouoptamo;Kouoptamo;town
cameroun;CM008;Ouest;CM008008;Noun;CM008008004;Kouoptamo;Mbamkouop;village
cameroun;CM008;Ouest;CM008008;Noun;CM008008004;Kouoptamo;Ngouondam;village
cameroun;CM008;Ouest;CM008008;Noun;CM008008004;Kouoptamo;Ndoumnken;village
cameroun;CM008;Ouest;CM008008;Noun;CM008008004;Kouoptamo;Nkougham;village
cameroun;CM008;Ouest;CM008008;Noun;CM008008004;Kouoptamo;Moripa;village
cameroun;CM008;Ouest;CM008008;Noun;CM008008004;Kouoptamo;Kiliom;village
cameroun;CM008;Ouest;CM008008;Noun;CM008008004;Kouoptamo;Ngbtswen;village
cameroun;CM008;Ouest;CM008008;Noun;CM008008004;Kouoptamo;Ngambouo;village
cameroun;CM008;Ouest;CM008001;Bamboutos;CM008001003;Galim;Fouoya;village
cameroun;CM008;Ouest;CM008008;Noun;CM008008004;Kouoptamo;Mambwot;village
cameroun;CM008;Ouest;CM008008;Noun;CM008008004;Kouoptamo;Ngwen Njingoumb;village
cameroun;CM008;Ouest;CM008008;Noun;CM008008004;Kouoptamo;Mfenguem;village
cameroun;CM008;Ouest;CM008008;Noun;CM008008005;Koutaba;Nkounden;village
cameroun;CM008;Ouest;CM008008;Noun;CM008008001;Bangourain;Nkoumangba;village
cameroun;CM008;Ouest;CM008008;Noun;CM008008005;Koutaba;Nkourom;village
cameroun;CM008;Ouest;CM008008;Noun;CM008008001;Bangourain;Njimbt;village
cameroun;CM008;Ouest;CM008008;Noun;CM008008002;Foumban;Bangambi;village
cameroun;CM008;Ouest;CM008008;Noun;CM008008001;Bangourain;Nkwat;village
cameroun;CM008;Ouest;CM008008;Noun;CM008008005;Koutaba;Njitekwt;village
cameroun;CM008;Ouest;CM008008;Noun;CM008008005;Koutaba;Didango;village
cameroun;CM008;Ouest;CM008008;Noun;CM008008005;Koutaba;Didango;village
cameroun;CM008;Ouest;CM008008;Noun;CM008008005;Koutaba;Nkounja;village
cameroun;CM008;Ouest;CM008008;Noun;CM008008005;Koutaba;Nkounja;village
cameroun;CM008;Ouest;CM008008;Noun;CM008008005;Koutaba;Maatam;village
cameroun;CM008;Ouest;CM008008;Noun;CM008008005;Koutaba;Nchoutkeke;village
cameroun;CM008;Ouest;CM008008;Noun;CM008008003;Foumbot;Mfa'chekwet;village
cameroun;CM008;Ouest;CM008008;Noun;CM008008005;Koutaba;Nkoutoungwen;village
cameroun;CM008;Ouest;CM008008;Noun;CM008008005;Koutaba;Njitekwet;village
cameroun;CM008;Ouest;CM008008;Noun;CM008008005;Koutaba;Pamfuetl;village
cameroun;CM008;Ouest;CM008008;Noun;CM008008005;Koutaba;Nchout-Mambouo;village
cameroun;CM008;Ouest;CM008008;Noun;CM008008005;Koutaba;Pamfutl;village
cameroun;CM008;Ouest;CM008008;Noun;CM008008005;Koutaba;Manganja;village
cameroun;CM008;Ouest;CM008008;Noun;CM008008004;Kouoptamo;Mbamkouop;village
cameroun;CM008;Ouest;CM008008;Noun;CM008008004;Kouoptamo;Njindoum;village
cameroun;CM008;Ouest;CM008008;Noun;CM008008003;Foumbot;Nkoupa're;village
cameroun;CM008;Ouest;CM008008;Noun;CM008008003;Foumbot;Ntamkouop;village
cameroun;CM008;Ouest;CM008008;Noun;CM008008004;Kouoptamo;Massiessle;village
cameroun;CM008;Ouest;CM008008;Noun;CM008008003;Foumbot;Njinsn;village
cameroun;CM008;Ouest;CM008008;Noun;CM008008005;Koutaba;Mapa'r;village
cameroun;CM008;Ouest;CM008008;Noun;CM008008003;Foumbot;Nkoupa'r;village
cameroun;CM008;Ouest;CM008008;Noun;CM008008003;Foumbot;Maakouop;village
cameroun;CM008;Ouest;CM008008;Noun;CM008008003;Foumbot;Njiripa;village
cameroun;CM008;Ouest;CM008008;Noun;CM008008003;Foumbot;Nkwetkwet;village
cameroun;CM008;Ouest;CM008008;Noun;CM008008003;Foumbot;Mbanjou;village
cameroun;CM008;Ouest;CM008008;Noun;CM008008003;Foumbot;Foumbot;town
cameroun;CM008;Ouest;CM008008;Noun;CM008008003;Foumbot;Njimbouot II;village
cameroun;CM008;Ouest;CM008008;Noun;CM008008003;Foumbot;Njimbouot I;village
cameroun;CM008;Ouest;CM008008;Noun;CM008008003;Foumbot;Ndjimbouot;village
cameroun;CM008;Ouest;CM008008;Noun;CM008008003;Foumbot;Mfesset;village
cameroun;CM008;Ouest;CM008008;Noun;CM008008008;Massangam;Mancha;village
cameroun;CM008;Ouest;CM008008;Noun;CM008008002;Foumban;Mamfu;village
cameroun;CM008;Ouest;CM008008;Noun;CM008008002;Foumban;Nkoutenk;village
cameroun;CM008;Ouest;CM008008;Noun;CM008008005;Koutaba;Nkoutie;village
cameroun;CM008;Ouest;CM008008;Noun;CM008008005;Koutaba;Nkounchankap;village
cameroun;CM008;Ouest;CM008008;Noun;CM008008005;Koutaba;Nkoutoungwen;village
cameroun;CM008;Ouest;CM008008;Noun;CM008008005;Koutaba;Ngbanja;village
cameroun;CM006;Nord;CM006001;Bnou;CM006001010;Pitoa;Boula_ibbi;village
cameroun;CM006;Nord;CM006001;Bnou;CM006001010;Pitoa;Hina_bahimi;village
cameroun;CM006;Nord;CM006001;Bnou;CM006001010;Pitoa;Bahimi;village
cameroun;CM006;Nord;CM006001;Bnou;CM006001010;Pitoa;Badima;village
cameroun;CM006;Nord;CM006001;Bnou;CM006001010;Pitoa;Badjam;village
cameroun;CM006;Nord;CM006001;Bnou;CM006001010;Pitoa;Bandouki;village
cameroun;CM006;Nord;CM006001;Bnou;CM006001010;Pitoa;Ouro_harde;village
cameroun;CM006;Nord;CM006001;Bnou;CM006001010;Pitoa;Ouro_harde_2;village
cameroun;CM006;Nord;CM006001;Bnou;CM006001010;Pitoa;Ouro Harde_1;village
cameroun;CM006;Nord;CM006001;Bnou;CM006001010;Pitoa;Mayo Pari;village
cameroun;CM006;Nord;CM006001;Bnou;CM006001010;Pitoa;Tam;village
cameroun;CM006;Nord;CM006001;Bnou;CM006001010;Pitoa;Badeo;village
cameroun;CM006;Nord;CM006001;Bnou;CM006001010;Pitoa;Bandoro;village
cameroun;CM006;Nord;CM006001;Bnou;CM006001010;Pitoa;Labare;village
cameroun;CM006;Nord;CM006001;Bnou;CM006001010;Pitoa;Gobtikere;village
cameroun;CM006;Nord;CM006001;Bnou;CM006001010;Pitoa;Holma;village
cameroun;CM006;Nord;CM006001;Bnou;CM006001010;Pitoa;Lominguel;village
cameroun;CM006;Nord;CM006001;Bnou;CM006001010;Pitoa;Koubere;village
cameroun;CM006;Nord;CM006001;Bnou;CM006001010;Pitoa;Sebore;village
cameroun;CM006;Nord;CM006001;Bnou;CM006001010;Pitoa;Goka;village
cameroun;CM006;Nord;CM006001;Bnou;CM006001010;Pitoa;Djoma;village
cameroun;CM006;Nord;CM006001;Bnou;CM006001010;Pitoa;Ouro_gortode;village
cameroun;CM006;Nord;CM006001;Bnou;CM006001010;Pitoa;Doumgel;village
cameroun;CM006;Nord;CM006001;Bnou;CM006001010;Pitoa;Deou;village
cameroun;CM006;Nord;CM006001;Bnou;CM006001002;Bibemi;Djarendi Bello;village
cameroun;CM006;Nord;CM006001;Bnou;CM006001010;Pitoa;Boussa;village
cameroun;CM006;Nord;CM006001;Bnou;CM006001002;Bibemi;Bessoum Bouba;village
cameroun;CM006;Nord;CM006001;Bnou;CM006001002;Bibemi;Bessoum Labaye;village
cameroun;CM006;Nord;CM006001;Bnou;CM006001002;Bibemi;Biboumza;village
cameroun;CM006;Nord;CM006001;Bnou;CM006001002;Bibemi;Mandjola 3;village
cameroun;CM006;Nord;CM006001;Bnou;CM006001002;Bibemi;Fitorou;village
cameroun;CM006;Nord;CM006001;Bnou;CM006001002;Bibemi;Waga;village
cameroun;CM006;Nord;CM006001;Bnou;CM006001002;Bibemi;Baksa;village
cameroun;CM006;Nord;CM006001;Bnou;CM006001002;Bibemi;Mandjola;village
cameroun;CM006;Nord;CM006001;Bnou;CM006001002;Bibemi;Mandjola_2;village
cameroun;CM006;Nord;CM006001;Bnou;CM006001002;Bibemi;Mayo Barka;village
cameroun;CM006;Nord;CM006001;Bnou;CM006001002;Bibemi;Ouro Yadji;village
cameroun;CM006;Nord;CM006001;Bnou;CM006001002;Bibemi;Ouro Kari;village
cameroun;CM006;Nord;CM006001;Bnou;CM006001002;Bibemi;Labare Louka;village
cameroun;CM006;Nord;CM006001;Bnou;CM006001002;Bibemi;Gueda;village
cameroun;CM006;Nord;CM006001;Bnou;CM006001002;Bibemi;Bibemi;town
cameroun;CM006;Nord;CM006001;Bnou;CM006001002;Bibemi;Mboui;village
cameroun;CM006;Nord;CM006001;Bnou;CM006001002;Bibemi;Mbella;village
cameroun;CM006;Nord;CM006001;Bnou;CM006001002;Bibemi;Doouro;village
cameroun;CM006;Nord;CM006001;Bnou;CM006001002;Bibemi;Pomla;village
cameroun;CM006;Nord;CM006001;Bnou;CM006001002;Bibemi;Bantadje;village
cameroun;CM006;Nord;CM006001;Bnou;CM006001010;Pitoa;Famou;village
cameroun;CM006;Nord;CM006001;Bnou;CM006001002;Bibemi;Tchakare;village
cameroun;CM006;Nord;CM006001;Bnou;CM006001002;Bibemi;Sebore;village
cameroun;CM006;Nord;CM006001;Bnou;CM006001002;Bibemi;Ladde Gore;village
cameroun;CM006;Nord;CM006001;Bnou;CM006001002;Bibemi;Lombo;village
cameroun;CM006;Nord;CM006001;Bnou;CM006001002;Bibemi;Bounguel;village
cameroun;CM006;Nord;CM006001;Bnou;CM006001002;Bibemi;Patadje;village
cameroun;CM006;Nord;CM006004;Mayo-Rey;CM006004002;Rey-Bouba;Neftangol;village
cameroun;CM006;Nord;CM006001;Bnou;CM006001002;Bibemi;Lawa Adi;village
cameroun;CM006;Nord;CM006001;Bnou;CM006001002;Bibemi;Adi;village
cameroun;CM006;Nord;CM006001;Bnou;CM006001002;Bibemi;Libing;village
cameroun;CM006;Nord;CM006001;Bnou;CM006001002;Bibemi;Derensing;village
cameroun;CM006;Nord;CM006001;Bnou;CM006001002;Bibemi;Yaberia_gada_mayo;village
cameroun;CM006;Nord;CM006001;Bnou;CM006001002;Bibemi;Yaberia;village
cameroun;CM006;Nord;CM006001;Bnou;CM006001002;Bibemi;Bikale_centre;village
cameroun;CM006;Nord;CM006001;Bnou;CM006001002;Bibemi;Bikale_gada_mayo;village
cameroun;CM006;Nord;CM006001;Bnou;CM006001002;Bibemi;Houla_fandou;village
cameroun;CM006;Nord;CM006001;Bnou;CM006001002;Bibemi;Tihele;village
cameroun;CM006;Nord;CM006001;Bnou;CM006001002;Bibemi;Madjolde;village
cameroun;CM006;Nord;CM006001;Bnou;CM006001002;Bibemi;Madjolde;village
cameroun;CM006;Nord;CM006001;Bnou;CM006001002;Bibemi;Labare;village
cameroun;CM006;Nord;CM006001;Bnou;CM006001002;Bibemi;Ouro_yaya;village
cameroun;CM006;Nord;CM006001;Bnou;CM006001002;Bibemi;Bide;village
cameroun;CM006;Nord;CM006001;Bnou;CM006001002;Bibemi;Bahamadicko;village
cameroun;CM006;Nord;CM006001;Bnou;CM006001002;Bibemi;Molko;village
cameroun;CM006;Nord;CM006001;Bnou;CM006001002;Bibemi;Tchakare;village
cameroun;CM006;Nord;CM006001;Bnou;CM006001002;Bibemi;Arabo_2;village
cameroun;CM006;Nord;CM006001;Bnou;CM006001002;Bibemi;Arabo 1;village
cameroun;CM006;Nord;CM006001;Bnou;CM006001002;Bibemi;Padarme_2;village
cameroun;CM006;Nord;CM006001;Bnou;CM006001002;Bibemi;Ouro_garga;village
cameroun;CM006;Nord;CM006001;Bnou;CM006001002;Bibemi;Tiguere;village
cameroun;CM006;Nord;CM006001;Bnou;CM006001002;Bibemi;Padarme_1;village
cameroun;CM006;Nord;CM006001;Bnou;CM006001002;Bibemi;Mafale;village
cameroun;CM006;Nord;CM006001;Bnou;CM006001002;Bibemi;Gali;village
cameroun;CM006;Nord;CM006001;Bnou;CM006001002;Bibemi;Matsiri;village
cameroun;CM006;Nord;CM006001;Bnou;CM006001002;Bibemi;Hamalade;village
cameroun;CM006;Nord;CM006001;Bnou;CM006001002;Bibemi;Boeli;village
cameroun;CM006;Nord;CM006004;Mayo-Rey;CM006004002;Rey-Bouba;Doukroum;village
cameroun;CM006;Nord;CM006004;Mayo-Rey;CM006004002;Rey-Bouba;Somessi;village
cameroun;CM006;Nord;CM006004;Mayo-Rey;CM006004002;Rey-Bouba;Toura Lara;village
cameroun;CM006;Nord;CM006004;Mayo-Rey;CM006004002;Rey-Bouba;Homa Tchiouto;village
cameroun;CM006;Nord;CM006004;Mayo-Rey;CM006004002;Rey-Bouba;Homa Malyaya;village
cameroun;CM006;Nord;CM006004;Mayo-Rey;CM006004002;Rey-Bouba;Bira;village
cameroun;CM006;Nord;CM006004;Mayo-Rey;CM006004002;Rey-Bouba;Balaro;village
cameroun;CM006;Nord;CM006004;Mayo-Rey;CM006004002;Rey-Bouba;Tcherfeke;village
cameroun;CM006;Nord;CM006004;Mayo-Rey;CM006004002;Rey-Bouba;Dobinga;village
cameroun;CM006;Nord;CM006004;Mayo-Rey;CM006004002;Rey-Bouba;Boderi Pitinaol;village
cameroun;CM006;Nord;CM006004;Mayo-Rey;CM006004002;Rey-Bouba;Alfa;village
cameroun;CM006;Nord;CM006004;Mayo-Rey;CM006004002;Rey-Bouba;Polmbomi Lac;village
cameroun;CM006;Nord;CM006004;Mayo-Rey;CM006004002;Rey-Bouba;Djangana;village
cameroun;CM006;Nord;CM006004;Mayo-Rey;CM006004002;Rey-Bouba;Gangouri;village
cameroun;CM006;Nord;CM006004;Mayo-Rey;CM006004002;Rey-Bouba;Batao;village
cameroun;CM006;Nord;CM006004;Mayo-Rey;CM006004002;Rey-Bouba;Baldjari;village
cameroun;CM006;Nord;CM006004;Mayo-Rey;CM006004002;Rey-Bouba;Libatmi;village
cameroun;CM006;Nord;CM006004;Mayo-Rey;CM006004002;Rey-Bouba;Lahirdohi;village
cameroun;CM006;Nord;CM006004;Mayo-Rey;CM006004002;Rey-Bouba;Hetchourou 2;village
cameroun;CM006;Nord;CM006004;Mayo-Rey;CM006004002;Rey-Bouba;Bounbou;village
cameroun;CM006;Nord;CM006004;Mayo-Rey;CM006004002;Rey-Bouba;Carrefour;village
cameroun;CM006;Nord;CM006004;Mayo-Rey;CM006004002;Rey-Bouba;Mayo Wonde;village
cameroun;CM006;Nord;CM006004;Mayo-Rey;CM006004002;Rey-Bouba;Bere;village
cameroun;CM006;Nord;CM006004;Mayo-Rey;CM006004002;Rey-Bouba;Bere 2;village
cameroun;CM006;Nord;CM006004;Mayo-Rey;CM006004002;Rey-Bouba;Djabire Mayo Bani Haman;village
cameroun;CM006;Nord;CM006004;Mayo-Rey;CM006004002;Rey-Bouba;Mayo Laye;village
cameroun;CM006;Nord;CM006004;Mayo-Rey;CM006004002;Rey-Bouba;Bamai;village
cameroun;CM006;Nord;CM006004;Mayo-Rey;CM006004002;Rey-Bouba;Ndjoundi;village
cameroun;CM006;Nord;CM006004;Mayo-Rey;CM006004002;Rey-Bouba;Djoundi;village
cameroun;CM006;Nord;CM006004;Mayo-Rey;CM006004002;Rey-Bouba;Koidjoing;village
cameroun;CM006;Nord;CM006004;Mayo-Rey;CM006004002;Rey-Bouba;Naodel;village
cameroun;CM006;Nord;CM006004;Mayo-Rey;CM006004002;Rey-Bouba;Naoudel;village
cameroun;CM006;Nord;CM006004;Mayo-Rey;CM006004002;Rey-Bouba;Ouro Moundang;village
cameroun;CM006;Nord;CM006004;Mayo-Rey;CM006004002;Rey-Bouba;Lerka;village
cameroun;CM006;Nord;CM006004;Mayo-Rey;CM006004002;Rey-Bouba;Tapare 1;village
cameroun;CM006;Nord;CM006004;Mayo-Rey;CM006004002;Rey-Bouba;Tapare 2;village
cameroun;CM006;Nord;CM006004;Mayo-Rey;CM006004002;Rey-Bouba;Abakoura;village
cameroun;CM006;Nord;CM006004;Mayo-Rey;CM006004002;Rey-Bouba;Djadjouli;village
cameroun;CM006;Nord;CM006004;Mayo-Rey;CM006004002;Rey-Bouba;Mayo Keredji;village
cameroun;CM006;Nord;CM006004;Mayo-Rey;CM006004002;Rey-Bouba;Lougga Tchabbal;village
cameroun;CM006;Nord;CM006004;Mayo-Rey;CM006004002;Rey-Bouba;Bodal;village
cameroun;CM006;Nord;CM006004;Mayo-Rey;CM006004002;Rey-Bouba;Alarba;village
cameroun;CM006;Nord;CM006004;Mayo-Rey;CM006004002;Rey-Bouba;Baikwa;village
cameroun;CM006;Nord;CM006004;Mayo-Rey;CM006004002;Rey-Bouba;Lammouguel Foulbe;village
cameroun;CM006;Nord;CM006004;Mayo-Rey;CM006004002;Rey-Bouba;Djourde;village
cameroun;CM006;Nord;CM006004;Mayo-Rey;CM006004002;Rey-Bouba;Hetchourou;village
cameroun;CM006;Nord;CM006004;Mayo-Rey;CM006004002;Rey-Bouba;Sinassi_2;village
cameroun;CM006;Nord;CM006004;Mayo-Rey;CM006004002;Rey-Bouba;Sinassi_1;village
cameroun;CM006;Nord;CM006004;Mayo-Rey;CM006004002;Rey-Bouba;Sinassi 2;village
cameroun;CM006;Nord;CM006004;Mayo-Rey;CM006004002;Rey-Bouba;Tokormaye;village
cameroun;CM006;Nord;CM006004;Mayo-Rey;CM006004002;Rey-Bouba;Lamounguel Foulbe;village
cameroun;CM006;Nord;CM006004;Mayo-Rey;CM006004002;Rey-Bouba;Koinderi_1;village
cameroun;CM006;Nord;CM006004;Mayo-Rey;CM006004002;Rey-Bouba;Koinderi 2;village
cameroun;CM006;Nord;CM006004;Mayo-Rey;CM006004002;Rey-Bouba;Lammouguel Lame;village
cameroun;CM006;Nord;CM006004;Mayo-Rey;CM006004002;Rey-Bouba;Pakware;village
cameroun;CM006;Nord;CM006004;Mayo-Rey;CM006004002;Rey-Bouba;Koinderi Mounda;village
cameroun;CM006;Nord;CM006004;Mayo-Rey;CM006004002;Rey-Bouba;Tokormaye;village
cameroun;CM006;Nord;CM006004;Mayo-Rey;CM006004002;Rey-Bouba;Babororo;village
cameroun;CM006;Nord;CM006004;Mayo-Rey;CM006004002;Rey-Bouba;Dokerol 1;village
cameroun;CM006;Nord;CM006004;Mayo-Rey;CM006004002;Rey-Bouba;Damdjel;village
cameroun;CM006;Nord;CM006004;Mayo-Rey;CM006004002;Rey-Bouba;Yadia;village
cameroun;CM006;Nord;CM006004;Mayo-Rey;CM006004002;Rey-Bouba;Mayo Djoi;village
cameroun;CM006;Nord;CM006004;Mayo-Rey;CM006004002;Rey-Bouba;Dokerol 2;village
cameroun;CM006;Nord;CM006004;Mayo-Rey;CM006004002;Rey-Bouba;Dokerol 1;village
cameroun;CM006;Nord;CM006004;Mayo-Rey;CM006004002;Rey-Bouba;Dokerol 1;village
cameroun;CM006;Nord;CM006004;Mayo-Rey;CM006004002;Rey-Bouba;Gonghimi;village
cameroun;CM006;Nord;CM006004;Mayo-Rey;CM006004002;Rey-Bouba;Salassa;village
cameroun;CM006;Nord;CM006004;Mayo-Rey;CM006004002;Rey-Bouba;Senango;village
cameroun;CM006;Nord;CM006004;Mayo-Rey;CM006004002;Rey-Bouba;Mombore;village
cameroun;CM006;Nord;CM006004;Mayo-Rey;CM006004002;Rey-Bouba;Souki;village
cameroun;CM006;Nord;CM006004;Mayo-Rey;CM006004002;Rey-Bouba;Makeure;village
cameroun;CM006;Nord;CM006004;Mayo-Rey;CM006004002;Rey-Bouba;Mayo Ketchel;village
cameroun;CM006;Nord;CM006004;Mayo-Rey;CM006004002;Rey-Bouba;Badissem;village
cameroun;CM006;Nord;CM006001;Bnou;CM006001002;Bibemi;Mayo Lope;village
cameroun;CM006;Nord;CM006004;Mayo-Rey;CM006004002;Rey-Bouba;Yola Bodewa;village
cameroun;CM006;Nord;CM006004;Mayo-Rey;CM006004002;Rey-Bouba;Djipporde;village
cameroun;CM006;Nord;CM006004;Mayo-Rey;CM006004002;Rey-Bouba;Djerwung;village
cameroun;CM006;Nord;CM006004;Mayo-Rey;CM006004002;Rey-Bouba;Mbaizassi;village
cameroun;CM006;Nord;CM006004;Mayo-Rey;CM006004002;Rey-Bouba;Djipporde 2;village
cameroun;CM006;Nord;CM006004;Mayo-Rey;CM006004002;Rey-Bouba;Lainde Djaoule;village
cameroun;CM006;Nord;CM006001;Bnou;CM006001002;Bibemi;Mandjimi;village
cameroun;CM006;Nord;CM006001;Bnou;CM006001002;Bibemi;Boeli 2;village
cameroun;CM006;Nord;CM006001;Bnou;CM006001002;Bibemi;Kapanay;village
cameroun;CM006;Nord;CM006001;Bnou;CM006001002;Bibemi;Moundangre;village
cameroun;CM006;Nord;CM006001;Bnou;CM006001002;Bibemi;Baboudji;village
cameroun;CM006;Nord;CM006001;Bnou;CM006001002;Bibemi;Zadjouli;village
cameroun;CM006;Nord;CM006001;Bnou;CM006001002;Bibemi;Gonzoune;village
cameroun;CM006;Nord;CM006003;Mayo-Louti;CM006003001;Figuil;More;village
cameroun;CM004;Extrme-Nord;CM004004;Mayo-Kani;CM004004002;Kaele;Roumde;village
cameroun;CM004;Extrme-Nord;CM004004;Mayo-Kani;CM004004002;Kaele;Kera;village
cameroun;CM004;Extrme-Nord;CM004004;Mayo-Kani;CM004004002;Kaele;Mbilsoue;village
cameroun;CM004;Extrme-Nord;CM004004;Mayo-Kani;CM004004002;Kaele;Saomaitikli;village
cameroun;CM004;Extrme-Nord;CM004004;Mayo-Kani;CM004004002;Kaele;Djidoma;village
cameroun;CM004;Extrme-Nord;CM004004;Mayo-Kani;CM004004002;Kaele;Berkede;village
cameroun;CM004;Extrme-Nord;CM004004;Mayo-Kani;CM004004002;Kaele;Tibiri;village
cameroun;CM004;Extrme-Nord;CM004004;Mayo-Kani;CM004004002;Kaele;Yolde;village
cameroun;CM004;Extrme-Nord;CM004004;Mayo-Kani;CM004004002;Kaele;Ndakla;village
cameroun;CM004;Extrme-Nord;CM004004;Mayo-Kani;CM004004002;Kaele;Doumrou;village
cameroun;CM004;Extrme-Nord;CM004004;Mayo-Kani;CM004004002;Kaele;Barlang;village
cameroun;CM004;Extrme-Nord;CM004004;Mayo-Kani;CM004004002;Kaele;Guereme;village
cameroun;CM004;Extrme-Nord;CM004004;Mayo-Kani;CM004004002;Kaele;Guetale;village
cameroun;CM004;Extrme-Nord;CM004004;Mayo-Kani;CM004004002;Kaele;Goh;village
cameroun;CM004;Extrme-Nord;CM004004;Mayo-Kani;CM004004002;Kaele;Nguiri Mayo Kadava;village
cameroun;CM004;Extrme-Nord;CM004004;Mayo-Kani;CM004004002;Kaele;Going;village
cameroun;CM004;Extrme-Nord;CM004004;Mayo-Kani;CM004004001;Guidiguis;Boukdoum;village
cameroun;CM004;Extrme-Nord;CM004004;Mayo-Kani;CM004004001;Guidiguis;Torock;village
cameroun;CM004;Extrme-Nord;CM004004;Mayo-Kani;CM004004001;Guidiguis;Saourinwa;village
cameroun;CM004;Extrme-Nord;CM004004;Mayo-Kani;CM004004001;Guidiguis;Gouare;village
cameroun;CM004;Extrme-Nord;CM004004;Mayo-Kani;CM004004001;Guidiguis;Baiga_taala;village
cameroun;CM004;Extrme-Nord;CM004004;Mayo-Kani;CM004004007;Taibong;Mbitou;village
cameroun;CM004;Extrme-Nord;CM004004;Mayo-Kani;CM004004001;Guidiguis;Mapore;village
cameroun;CM004;Extrme-Nord;CM004004;Mayo-Kani;CM004004001;Guidiguis;Feo-eba;village
cameroun;CM004;Extrme-Nord;CM004004;Mayo-Kani;CM004004002;Kaele;Ngarmasse;village
cameroun;CM004;Extrme-Nord;CM004004;Mayo-Kani;CM004004001;Guidiguis;Djaoulane;village
cameroun;CM004;Extrme-Nord;CM004004;Mayo-Kani;CM004004002;Kaele;Thiou;village
cameroun;CM004;Extrme-Nord;CM004004;Mayo-Kani;CM004004002;Kaele;Goudjoing;village
cameroun;CM004;Extrme-Nord;CM004004;Mayo-Kani;CM004004001;Guidiguis;Kourbi;village
cameroun;CM004;Extrme-Nord;CM004004;Mayo-Kani;CM004004001;Guidiguis;Pouhore;village
cameroun;CM004;Extrme-Nord;CM004004;Mayo-Kani;CM004004004;Moulvoudaye;Sirlawe;village
cameroun;CM004;Extrme-Nord;CM004004;Mayo-Kani;CM004004004;Moulvoudaye;Horlong;village
cameroun;CM004;Extrme-Nord;CM004004;Mayo-Kani;CM004004004;Moulvoudaye;Guiliri;village
cameroun;CM004;Extrme-Nord;CM004004;Mayo-Kani;CM004004004;Moulvoudaye;Kolara;village
cameroun;CM004;Extrme-Nord;CM004004;Mayo-Kani;CM004004002;Kaele;Kilguim;village
cameroun;CM004;Extrme-Nord;CM004004;Mayo-Kani;CM004004002;Kaele;Gambour;village
cameroun;CM004;Extrme-Nord;CM004004;Mayo-Kani;CM004004002;Kaele;Gaban;village
cameroun;CM004;Extrme-Nord;CM004004;Mayo-Kani;CM004004002;Kaele;Gakayel;village
cameroun;CM004;Extrme-Nord;CM004004;Mayo-Kani;CM004004002;Kaele;Gagadama;village
cameroun;CM004;Extrme-Nord;CM004004;Mayo-Kani;CM004004002;Kaele;Dada Dounde;village
cameroun;CM004;Extrme-Nord;CM004004;Mayo-Kani;CM004004002;Kaele;Bipaing;village
cameroun;CM004;Extrme-Nord;CM004004;Mayo-Kani;CM004004002;Kaele;Vadavoua;village
cameroun;CM004;Extrme-Nord;CM004004;Mayo-Kani;CM004004002;Kaele;Dreme;village
cameroun;CM004;Extrme-Nord;CM004004;Mayo-Kani;CM004004002;Kaele;Goussor;village
cameroun;CM004;Extrme-Nord;CM004004;Mayo-Kani;CM004004002;Kaele;Nguiri Mayo Kadao;village
cameroun;CM004;Extrme-Nord;CM004004;Mayo-Kani;CM004004002;Kaele;Tizijue;village
cameroun;CM004;Extrme-Nord;CM004004;Mayo-Kani;CM004004002;Kaele;Afoum;village
cameroun;CM004;Extrme-Nord;CM004004;Mayo-Kani;CM004004002;Kaele;Plata;village
cameroun;CM004;Extrme-Nord;CM004004;Mayo-Kani;CM004004002;Kaele;Gabrin;village
cameroun;CM004;Extrme-Nord;CM004004;Mayo-Kani;CM004004002;Kaele;Medjete;village
cameroun;CM004;Extrme-Nord;CM004004;Mayo-Kani;CM004004002;Kaele;Makebi;village
cameroun;CM008;Ouest;CM008008;Noun;CM008008005;Koutaba;Metakit;village
cameroun;CM008;Ouest;CM008008;Noun;CM008008005;Koutaba;Koutaba;town
cameroun;CM008;Ouest;CM008008;Noun;CM008008005;Koutaba;Nkoumelap;village
cameroun;CM008;Ouest;CM008008;Noun;CM008008005;Koutaba;Pondimoun;village
cameroun;CM008;Ouest;CM008008;Noun;CM008008005;Koutaba;Nkoupouo'loum;village
cameroun;CM008;Ouest;CM008008;Noun;CM008008002;Foumban;Nkoutaba;village
cameroun;CM008;Ouest;CM008008;Noun;CM008008005;Koutaba;Noun;village
cameroun;CM008;Ouest;CM008008;Noun;CM008008005;Koutaba;Mgbtmoufong;village
cameroun;CM008;Ouest;CM008008;Noun;CM008008005;Koutaba;Koupa Kagnam;village
cameroun;CM008;Ouest;CM008008;Noun;CM008008005;Koutaba;koupa menke;village
cameroun;CM008;Ouest;CM008008;Noun;CM008008002;Foumban;Nkoufomloum;village
cameroun;CM008;Ouest;CM008008;Noun;CM008008002;Foumban;Nkoupa Matapit;village
cameroun;CM008;Ouest;CM008008;Noun;CM008008002;Foumban;Nkoupa Nganou;village
cameroun;CM008;Ouest;CM008008;Noun;CM008008002;Foumban;Njiloum II;village
cameroun;CM008;Ouest;CM008008;Noun;CM008008005;Koutaba;Mawo;village
cameroun;CM008;Ouest;CM008008;Noun;CM008008002;Foumban;Manyitngwen;village
cameroun;CM008;Ouest;CM008008;Noun;CM008008002;Foumban;Ndinenke;village
cameroun;CM008;Ouest;CM008008;Noun;CM008008002;Foumban;Njisse II;village
cameroun;CM008;Ouest;CM008008;Noun;CM008008002;Foumban;Njisse III;village
cameroun;CM008;Ouest;CM008008;Noun;CM008008002;Foumban;Mambn;village
cameroun;CM008;Ouest;CM008008;Noun;CM008008002;Foumban;Njindar;village
cameroun;CM008;Ouest;CM008008;Noun;CM008008002;Foumban;Njinka;village
cameroun;CM008;Ouest;CM008008;Noun;CM008008002;Foumban;Njiketnki;village
cameroun;CM006;Nord;CM006004;Mayo-Rey;CM006004004;Touboro;Sorombeo_mbiltao;village
cameroun;CM006;Nord;CM006004;Mayo-Rey;CM006004004;Touboro;Baldi;village
cameroun;CM006;Nord;CM006004;Mayo-Rey;CM006004004;Touboro;Ndika;village
cameroun;CM006;Nord;CM006004;Mayo-Rey;CM006004004;Touboro;Mbikouni;village
cameroun;CM006;Nord;CM006004;Mayo-Rey;CM006004004;Touboro;Boglere;village
cameroun;CM006;Nord;CM006004;Mayo-Rey;CM006004004;Touboro;Helmbao;village
cameroun;CM006;Nord;CM006004;Mayo-Rey;CM006004004;Touboro;Kerbai;village
cameroun;CM006;Nord;CM006004;Mayo-Rey;CM006004004;Touboro;Fragon;village
cameroun;CM006;Nord;CM006004;Mayo-Rey;CM006004004;Touboro;Mbodo;village
cameroun;CM006;Nord;CM006004;Mayo-Rey;CM006004004;Touboro;Hankao;village
cameroun;CM006;Nord;CM006004;Mayo-Rey;CM006004004;Touboro;Djoro;village
cameroun;CM006;Nord;CM006004;Mayo-Rey;CM006004004;Touboro;Koudjeo;village
cameroun;CM006;Nord;CM006004;Mayo-Rey;CM006004004;Touboro;Sogbe;village
cameroun;CM006;Nord;CM006004;Mayo-Rey;CM006004004;Touboro;Mbaiboum;town
cameroun;CM006;Nord;CM006004;Mayo-Rey;CM006004004;Touboro;Laoukary;village
cameroun;CM006;Nord;CM006004;Mayo-Rey;CM006004004;Touboro;Haijam;village
cameroun;CM006;Nord;CM006004;Mayo-Rey;CM006004004;Touboro;Wourlagwe;village
cameroun;CM006;Nord;CM006004;Mayo-Rey;CM006004004;Touboro;Barkary_2;village
cameroun;CM006;Nord;CM006004;Mayo-Rey;CM006004004;Touboro;Barkary;village
cameroun;CM006;Nord;CM006004;Mayo-Rey;CM006004004;Touboro;Ouro Djodi;village
cameroun;CM006;Nord;CM006004;Mayo-Rey;CM006004004;Touboro;Mbali;village
cameroun;CM006;Nord;CM006004;Mayo-Rey;CM006004004;Touboro;Bogdoro;village
cameroun;CM006;Nord;CM006004;Mayo-Rey;CM006004004;Touboro;Mbidere;village
cameroun;CM006;Nord;CM006004;Mayo-Rey;CM006004004;Touboro;Karang Pandjama;village
cameroun;CM006;Nord;CM006004;Mayo-Rey;CM006004004;Touboro;Ndodi;village
cameroun;CM006;Nord;CM006004;Mayo-Rey;CM006004004;Touboro;Mbailara;village
cameroun;CM006;Nord;CM006004;Mayo-Rey;CM006004004;Touboro;Aviation;village
cameroun;CM006;Nord;CM006004;Mayo-Rey;CM006004004;Touboro;Touboro_3;village
cameroun;CM006;Nord;CM006004;Mayo-Rey;CM006004004;Touboro;Touboro;town
cameroun;CM006;Nord;CM006004;Mayo-Rey;CM006004004;Touboro;Mane;village
cameroun;CM006;Nord;CM006004;Mayo-Rey;CM006004004;Touboro;Voye;village
cameroun;CM006;Nord;CM006004;Mayo-Rey;CM006004004;Touboro;Ira Touboro;village
cameroun;CM006;Nord;CM006004;Mayo-Rey;CM006004004;Touboro;Bougoi;village
cameroun;CM006;Nord;CM006004;Mayo-Rey;CM006004004;Touboro;Pandjama 3;village
cameroun;CM006;Nord;CM006004;Mayo-Rey;CM006004004;Touboro;Pandjama_1;village
cameroun;CM006;Nord;CM006004;Mayo-Rey;CM006004004;Touboro;Pandjama 2;village
cameroun;CM006;Nord;CM006004;Mayo-Rey;CM006004004;Touboro;Mayo_lade_2;village
cameroun;CM006;Nord;CM006004;Mayo-Rey;CM006004004;Touboro;Mayo Ladde;village
cameroun;CM006;Nord;CM006004;Mayo-Rey;CM006004004;Touboro;Ndicki;village
cameroun;CM006;Nord;CM006004;Mayo-Rey;CM006004004;Touboro;Ndicki;village
cameroun;CM006;Nord;CM006004;Mayo-Rey;CM006004004;Touboro;Bagou;village
cameroun;CM006;Nord;CM006004;Mayo-Rey;CM006004004;Touboro;Siri;village
cameroun;CM006;Nord;CM006004;Mayo-Rey;CM006004004;Touboro;Mayo Zaria_1;village
cameroun;CM006;Nord;CM006004;Mayo-Rey;CM006004004;Touboro;Mayo_zaria_1;village
cameroun;CM006;Nord;CM006004;Mayo-Rey;CM006004004;Touboro;Mayo Zaria_2;village
cameroun;CM006;Nord;CM006004;Mayo-Rey;CM006004004;Touboro;Mayo Kolom;village
cameroun;CM006;Nord;CM006004;Mayo-Rey;CM006004004;Touboro;Habaga;village
cameroun;CM006;Nord;CM006004;Mayo-Rey;CM006004004;Touboro;Foulbi;village
cameroun;CM006;Nord;CM006004;Mayo-Rey;CM006004004;Touboro;Yanli_1;village
cameroun;CM006;Nord;CM006004;Mayo-Rey;CM006004004;Touboro;Yanli 2;village
cameroun;CM006;Nord;CM006004;Mayo-Rey;CM006004004;Touboro;Sirbia;village
cameroun;CM006;Nord;CM006004;Mayo-Rey;CM006004004;Touboro;Mata Mada;village
cameroun;CM006;Nord;CM006004;Mayo-Rey;CM006004004;Touboro;Mayo Mbi_2;village
cameroun;CM006;Nord;CM006004;Mayo-Rey;CM006004004;Touboro;Mayo Mbi_1;village
cameroun;CM006;Nord;CM006004;Mayo-Rey;CM006004004;Touboro;Kades;village
cameroun;CM006;Nord;CM006004;Mayo-Rey;CM006004004;Touboro;Ouro Kessoum_1;village
cameroun;CM006;Nord;CM006004;Mayo-Rey;CM006004004;Touboro;Ouro Kessoum_2;village
cameroun;CM006;Nord;CM006004;Mayo-Rey;CM006004004;Touboro;Laoudjouhai 1;village
cameroun;CM006;Nord;CM006004;Mayo-Rey;CM006004004;Touboro;Mbitoum_3;village
cameroun;CM006;Nord;CM006004;Mayo-Rey;CM006004004;Touboro;Laoudjouhai_1;village
cameroun;CM006;Nord;CM006004;Mayo-Rey;CM006004004;Touboro;Mbitoum 1;village
cameroun;CM006;Nord;CM006004;Mayo-Rey;CM006004004;Touboro;Mbitoum 2;village
cameroun;CM006;Nord;CM006004;Mayo-Rey;CM006004004;Touboro;Exper Sdcc_to;village
cameroun;CM006;Nord;CM006004;Mayo-Rey;CM006004004;Touboro;Touboro_1;village
cameroun;CM006;Nord;CM006004;Mayo-Rey;CM006004004;Touboro;Rongondong;village
cameroun;CM006;Nord;CM006004;Mayo-Rey;CM006004004;Touboro;Djiporde;village
cameroun;CM006;Nord;CM006004;Mayo-Rey;CM006004004;Touboro;Laggaye 1;village
cameroun;CM006;Nord;CM006004;Mayo-Rey;CM006004004;Touboro;Laggaye 2;village
cameroun;CM006;Nord;CM006004;Mayo-Rey;CM006004004;Touboro;Laoudjouhai 2;village
cameroun;CM006;Nord;CM006004;Mayo-Rey;CM006004004;Touboro;Bingo;village
cameroun;CM006;Nord;CM006004;Mayo-Rey;CM006004004;Touboro;Mbalainde;village
cameroun;CM006;Nord;CM006004;Mayo-Rey;CM006004004;Touboro;Ouro Seyo;village
cameroun;CM006;Nord;CM006004;Mayo-Rey;CM006004004;Touboro;Flaye;village
cameroun;CM006;Nord;CM006004;Mayo-Rey;CM006004004;Touboro;Godje_larakoussini;village
cameroun;CM006;Nord;CM006004;Mayo-Rey;CM006004004;Touboro;Larakoussini;village
cameroun;CM006;Nord;CM006004;Mayo-Rey;CM006004004;Touboro;Godje;village
cameroun;CM006;Nord;CM006004;Mayo-Rey;CM006004004;Touboro;Mbit;village
cameroun;CM006;Nord;CM006004;Mayo-Rey;CM006004004;Touboro;Mbiri 2;village
cameroun;CM006;Nord;CM006004;Mayo-Rey;CM006004004;Touboro;Koutr 1;village
cameroun;CM006;Nord;CM006004;Mayo-Rey;CM006004004;Touboro;Bogdibo;village
cameroun;CM003;Est;CM003003;Kadey;CM003003002;Bombe;Bombe Bakari;village
cameroun;CM003;Est;CM003003;Kadey;CM003003002;Bombe;Bombesato;village
cameroun;CM003;Est;CM003003;Kadey;CM003003001;Batouri;Ndoul;village
cameroun;CM003;Est;CM003003;Kadey;CM003003001;Batouri;Belita I;village
cameroun;CM003;Est;CM003003;Kadey;CM003003003;Kette;Gbitti;town
cameroun;CM003;Est;CM003003;Kadey;CM003003003;Kette;Banga-Boumb;village
cameroun;CM003;Est;CM003003;Kadey;CM003003003;Kette;Oundiki;village
cameroun;CM001;Adamaoua;CM001004;Mbr;CM001004003;Meiganga;Gbatoua;town
cameroun;CM001;Adamaoua;CM001004;Mbr;CM001004003;Meiganga;Douala;village
cameroun;CM001;Adamaoua;CM001004;Mbr;CM001004003;Meiganga;Meigida;village
cameroun;CM001;Adamaoua;CM001004;Mbr;CM001004003;Meiganga;Dobza;village
cameroun;CM001;Adamaoua;CM001004;Mbr;CM001004003;Meiganga;La Wan;village
cameroun;CM001;Adamaoua;CM001004;Mbr;CM001004003;Meiganga;Kombo Laka;village
cameroun;CM001;Adamaoua;CM001004;Mbr;CM001004003;Meiganga;Ngam;village
cameroun;CM001;Adamaoua;CM001004;Mbr;CM001004003;Meiganga;Banam;village
cameroun;CM006;Nord;CM006004;Mayo-Rey;CM006004004;Touboro;Wakassao;village
cameroun;CM006;Nord;CM006004;Mayo-Rey;CM006004004;Touboro;Wantounou;village
cameroun;CM006;Nord;CM006004;Mayo-Rey;CM006004004;Touboro;Dompta;town
cameroun;CM006;Nord;CM006004;Mayo-Rey;CM006004004;Touboro;Ngay;village
cameroun;CM006;Nord;CM006004;Mayo-Rey;CM006004004;Touboro;Koumane 2;village
cameroun;CM006;Nord;CM006004;Mayo-Rey;CM006004004;Touboro;Mbono;village
cameroun;CM006;Nord;CM006004;Mayo-Rey;CM006004004;Touboro;Botana;village
cameroun;CM006;Nord;CM006004;Mayo-Rey;CM006004004;Touboro;Mboko;village
cameroun;CM001;Adamaoua;CM001004;Mbr;CM001004002;Djohong;Yarbang;town
cameroun;CM001;Adamaoua;CM001004;Mbr;CM001004002;Djohong;Bita;village
cameroun;CM001;Adamaoua;CM001004;Mbr;CM001004002;Djohong;Gbabiri;village
cameroun;CM001;Adamaoua;CM001004;Mbr;CM001004002;Djohong;Yakekaina;village
cameroun;CM001;Adamaoua;CM001004;Mbr;CM001004002;Djohong;Yerombonde;village
cameroun;CM001;Adamaoua;CM001004;Mbr;CM001004002;Djohong;Doumta;village
cameroun;CM001;Adamaoua;CM001004;Mbr;CM001004002;Djohong;Yamba;town
cameroun;CM001;Adamaoua;CM001004;Mbr;CM001004002;Djohong;Ouro Adde;village
cameroun;CM001;Adamaoua;CM001004;Mbr;CM001004004;Ngaoui;Diel;village
cameroun;CM001;Adamaoua;CM001004;Mbr;CM001004002;Djohong;Dota;village
cameroun;CM001;Adamaoua;CM001004;Mbr;CM001004002;Djohong;Batoua;village
cameroun;CM001;Adamaoua;CM001004;Mbr;CM001004002;Djohong;Ngolo;village
cameroun;CM004;Extrme-Nord;CM004004;Mayo-Kani;CM004004002;Kaele;Magrongong;village
cameroun;CM004;Extrme-Nord;CM004004;Mayo-Kani;CM004004002;Kaele;Manore;village
cameroun;CM004;Extrme-Nord;CM004004;Mayo-Kani;CM004004002;Kaele;LaraLara;village
cameroun;CM004;Extrme-Nord;CM004004;Mayo-Kani;CM004004002;Kaele;Lara;village
cameroun;CM004;Extrme-Nord;CM004004;Mayo-Kani;CM004004002;Kaele;Doubbel;village
cameroun;CM004;Extrme-Nord;CM004004;Mayo-Kani;CM004004002;Kaele;Mazang;village
cameroun;CM004;Extrme-Nord;CM004004;Mayo-Kani;CM004004002;Kaele;Kani;village
cameroun;CM004;Extrme-Nord;CM004004;Mayo-Kani;CM004004002;Kaele;Gadas;village
cameroun;CM004;Extrme-Nord;CM004004;Mayo-Kani;CM004004002;Kaele;Gazarao;village
cameroun;CM004;Extrme-Nord;CM004004;Mayo-Kani;CM004004002;Kaele;Goumlaye;village
cameroun;CM004;Extrme-Nord;CM004004;Mayo-Kani;CM004004003;Mindif;Doyang;village
cameroun;CM004;Extrme-Nord;CM004004;Mayo-Kani;CM004004002;Kaele;Zakalang;village
cameroun;CM004;Extrme-Nord;CM004004;Mayo-Kani;CM004004002;Kaele;Petene;village
cameroun;CM004;Extrme-Nord;CM004004;Mayo-Kani;CM004004003;Mindif;Bobora;village
cameroun;CM004;Extrme-Nord;CM004004;Mayo-Kani;CM004004002;Kaele;Moundjoui;village
cameroun;CM004;Extrme-Nord;CM004004;Mayo-Kani;CM004004002;Kaele;Mahaye;village
cameroun;CM004;Extrme-Nord;CM004004;Mayo-Kani;CM004004002;Kaele;Djagara;village
cameroun;CM004;Extrme-Nord;CM004004;Mayo-Kani;CM004004002;Kaele;Midjivin;village
cameroun;CM004;Extrme-Nord;CM004004;Mayo-Kani;CM004004002;Kaele;Malegam;village
cameroun;CM004;Extrme-Nord;CM004004;Mayo-Kani;CM004004002;Kaele;Gaban;village
cameroun;CM004;Extrme-Nord;CM004004;Mayo-Kani;CM004004002;Kaele;Bamkedjine;village
cameroun;CM004;Extrme-Nord;CM004004;Mayo-Kani;CM004004002;Kaele;Moumour;village
cameroun;CM004;Extrme-Nord;CM004004;Mayo-Kani;CM004004002;Kaele;Poudama;village
cameroun;CM004;Extrme-Nord;CM004004;Mayo-Kani;CM004004002;Kaele;Ligazang;village
cameroun;CM004;Extrme-Nord;CM004004;Mayo-Kani;CM004004002;Kaele;Kolara;village
cameroun;CM004;Extrme-Nord;CM004004;Mayo-Kani;CM004004002;Kaele;Daram;village
cameroun;CM004;Extrme-Nord;CM004004;Mayo-Kani;CM004004002;Kaele;Kassele;village
cameroun;CM004;Extrme-Nord;CM004004;Mayo-Kani;CM004004002;Kaele;Boboyo;village
cameroun;CM004;Extrme-Nord;CM004004;Mayo-Kani;CM004004002;Kaele;Poukebi;village
cameroun;CM004;Extrme-Nord;CM004004;Mayo-Kani;CM004004002;Kaele;Poukebi;village
cameroun;CM004;Extrme-Nord;CM004004;Mayo-Kani;CM004004002;Kaele;Dardao;village
cameroun;CM004;Extrme-Nord;CM004004;Mayo-Kani;CM004004002;Kaele;Tiguera;village
cameroun;CM004;Extrme-Nord;CM004004;Mayo-Kani;CM004004002;Kaele;Piwa;village
cameroun;CM004;Extrme-Nord;CM004004;Mayo-Kani;CM004004002;Kaele;Kremdji;village
cameroun;CM004;Extrme-Nord;CM004004;Mayo-Kani;CM004004002;Kaele;Mangala;village
cameroun;CM004;Extrme-Nord;CM004004;Mayo-Kani;CM004004002;Kaele;Djaolane;village
cameroun;CM004;Extrme-Nord;CM004004;Mayo-Kani;CM004004002;Kaele;Rebede;village
cameroun;CM004;Extrme-Nord;CM004004;Mayo-Kani;CM004004002;Kaele;Gueggo;village
cameroun;CM004;Extrme-Nord;CM004004;Mayo-Kani;CM004004002;Kaele;Fuli;village
cameroun;CM004;Extrme-Nord;CM004004;Mayo-Kani;CM004004002;Kaele;Garey Kaele;village
cameroun;CM004;Extrme-Nord;CM004004;Mayo-Kani;CM004004002;Kaele;Garey_djidoma;village
cameroun;CM004;Extrme-Nord;CM004004;Mayo-Kani;CM004004002;Kaele;Tchaode;village
cameroun;CM004;Extrme-Nord;CM004004;Mayo-Kani;CM004004002;Kaele;Goubara;village
cameroun;CM006;Nord;CM006003;Mayo-Louti;CM006003001;Figuil;Kapta_mboursoulam;village
cameroun;CM006;Nord;CM006003;Mayo-Louti;CM006003001;Figuil;Moulvouda;village
cameroun;CM006;Nord;CM006003;Mayo-Louti;CM006003001;Figuil;Kongkong;village
cameroun;CM006;Nord;CM006003;Mayo-Louti;CM006003001;Figuil;Koussoum;village
cameroun;CM006;Nord;CM006003;Mayo-Louti;CM006003001;Figuil;Debelze;village
cameroun;CM006;Nord;CM006003;Mayo-Louti;CM006003001;Figuil;Balia;village
cameroun;CM006;Nord;CM006003;Mayo-Louti;CM006003001;Figuil;Morongo;village
cameroun;CM006;Nord;CM006003;Mayo-Louti;CM006003001;Figuil;Magada;village
cameroun;CM006;Nord;CM006003;Mayo-Louti;CM006003001;Figuil;Dahal;village
cameroun;CM004;Extrme-Nord;CM004004;Mayo-Kani;CM004004005;Moutourwa;Zibou;village
cameroun;CM004;Extrme-Nord;CM004004;Mayo-Kani;CM004004005;Moutourwa;Moutourwa;town
cameroun;CM004;Extrme-Nord;CM004004;Mayo-Kani;CM004004005;Moutourwa;Ganaha;village
cameroun;CM004;Extrme-Nord;CM004004;Mayo-Kani;CM004004002;Kaele;Makassa;village
cameroun;CM004;Extrme-Nord;CM004004;Mayo-Kani;CM004004002;Kaele;Zasinri;village
cameroun;CM004;Extrme-Nord;CM004004;Mayo-Kani;CM004004002;Kaele;Guilpi;village
cameroun;CM004;Extrme-Nord;CM004004;Mayo-Kani;CM004004005;Moutourwa;Laf;village
cameroun;CM004;Extrme-Nord;CM004004;Mayo-Kani;CM004004005;Moutourwa;Mayel Guinadji;village
cameroun;CM004;Extrme-Nord;CM004004;Mayo-Kani;CM004004005;Moutourwa;Badjava;village
cameroun;CM004;Extrme-Nord;CM004004;Mayo-Kani;CM004004005;Moutourwa;Laf;village
cameroun;CM004;Extrme-Nord;CM004004;Mayo-Kani;CM004004005;Moutourwa;Mougoudu;village
cameroun;CM004;Extrme-Nord;CM004004;Mayo-Kani;CM004004005;Moutourwa;Golom;village
cameroun;CM004;Extrme-Nord;CM004004;Mayo-Kani;CM004004005;Moutourwa;Ilir;village
cameroun;CM004;Extrme-Nord;CM004004;Mayo-Kani;CM004004005;Moutourwa;Barawa Chef;village
cameroun;CM004;Extrme-Nord;CM004004;Mayo-Kani;CM004004005;Moutourwa;Tchoffi;village
cameroun;CM004;Extrme-Nord;CM004004;Mayo-Kani;CM004004005;Moutourwa;Barawa-Ladd;village
cameroun;CM004;Extrme-Nord;CM004004;Mayo-Kani;CM004004005;Moutourwa;Missilia;village
cameroun;CM006;Nord;CM006003;Mayo-Louti;CM006003001;Figuil;Bongolori;village
cameroun;CM004;Extrme-Nord;CM004004;Mayo-Kani;CM004004005;Moutourwa;Kalaf;village
cameroun;CM004;Extrme-Nord;CM004004;Mayo-Kani;CM004004005;Moutourwa;Mayel_ngaima;village
cameroun;CM004;Extrme-Nord;CM004004;Mayo-Kani;CM004004005;Moutourwa;Mordok;village
cameroun;CM004;Extrme-Nord;CM004004;Mayo-Kani;CM004004005;Moutourwa;Dourloum;village
cameroun;CM004;Extrme-Nord;CM004004;Mayo-Kani;CM004004005;Moutourwa;Laland;village
cameroun;CM004;Extrme-Nord;CM004004;Mayo-Kani;CM004004005;Moutourwa;Zalavad;village
cameroun;CM004;Extrme-Nord;CM004004;Mayo-Kani;CM004004005;Moutourwa;Broui;village
cameroun;CM004;Extrme-Nord;CM004004;Mayo-Kani;CM004004005;Moutourwa;Pilim;village
cameroun;CM004;Extrme-Nord;CM004004;Mayo-Kani;CM004004005;Moutourwa;Toulvoui;village
cameroun;CM004;Extrme-Nord;CM004004;Mayo-Kani;CM004004005;Moutourwa;Golom;village
cameroun;CM004;Extrme-Nord;CM004004;Mayo-Kani;CM004004005;Moutourwa;Ouro_dama;village
cameroun;CM004;Extrme-Nord;CM004004;Mayo-Kani;CM004004005;Moutourwa;Titing;town
cameroun;CM004;Extrme-Nord;CM004001;Diamar;CM004001008;Ndoukoula;Ourofango;village
cameroun;CM004;Extrme-Nord;CM004001;Diamar;CM004001008;Ndoukoula;Foutout;village
cameroun;CM004;Extrme-Nord;CM004004;Mayo-Kani;CM004004005;Moutourwa;Zetingring;village
cameroun;CM004;Extrme-Nord;CM004004;Mayo-Kani;CM004004005;Moutourwa;Ouro Dada;village
cameroun;CM004;Extrme-Nord;CM004001;Diamar;CM004001008;Ndoukoula;Ndoukoula;town
cameroun;CM004;Extrme-Nord;CM004001;Diamar;CM004001008;Ndoukoula;Dalewawo;village
cameroun;CM004;Extrme-Nord;CM004001;Diamar;CM004001008;Ndoukoula;Dagai Foulbe;village
cameroun;CM004;Extrme-Nord;CM004001;Diamar;CM004001008;Ndoukoula;Louggere;village
cameroun;CM004;Extrme-Nord;CM004001;Diamar;CM004001008;Ndoukoula;Velvel;village
cameroun;CM004;Extrme-Nord;CM004001;Diamar;CM004001008;Ndoukoula;Ouro Djabbi;village
cameroun;CM004;Extrme-Nord;CM004001;Diamar;CM004001008;Ndoukoula;Moulandi;village
cameroun;CM004;Extrme-Nord;CM004001;Diamar;CM004001008;Ndoukoula;Ouro Gotel;village
cameroun;CM004;Extrme-Nord;CM004001;Diamar;CM004001008;Ndoukoula;Fiaki;village
cameroun;CM004;Extrme-Nord;CM004001;Diamar;CM004001008;Ndoukoula;Dagai;village
cameroun;CM004;Extrme-Nord;CM004001;Diamar;CM004001008;Ndoukoula;Djerving;village
cameroun;CM004;Extrme-Nord;CM004001;Diamar;CM004001008;Ndoukoula;Touloum;village
cameroun;CM004;Extrme-Nord;CM004001;Diamar;CM004001008;Ndoukoula;Zama;village
cameroun;CM004;Extrme-Nord;CM004001;Diamar;CM004001008;Ndoukoula;Talandi;village
cameroun;CM004;Extrme-Nord;CM004006;Mayo-Tsanaga;CM004006002;Hina;Gonozo;village
cameroun;CM004;Extrme-Nord;CM004006;Mayo-Tsanaga;CM004006002;Hina;Gara;town
cameroun;CM004;Extrme-Nord;CM004006;Mayo-Tsanaga;CM004006002;Hina;Taldam;village
cameroun;CM006;Nord;CM006003;Mayo-Louti;CM006003002;Guider;Mayo Kew;village
cameroun;CM004;Extrme-Nord;CM004006;Mayo-Tsanaga;CM004006002;Hina;Ouro_bocki;village
cameroun;CM004;Extrme-Nord;CM004001;Diamar;CM004001008;Ndoukoula;Ouro Karamba;village
cameroun;CM006;Nord;CM006003;Mayo-Louti;CM006003002;Guider;Talazoai;village
cameroun;CM006;Nord;CM006003;Mayo-Louti;CM006003002;Guider;Tilbit;village
cameroun;CM006;Nord;CM006003;Mayo-Louti;CM006003002;Guider;Baldai;village
cameroun;CM006;Nord;CM006003;Mayo-Louti;CM006003002;Guider;Mokoi;village
cameroun;CM006;Nord;CM006003;Mayo-Louti;CM006003002;Guider;Korayel;village
cameroun;CM006;Nord;CM006003;Mayo-Louti;CM006003002;Guider;Roumde;village
cameroun;CM006;Nord;CM006003;Mayo-Louti;CM006003002;Guider;Marma;village
cameroun;CM006;Nord;CM006003;Mayo-Louti;CM006003002;Guider;Mokorvong;village
cameroun;CM006;Nord;CM006003;Mayo-Louti;CM006003002;Guider;Ideal;village
cameroun;CM006;Nord;CM006003;Mayo-Louti;CM006003002;Guider;Melemlem;village
cameroun;CM006;Nord;CM006003;Mayo-Louti;CM006003002;Guider;Beli;village
cameroun;CM006;Nord;CM006003;Mayo-Louti;CM006003002;Guider;Badey;village
cameroun;CM006;Nord;CM006003;Mayo-Louti;CM006003002;Guider;Mandjourouf;village
cameroun;CM004;Extrme-Nord;CM004001;Diamar;CM004001008;Ndoukoula;Gonozo;village
cameroun;CM004;Extrme-Nord;CM004001;Diamar;CM004001008;Ndoukoula;Moulandji;village
cameroun;CM006;Nord;CM006003;Mayo-Louti;CM006003001;Figuil;Gang Gang;village
cameroun;CM006;Nord;CM006003;Mayo-Louti;CM006003002;Guider;Babarkine;village
cameroun;CM006;Nord;CM006003;Mayo-Louti;CM006003002;Guider;Matafal;village
cameroun;CM006;Nord;CM006003;Mayo-Louti;CM006003002;Guider;Titing;village
cameroun;CM006;Nord;CM006003;Mayo-Louti;CM006003001;Figuil;Ouro Gabal;village
cameroun;CM006;Nord;CM006003;Mayo-Louti;CM006003002;Guider;Malmas;village
cameroun;CM006;Nord;CM006003;Mayo-Louti;CM006003002;Guider;Winde Loue;village
cameroun;CM006;Nord;CM006003;Mayo-Louti;CM006003001;Figuil;Ouro Dama;village
cameroun;CM006;Nord;CM006003;Mayo-Louti;CM006003002;Guider;Malouwey;village
cameroun;CM006;Nord;CM006003;Mayo-Louti;CM006003002;Guider;Kapta;village
cameroun;CM006;Nord;CM006003;Mayo-Louti;CM006003002;Guider;Oure Toue;village
cameroun;CM006;Nord;CM006003;Mayo-Louti;CM006003002;Guider;Tawane;village
cameroun;CM006;Nord;CM006003;Mayo-Louti;CM006003002;Guider;Larback;village
cameroun;CM006;Nord;CM006003;Mayo-Louti;CM006003002;Guider;Sarwa;village
cameroun;CM006;Nord;CM006003;Mayo-Louti;CM006003002;Guider;Tchikaf Centre;village
cameroun;CM006;Nord;CM006003;Mayo-Louti;CM006003002;Guider;Tchikaf Matafarre;village
cameroun;CM006;Nord;CM006003;Mayo-Louti;CM006003002;Guider;Singaidi;village
cameroun;CM006;Nord;CM006003;Mayo-Louti;CM006003002;Guider;Parkine;village
cameroun;CM006;Nord;CM006003;Mayo-Louti;CM006003002;Guider;Ouro Bocki;village
cameroun;CM006;Nord;CM006003;Mayo-Louti;CM006003002;Guider;Kergueng;village
cameroun;CM008;Ouest;CM008001;Bamboutos;CM008001004;Mbouda;Panteng;village
cameroun;CM008;Ouest;CM008001;Bamboutos;CM008001001;Babadjou;Bamendou;village
cameroun;CM008;Ouest;CM008001;Bamboutos;CM008001004;Mbouda;Bafomgha;village
cameroun;CM007;Nord-Ouest;CM007005;Mezam;CM007005006;Santa;Bali Gha;village
cameroun;CM008;Ouest;CM008001;Bamboutos;CM008001003;Galim;Bagam;village
cameroun;CM008;Ouest;CM008001;Bamboutos;CM008001003;Galim;Mbessa;village
cameroun;CM008;Ouest;CM008001;Bamboutos;CM008001003;Galim;Mifi;village
cameroun;CM008;Ouest;CM008001;Bamboutos;CM008001003;Galim;Mevobo;village
cameroun;CM008;Ouest;CM008001;Bamboutos;CM008001003;Galim;Bamenyan;village
cameroun;CM008;Ouest;CM008001;Bamboutos;CM008001003;Galim;Tiogou;village
cameroun;CM007;Nord-Ouest;CM007007;Ngo-Ketunjia;CM007007002;Balikumbat;Bamukumbit;village
cameroun;CM007;Nord-Ouest;CM007005;Mezam;CM007005006;Santa;Awing;town
cameroun;CM007;Nord-Ouest;CM007005;Mezam;CM007005006;Santa;Santa;town
cameroun;CM008;Ouest;CM008001;Bamboutos;CM008001001;Babadjou;Bametea;village
cameroun;CM008;Ouest;CM008001;Bamboutos;CM008001001;Babadjou;Babadjou;town
cameroun;CM008;Ouest;CM008001;Bamboutos;CM008001001;Babadjou;Balpo;village
cameroun;CM008;Ouest;CM008001;Bamboutos;CM008001001;Babadjou;Bamlo;village
cameroun;CM007;Nord-Ouest;CM007005;Mezam;CM007005006;Santa;Matazem;village
cameroun;CM007;Nord-Ouest;CM007005;Mezam;CM007005006;Santa;Mbu;village
cameroun;CM007;Nord-Ouest;CM007005;Mezam;CM007005006;Santa;Mbu;village
cameroun;CM007;Nord-Ouest;CM007005;Mezam;CM007005006;Santa;Pinyin;village
cameroun;CM007;Nord-Ouest;CM007005;Mezam;CM007005006;Santa;Kwang;village
cameroun;CM001;Adamaoua;CM001004;Mbr;CM001004004;Ngaoui;Ardo Kodri;village
cameroun;CM001;Adamaoua;CM001004;Mbr;CM001004004;Ngaoui;Ngaoui;town
cameroun;CM001;Adamaoua;CM001004;Mbr;CM001004004;Ngaoui;Ouda;village
cameroun;CM001;Adamaoua;CM001004;Mbr;CM001004003;Meiganga;Bafouk;village
cameroun;CM001;Adamaoua;CM001004;Mbr;CM001004002;Djohong;Batoua;village
cameroun;CM001;Adamaoua;CM001004;Mbr;CM001004002;Djohong;Nabemopetel;village
cameroun;CM001;Adamaoua;CM001004;Mbr;CM001004002;Djohong;Nana;village
cameroun;CM001;Adamaoua;CM001004;Mbr;CM001004002;Djohong;Mbouldi;village
cameroun;CM001;Adamaoua;CM001004;Mbr;CM001004002;Djohong;Nabemo;village
cameroun;CM001;Adamaoua;CM001004;Mbr;CM001004002;Djohong;Laka Ptel;village
cameroun;CM001;Adamaoua;CM001004;Mbr;CM001004002;Djohong;Batouri-Nazareth;village
cameroun;CM001;Adamaoua;CM001004;Mbr;CM001004002;Djohong;Batouri;village
cameroun;CM001;Adamaoua;CM001004;Mbr;CM001004002;Djohong;Borgou;village
cameroun;CM001;Adamaoua;CM001004;Mbr;CM001004002;Djohong;Batouri;village
cameroun;CM001;Adamaoua;CM001004;Mbr;CM001004002;Djohong;Borgop;town
cameroun;CM001;Adamaoua;CM001004;Mbr;CM001004002;Djohong;Ardo Ardou Etiel;village
cameroun;CM001;Adamaoua;CM001004;Mbr;CM001004002;Djohong;Bagma;village
cameroun;CM006;Nord;CM006004;Mayo-Rey;CM006004004;Touboro;Sokorta Petel;village
cameroun;CM006;Nord;CM006004;Mayo-Rey;CM006004004;Touboro;Djaboul;village
cameroun;CM006;Nord;CM006004;Mayo-Rey;CM006004004;Touboro;Djaoro Deou;village
cameroun;CM001;Adamaoua;CM001005;Vina;CM001005001;Belel;Gasol;village
cameroun;CM001;Adamaoua;CM001005;Vina;CM001005001;Belel;Blel;town
cameroun;CM006;Nord;CM006004;Mayo-Rey;CM006004003;Tchollire;Mbang;town
cameroun;CM001;Adamaoua;CM001005;Vina;CM001005001;Belel;Goundjel;village
cameroun;CM001;Adamaoua;CM001005;Vina;CM001005001;Belel;Tello;village
cameroun;CM001;Adamaoua;CM001005;Vina;CM001005001;Belel;Goumra;village
cameroun;CM001;Adamaoua;CM001005;Vina;CM001005001;Belel;Dibi Manbr;village
cameroun;CM001;Adamaoua;CM001005;Vina;CM001005001;Belel;Pandjara;village
cameroun;CM001;Adamaoua;CM001005;Vina;CM001005001;Belel;Mayo Badji;village
cameroun;CM007;Nord-Ouest;CM007005;Mezam;CM007005002;Bali;Mbufong;village
cameroun;CM007;Nord-Ouest;CM007006;Momo;CM007006001;Batibo;Ashong;village
cameroun;CM007;Nord-Ouest;CM007005;Mezam;CM007005006;Santa;Wontoko;village
cameroun;CM010;Sud-Ouest;CM010003;Lebialem;CM010003003;Wabane;Banteng;village
cameroun;CM010;Sud-Ouest;CM010003;Lebialem;CM010003003;Wabane;Igumba;village
cameroun;CM010;Sud-Ouest;CM010003;Lebialem;CM010003003;Wabane;Old Bechati;village
cameroun;CM010;Sud-Ouest;CM010003;Lebialem;CM010003003;Wabane;Wabane;village
cameroun;CM010;Sud-Ouest;CM010003;Lebialem;CM010003003;Wabane;Fomenji;village
cameroun;CM010;Sud-Ouest;CM010003;Lebialem;CM010003003;Wabane;Fotang;village
cameroun;CM007;Nord-Ouest;CM007005;Mezam;CM007005006;Santa;Menka;village
cameroun;CM010;Sud-Ouest;CM010003;Lebialem;CM010003003;Wabane;Baranka;village
cameroun;CM010;Sud-Ouest;CM010003;Lebialem;CM010003003;Wabane;Fossimondi;village
cameroun;CM010;Sud-Ouest;CM010003;Lebialem;CM010003001;Alou;Fosimombin;village
cameroun;CM010;Sud-Ouest;CM010003;Lebialem;CM010003001;Alou;Fosungu Wango;village
cameroun;CM008;Ouest;CM008005;Menoua;CM008005003;Fongo-Tongo;Tsenkeng;village
cameroun;CM008;Ouest;CM008005;Menoua;CM008005003;Fongo-Tongo;Djeu;village
cameroun;CM010;Sud-Ouest;CM010003;Lebialem;CM010003001;Alou;Fossong;village
cameroun;CM008;Ouest;CM008005;Menoua;CM008005003;Fongo-Tongo;Fongo-Tongo;town
cameroun;CM008;Ouest;CM008005;Menoua;CM008005003;Fongo-Tongo;Zemda;village
cameroun;CM008;Ouest;CM008005;Menoua;CM008005003;Fongo-Tongo;Levonl;village
cameroun;CM008;Ouest;CM008005;Menoua;CM008005004;Nkong-Ni;Ndoh;village
cameroun;CM008;Ouest;CM008005;Menoua;CM008005004;Nkong-Ni;Loung;village
cameroun;CM008;Ouest;CM008005;Menoua;CM008005004;Nkong-Ni;Lepoh;village
cameroun;CM008;Ouest;CM008005;Menoua;CM008005004;Nkong-Ni;Saamaya;village
cameroun;CM008;Ouest;CM008005;Menoua;CM008005004;Nkong-Ni;Bafou Centre;village
cameroun;CM008;Ouest;CM008005;Menoua;CM008005004;Nkong-Ni;Nkong-Zem;town
cameroun;CM008;Ouest;CM008005;Menoua;CM008005004;Nkong-Ni;Baleveng;village
cameroun;CM008;Ouest;CM008005;Menoua;CM008005004;Nkong-Ni;Djuttitsa;village
cameroun;CM001;Adamaoua;CM001005;Vina;CM001005001;Belel;Mbangbr;village
cameroun;CM001;Adamaoua;CM001005;Vina;CM001005008;Nyambaka;Lougadoube;village
cameroun;CM001;Adamaoua;CM001004;Mbr;CM001004003;Meiganga;Dakkere;village
cameroun;CM001;Adamaoua;CM001004;Mbr;CM001004003;Meiganga;Mormon Bakaya;village
cameroun;CM001;Adamaoua;CM001004;Mbr;CM001004003;Meiganga;Babongo;village
cameroun;CM001;Adamaoua;CM001004;Mbr;CM001004003;Meiganga;Ardo Gado;village
cameroun;CM001;Adamaoua;CM001005;Vina;CM001005001;Belel;Laindekan;village
cameroun;CM001;Adamaoua;CM001005;Vina;CM001005001;Belel;Ndigou;village
cameroun;CM001;Adamaoua;CM001004;Mbr;CM001004003;Meiganga;Boutou;village
cameroun;CM001;Adamaoua;CM001004;Mbr;CM001004003;Meiganga;Djakaba;village
cameroun;CM001;Adamaoua;CM001004;Mbr;CM001004003;Meiganga;Doua Yel;village
cameroun;CM001;Adamaoua;CM001004;Mbr;CM001004003;Meiganga;Garga Limbona;village
cameroun;CM001;Adamaoua;CM001004;Mbr;CM001004003;Meiganga;Garga;village
cameroun;CM001;Adamaoua;CM001004;Mbr;CM001004003;Meiganga;Goumbela;village
cameroun;CM001;Adamaoua;CM001004;Mbr;CM001004003;Meiganga;Barde;village
cameroun;CM001;Adamaoua;CM001004;Mbr;CM001004003;Meiganga;Danboura;village
cameroun;CM001;Adamaoua;CM001004;Mbr;CM001004003;Meiganga;Ba;village
cameroun;CM001;Adamaoua;CM001004;Mbr;CM001004003;Meiganga;Ardo Kaldi;village
cameroun;CM001;Adamaoua;CM001004;Mbr;CM001004003;Meiganga;Mbarangpetel;village
cameroun;CM001;Adamaoua;CM001004;Mbr;CM001004003;Meiganga;Amadzili;village
cameroun;CM001;Adamaoua;CM001004;Mbr;CM001004003;Meiganga;Mbarang;village
cameroun;CM001;Adamaoua;CM001004;Mbr;CM001004003;Meiganga;Nandk Barki;village
cameroun;CM001;Adamaoua;CM001004;Mbr;CM001004003;Meiganga;Gbata;village
cameroun;CM001;Adamaoua;CM001004;Mbr;CM001004003;Meiganga;Mandim I;village
cameroun;CM001;Adamaoua;CM001004;Mbr;CM001004003;Meiganga;Laminga;village
cameroun;CM001;Adamaoua;CM001004;Mbr;CM001004003;Meiganga;Gouhigon;village
cameroun;CM001;Adamaoua;CM001004;Mbr;CM001004002;Djohong;Madibo Marou;village
cameroun;CM001;Adamaoua;CM001004;Mbr;CM001004002;Djohong;Congo;village
cameroun;CM001;Adamaoua;CM001004;Mbr;CM001004002;Djohong;Laende Mami;village
cameroun;CM001;Adamaoua;CM001004;Mbr;CM001004002;Djohong;Ardo Amadou;village
cameroun;CM001;Adamaoua;CM001004;Mbr;CM001004002;Djohong;Doua;village
cameroun;CM001;Adamaoua;CM001004;Mbr;CM001004003;Meiganga;Gouhigon;village
cameroun;CM001;Adamaoua;CM001004;Mbr;CM001004002;Djohong;M. Lebou;village
cameroun;CM001;Adamaoua;CM001004;Mbr;CM001004003;Meiganga;Bekaptel;village
cameroun;CM001;Adamaoua;CM001004;Mbr;CM001004002;Djohong;Ngoura;village
cameroun;CM001;Adamaoua;CM001004;Mbr;CM001004003;Meiganga;Dozi;village
cameroun;CM001;Adamaoua;CM001004;Mbr;CM001004003;Meiganga;Ardo Balel;village
cameroun;CM001;Adamaoua;CM001004;Mbr;CM001004003;Meiganga;Mikila;village
cameroun;CM001;Adamaoua;CM001004;Mbr;CM001004003;Meiganga;Gandinan;village
cameroun;CM001;Adamaoua;CM001004;Mbr;CM001004003;Meiganga;Mandib I;village
cameroun;CM001;Adamaoua;CM001004;Mbr;CM001004003;Meiganga;Labaye;village
cameroun;CM001;Adamaoua;CM001005;Vina;CM001005001;Belel;Bka Modibo;village
cameroun;CM001;Adamaoua;CM001005;Vina;CM001005001;Belel;Hor Ngoura;village
cameroun;CM001;Adamaoua;CM001005;Vina;CM001005001;Belel;Bayara;village
cameroun;CM001;Adamaoua;CM001005;Vina;CM001005001;Belel;Hosr Lesdi;village
cameroun;CM001;Adamaoua;CM001005;Vina;CM001005001;Belel;Nias Soukol;village
cameroun;CM001;Adamaoua;CM001005;Vina;CM001005001;Belel;Koriong;village
cameroun;CM001;Adamaoua;CM001005;Vina;CM001005001;Belel;Mayo Dabi;village
cameroun;CM001;Adamaoua;CM001005;Vina;CM001005001;Belel;Bakari Bata;village
cameroun;CM001;Adamaoua;CM001004;Mbr;CM001004002;Djohong;Djohong;town
cameroun;CM001;Adamaoua;CM001004;Mbr;CM001004002;Djohong;Djohong 2;village
cameroun;CM001;Adamaoua;CM001004;Mbr;CM001004002;Djohong;Mbondo;village
cameroun;CM001;Adamaoua;CM001004;Mbr;CM001004002;Djohong;Mbondo;village
cameroun;CM001;Adamaoua;CM001004;Mbr;CM001004002;Djohong;Mandib;village
cameroun;CM001;Adamaoua;CM001004;Mbr;CM001004002;Djohong;Gombaro;village
cameroun;CM001;Adamaoua;CM001004;Mbr;CM001004002;Djohong;Yafounou;village
cameroun;CM001;Adamaoua;CM001004;Mbr;CM001004002;Djohong;Bondo;village
cameroun;CM001;Adamaoua;CM001004;Mbr;CM001004002;Djohong;Fata;village
cameroun;CM001;Adamaoua;CM001004;Mbr;CM001004002;Djohong;Ngonbe;village
cameroun;CM001;Adamaoua;CM001004;Mbr;CM001004002;Djohong;Mipoo;village
cameroun;CM001;Adamaoua;CM001004;Mbr;CM001004002;Djohong;Galanga;village
cameroun;CM001;Adamaoua;CM001004;Mbr;CM001004002;Djohong;Madigou Adigou;village
cameroun;CM001;Adamaoua;CM001004;Mbr;CM001004003;Meiganga;Bafouk;village
cameroun;CM001;Adamaoua;CM001004;Mbr;CM001004002;Djohong;Dol;village
cameroun;CM001;Adamaoua;CM001004;Mbr;CM001004002;Djohong;Goubla;village
cameroun;CM001;Adamaoua;CM001004;Mbr;CM001004002;Djohong;Ngougla;village
cameroun;CM001;Adamaoua;CM001004;Mbr;CM001004003;Meiganga;Ndounge;village
cameroun;CM001;Adamaoua;CM001004;Mbr;CM001004003;Meiganga;Fell;village
cameroun;CM001;Adamaoua;CM001004;Mbr;CM001004003;Meiganga;Ngazi;village
cameroun;CM001;Adamaoua;CM001004;Mbr;CM001004003;Meiganga;Wankoro;village
cameroun;CM001;Adamaoua;CM001004;Mbr;CM001004003;Meiganga;Dokodombe;village
cameroun;CM008;Ouest;CM008001;Bamboutos;CM008001001;Babadjou;Tounga;village
cameroun;CM008;Ouest;CM008001;Bamboutos;CM008001001;Babadjou;Balatchi;village
cameroun;CM008;Ouest;CM008001;Bamboutos;CM008001004;Mbouda;Bamessingue;village
cameroun;CM008;Ouest;CM008001;Bamboutos;CM008001002;Batcham;Batcham;town
cameroun;CM008;Ouest;CM008001;Bamboutos;CM008001002;Batcham;Bamougong;village
cameroun;CM008;Ouest;CM008001;Bamboutos;CM008001002;Batcham;Mougong;village
cameroun;CM008;Ouest;CM008001;Bamboutos;CM008001002;Batcham;Bapepa;village
cameroun;CM007;Nord-Ouest;CM007003;Donga-Mantung;CM007003001;Ako;Abonshie;village
cameroun;CM007;Nord-Ouest;CM007003;Donga-Mantung;CM007003001;Ako;Audu;village
cameroun;CM007;Nord-Ouest;CM007003;Donga-Mantung;CM007003001;Ako;Gidan Boro;village
cameroun;CM007;Nord-Ouest;CM007003;Donga-Mantung;CM007003001;Ako;G. Boro;village
cameroun;CM007;Nord-Ouest;CM007003;Donga-Mantung;CM007003001;Ako;Gajeri-Bagu;village
cameroun;CM007;Nord-Ouest;CM007003;Donga-Mantung;CM007003001;Ako;Jato;village
cameroun;CM007;Nord-Ouest;CM007003;Donga-Mantung;CM007003002;Misaje;Dabene;village
cameroun;CM007;Nord-Ouest;CM007004;Menchum;CM007004002;Furu-Awa;Babungo;village
cameroun;CM007;Nord-Ouest;CM007001;Boyo;CM007001002;Bum;Bum;village
cameroun;CM007;Nord-Ouest;CM007001;Boyo;CM007001002;Bum;Kimbi;village
cameroun;CM007;Nord-Ouest;CM007004;Menchum;CM007004002;Furu-Awa;Nkannye;village
cameroun;CM007;Nord-Ouest;CM007004;Menchum;CM007004002;Furu-Awa;Nkang;village
cameroun;CM007;Nord-Ouest;CM007004;Menchum;CM007004002;Furu-Awa;Banja;village
cameroun;CM007;Nord-Ouest;CM007004;Menchum;CM007004001;Fungom;Mundabli;village
cameroun;CM007;Nord-Ouest;CM007004;Menchum;CM007004001;Fungom;Mashi;village
cameroun;CM007;Nord-Ouest;CM007004;Menchum;CM007004001;Fungom;Mufu;village
cameroun;CM007;Nord-Ouest;CM007004;Menchum;CM007004001;Fungom;Missong;village
cameroun;CM007;Nord-Ouest;CM007004;Menchum;CM007004002;Furu-Awa;Kwana;village
cameroun;CM007;Nord-Ouest;CM007004;Menchum;CM007004002;Furu-Awa;Furu Awa;town
cameroun;CM007;Nord-Ouest;CM007004;Menchum;CM007004002;Furu-Awa;Baji;village
cameroun;CM007;Nord-Ouest;CM007004;Menchum;CM007004001;Fungom;Veneveme;village
cameroun;CM007;Nord-Ouest;CM007004;Menchum;CM007004001;Fungom;Kunyang;village
cameroun;CM007;Nord-Ouest;CM007004;Menchum;CM007004001;Fungom;Munkep;village
cameroun;CM007;Nord-Ouest;CM007004;Menchum;CM007004002;Furu-Awa;Supong;village
cameroun;CM007;Nord-Ouest;CM007004;Menchum;CM007004002;Furu-Awa;Biendo;village
cameroun;CM007;Nord-Ouest;CM007004;Menchum;CM007004002;Furu-Awa;Furubana;village
cameroun;CM007;Nord-Ouest;CM007004;Menchum;CM007004002;Furu-Awa;Furuwa;village
cameroun;CM007;Nord-Ouest;CM007004;Menchum;CM007004002;Furu-Awa;Nangwa;village
cameroun;CM007;Nord-Ouest;CM007004;Menchum;CM007004001;Fungom;Mgbe;village
cameroun;CM007;Nord-Ouest;CM007004;Menchum;CM007004001;Fungom;Metagong;village
cameroun;CM007;Nord-Ouest;CM007004;Menchum;CM007004003;Menchum-Valley;Benade;village
cameroun;CM007;Nord-Ouest;CM007004;Menchum;CM007004003;Menchum-Valley;Benakuma;town
cameroun;CM010;Sud-Ouest;CM010004;Manyu;CM010004001;Akwaya;Ossatu;village
cameroun;CM010;Sud-Ouest;CM010004;Manyu;CM010004001;Akwaya;Assaka;village
cameroun;CM007;Nord-Ouest;CM007004;Menchum;CM007004003;Menchum-Valley;Makumo;village
cameroun;CM010;Sud-Ouest;CM010004;Manyu;CM010004001;Akwaya;Ngale;village
cameroun;CM010;Sud-Ouest;CM010004;Manyu;CM010004001;Akwaya;Yeye;village
cameroun;CM010;Sud-Ouest;CM010004;Manyu;CM010004001;Akwaya;Akwaya;town
cameroun;CM001;Adamaoua;CM001004;Mbr;CM001004003;Meiganga;Wakaso;village
cameroun;CM001;Adamaoua;CM001004;Mbr;CM001004003;Meiganga;Bekao;village
cameroun;CM001;Adamaoua;CM001004;Mbr;CM001004003;Meiganga;Konoo;village
cameroun;CM001;Adamaoua;CM001004;Mbr;CM001004003;Meiganga;Wasande Mama;village
cameroun;CM001;Adamaoua;CM001004;Mbr;CM001004003;Meiganga;Kendao;village
cameroun;CM001;Adamaoua;CM001004;Mbr;CM001004003;Meiganga;Mama II;village
cameroun;CM001;Adamaoua;CM001004;Mbr;CM001004003;Meiganga;Bola Gale;village
cameroun;CM003;Est;CM003004;Lom-et-Djrem;CM003004006;Garoua-Boulai;Garoua-Boula;town
cameroun;CM003;Est;CM003004;Lom-et-Djrem;CM003004006;Garoua-Boulai;Nagounda;village
cameroun;CM003;Est;CM003004;Lom-et-Djrem;CM003004006;Garoua-Boulai;Gandong;village
cameroun;CM003;Est;CM003004;Lom-et-Djrem;CM003004006;Garoua-Boulai;Ila;village
cameroun;CM003;Est;CM003004;Lom-et-Djrem;CM003004006;Garoua-Boulai;Dabouli;village
cameroun;CM003;Est;CM003004;Lom-et-Djrem;CM003004006;Garoua-Boulai;Bouga;village
cameroun;CM001;Adamaoua;CM001004;Mbr;CM001004003;Meiganga;Mbale;village
cameroun;CM001;Adamaoua;CM001004;Mbr;CM001004003;Meiganga;Tigoum;village
cameroun;CM001;Adamaoua;CM001004;Mbr;CM001004003;Meiganga;Diarofio;village
cameroun;CM001;Adamaoua;CM001004;Mbr;CM001004003;Meiganga;Djouzami;village
cameroun;CM003;Est;CM003004;Lom-et-Djrem;CM003004006;Garoua-Boulai;Beka;village
cameroun;CM003;Est;CM003004;Lom-et-Djrem;CM003004006;Garoua-Boulai;Mboussa;village
cameroun;CM001;Adamaoua;CM001004;Mbr;CM001004003;Meiganga;Mabal;village
cameroun;CM003;Est;CM003004;Lom-et-Djrem;CM003004006;Garoua-Boulai;Tapare;village
cameroun;CM001;Adamaoua;CM001004;Mbr;CM001004003;Meiganga;Bindiba;village
cameroun;CM003;Est;CM003004;Lom-et-Djrem;CM003004006;Garoua-Boulai;Django;village
cameroun;CM003;Est;CM003004;Lom-et-Djrem;CM003004006;Garoua-Boulai;Wendoka;village
cameroun;CM001;Adamaoua;CM001004;Mbr;CM001004003;Meiganga;Sibongo;village
cameroun;CM001;Adamaoua;CM001004;Mbr;CM001004003;Meiganga;Somapan;village
cameroun;CM001;Adamaoua;CM001004;Mbr;CM001004003;Meiganga;Song Pova;village
cameroun;CM001;Adamaoua;CM001004;Mbr;CM001004003;Meiganga;Nsonga;village
cameroun;CM001;Adamaoua;CM001004;Mbr;CM001004003;Meiganga;Nguibassal;village
cameroun;CM001;Adamaoua;CM001004;Mbr;CM001004003;Meiganga;Doko Alim;village
cameroun;CM001;Adamaoua;CM001004;Mbr;CM001004003;Meiganga;Dankali;village
cameroun;CM001;Adamaoua;CM001004;Mbr;CM001004003;Meiganga;Baina;village
cameroun;CM001;Adamaoua;CM001004;Mbr;CM001004003;Meiganga;Goro;village
cameroun;CM010;Sud-Ouest;CM010004;Manyu;CM010004001;Akwaya;Okagle;village
cameroun;CM010;Sud-Ouest;CM010004;Manyu;CM010004001;Akwaya;Manko;village
cameroun;CM010;Sud-Ouest;CM010004;Manyu;CM010004003;Mamfe;Amebisu;village
cameroun;CM010;Sud-Ouest;CM010004;Manyu;CM010004003;Mamfe;Ayukaba;village
cameroun;CM010;Sud-Ouest;CM010004;Manyu;CM010004003;Mamfe;Ombe;village
cameroun;CM010;Sud-Ouest;CM010004;Manyu;CM010004003;Mamfe;Besubia;village
cameroun;CM007;Nord-Ouest;CM007006;Momo;CM007006005;Widikum;Mantoh;village
cameroun;CM007;Nord-Ouest;CM007006;Momo;CM007006005;Widikum;Mantoh;village
cameroun;CM007;Nord-Ouest;CM007006;Momo;CM007006005;Widikum;Anjake;village
cameroun;CM007;Nord-Ouest;CM007006;Momo;CM007006005;Widikum;Anjake;village
cameroun;CM007;Nord-Ouest;CM007006;Momo;CM007006005;Widikum;Menda;village
cameroun;CM007;Nord-Ouest;CM007006;Momo;CM007006005;Widikum;Menda;village
cameroun;CM010;Sud-Ouest;CM010004;Manyu;CM010004003;Mamfe;Mantah II;village
cameroun;CM010;Sud-Ouest;CM010004;Manyu;CM010004003;Mamfe;Mantah II;village
cameroun;CM010;Sud-Ouest;CM010004;Manyu;CM010004003;Mamfe;Batambe;village
cameroun;CM010;Sud-Ouest;CM010004;Manyu;CM010004003;Mamfe;Batambe;village
cameroun;CM010;Sud-Ouest;CM010004;Manyu;CM010004003;Mamfe;Mantah I;village
cameroun;CM007;Nord-Ouest;CM007006;Momo;CM007006005;Widikum;Barambichang;village
cameroun;CM007;Nord-Ouest;CM007006;Momo;CM007006005;Widikum;Egbeachu;village
cameroun;CM007;Nord-Ouest;CM007006;Momo;CM007006005;Widikum;Olorunti;village
cameroun;CM007;Nord-Ouest;CM007006;Momo;CM007006005;Widikum;Denku;village
cameroun;CM007;Nord-Ouest;CM007006;Momo;CM007006005;Widikum;Bulam;village
cameroun;CM007;Nord-Ouest;CM007006;Momo;CM007006005;Widikum;Gana;village
cameroun;CM007;Nord-Ouest;CM007006;Momo;CM007006005;Widikum;Befang;village
cameroun;CM007;Nord-Ouest;CM007006;Momo;CM007006005;Widikum;Bendi;village
cameroun;CM007;Nord-Ouest;CM007006;Momo;CM007006005;Widikum;Widekum;town
cameroun;CM007;Nord-Ouest;CM007006;Momo;CM007006005;Widikum;Bajem;village
cameroun;CM007;Nord-Ouest;CM007006;Momo;CM007006005;Widikum;Bamben;village
cameroun;CM007;Nord-Ouest;CM007006;Momo;CM007006001;Batibo;Tiben;village
cameroun;CM007;Nord-Ouest;CM007006;Momo;CM007006001;Batibo;Numben;village
cameroun;CM007;Nord-Ouest;CM007006;Momo;CM007006003;Ngie;Mbengok;village
cameroun;CM007;Nord-Ouest;CM007006;Momo;CM007006003;Ngie;Tezie;village
cameroun;CM007;Nord-Ouest;CM007006;Momo;CM007006003;Ngie;Azem;village
cameroun;CM007;Nord-Ouest;CM007006;Momo;CM007006005;Widikum;Angwi;village
cameroun;CM007;Nord-Ouest;CM007006;Momo;CM007006003;Ngie;Bosi;village
cameroun;CM007;Nord-Ouest;CM007006;Momo;CM007006003;Ngie;Angai;village
cameroun;CM007;Nord-Ouest;CM007006;Momo;CM007006003;Ngie;Ebang;village
cameroun;CM007;Nord-Ouest;CM007006;Momo;CM007006003;Ngie;Edem;village
cameroun;CM007;Nord-Ouest;CM007006;Momo;CM007006003;Ngie;Achang;village
cameroun;CM007;Nord-Ouest;CM007006;Momo;CM007006003;Ngie;Kong;village
cameroun;CM007;Nord-Ouest;CM007006;Momo;CM007006003;Ngie;Menka;village
cameroun;CM010;Sud-Ouest;CM010004;Manyu;CM010004001;Akwaya;Ayi;village
cameroun;CM010;Sud-Ouest;CM010004;Manyu;CM010004001;Akwaya;Alunfa;village
cameroun;CM010;Sud-Ouest;CM010004;Manyu;CM010004001;Akwaya;Amassi;village
cameroun;CM007;Nord-Ouest;CM007006;Momo;CM007006004;Njikwa;Oshie;village
cameroun;CM007;Nord-Ouest;CM007006;Momo;CM007006004;Njikwa;Njikwa;village
cameroun;CM007;Nord-Ouest;CM007006;Momo;CM007006002;Mbengwi;Njimundam;village
cameroun;CM007;Nord-Ouest;CM007006;Momo;CM007006002;Mbengwi;Jimda;village
cameroun;CM007;Nord-Ouest;CM007006;Momo;CM007006002;Mbengwi;Adoh Munoh;village
cameroun;CM007;Nord-Ouest;CM007006;Momo;CM007006002;Mbengwi;Njah Etuh;village
cameroun;CM007;Nord-Ouest;CM007006;Momo;CM007006002;Mbengwi;Acha Tugi;village
cameroun;CM007;Nord-Ouest;CM007006;Momo;CM007006002;Mbengwi;Tonenja;village
cameroun;CM007;Nord-Ouest;CM007006;Momo;CM007006002;Mbengwi;Ngwokwong;village
cameroun;CM007;Nord-Ouest;CM007006;Momo;CM007006003;Ngie;Etwii;village
cameroun;CM007;Nord-Ouest;CM007006;Momo;CM007006003;Ngie;Andek;village
cameroun;CM007;Nord-Ouest;CM007006;Momo;CM007006003;Ngie;Banatu;village
cameroun;CM007;Nord-Ouest;CM007006;Momo;CM007006002;Mbengwi;Tinaku;village
cameroun;CM007;Nord-Ouest;CM007006;Momo;CM007006003;Ngie;Abebung;village
cameroun;CM007;Nord-Ouest;CM007006;Momo;CM007006003;Ngie;Angong;village
cameroun;CM007;Nord-Ouest;CM007006;Momo;CM007006001;Batibo;Ofit;village
cameroun;CM007;Nord-Ouest;CM007006;Momo;CM007006001;Batibo;Kunok;village
cameroun;CM007;Nord-Ouest;CM007006;Momo;CM007006001;Batibo;Nyenjei;village
cameroun;CM007;Nord-Ouest;CM007006;Momo;CM007006001;Batibo;Oshum;village
cameroun;CM007;Nord-Ouest;CM007006;Momo;CM007006001;Batibo;Kurabi;village
cameroun;CM007;Nord-Ouest;CM007006;Momo;CM007006001;Batibo;Anong;village
cameroun;CM007;Nord-Ouest;CM007006;Momo;CM007006002;Mbengwi;Zang Tabi;village
cameroun;CM007;Nord-Ouest;CM007006;Momo;CM007006002;Mbengwi;Kai;village
cameroun;CM007;Nord-Ouest;CM007006;Momo;CM007006001;Batibo;Gwofon;village
cameroun;CM007;Nord-Ouest;CM007006;Momo;CM007006001;Batibo;Ngenmewa;village
cameroun;CM007;Nord-Ouest;CM007006;Momo;CM007006001;Batibo;Mukwo;village
cameroun;CM007;Nord-Ouest;CM007005;Mezam;CM007005002;Bali;Jemajema;village
cameroun;CM007;Nord-Ouest;CM007005;Mezam;CM007005002;Bali;Bali;town
cameroun;CM007;Nord-Ouest;CM007006;Momo;CM007006002;Mbengwi;Bossa;village
cameroun;CM007;Nord-Ouest;CM007006;Momo;CM007006002;Mbengwi;Barejei;village
cameroun;CM007;Nord-Ouest;CM007006;Momo;CM007006002;Mbengwi;Tudig;village
cameroun;CM007;Nord-Ouest;CM007006;Momo;CM007006002;Mbengwi;Njindom;village
cameroun;CM007;Nord-Ouest;CM007006;Momo;CM007006002;Mbengwi;Nyen;town
cameroun;CM007;Nord-Ouest;CM007006;Momo;CM007006002;Mbengwi;Njinibi;town
cameroun;CM007;Nord-Ouest;CM007006;Momo;CM007006002;Mbengwi;Mbengwi;town
cameroun;CM007;Nord-Ouest;CM007006;Momo;CM007006002;Mbengwi;Bome;village
cameroun;CM007;Nord-Ouest;CM007006;Momo;CM007006002;Mbengwi;Ngembo;village
cameroun;CM007;Nord-Ouest;CM007005;Mezam;CM007005002;Bali;Bako;village
cameroun;CM007;Nord-Ouest;CM007005;Mezam;CM007005006;Santa;Baba;village
cameroun;CM007;Nord-Ouest;CM007005;Mezam;CM007005004;Bamenda 2nd;Chomba;village
cameroun;CM007;Nord-Ouest;CM007005;Mezam;CM007005004;Bamenda 2nd;Nsongwa;village
cameroun;CM007;Nord-Ouest;CM007005;Mezam;CM007005004;Bamenda 2nd;Mboutou;village
cameroun;CM007;Nord-Ouest;CM007005;Mezam;CM007005006;Santa;Akum;village
cameroun;CM007;Nord-Ouest;CM007005;Mezam;CM007005006;Santa;Alatening;village
cameroun;CM001;Adamaoua;CM001004;Mbr;CM001004003;Meiganga;Dir;town
cameroun;CM001;Adamaoua;CM001004;Mbr;CM001004003;Meiganga;Dozomo;village
cameroun;CM001;Adamaoua;CM001004;Mbr;CM001004003;Meiganga;Gankoumbol;village
cameroun;CM001;Adamaoua;CM001004;Mbr;CM001004003;Meiganga;Ngankombol;village
cameroun;CM001;Adamaoua;CM001004;Mbr;CM001004003;Meiganga;Deyna;village
cameroun;CM001;Adamaoua;CM001004;Mbr;CM001004003;Meiganga;Ebembara;village
cameroun;CM001;Adamaoua;CM001004;Mbr;CM001004003;Meiganga;Laka;village
cameroun;CM001;Adamaoua;CM001004;Mbr;CM001004003;Meiganga;Gazi;village
cameroun;CM001;Adamaoua;CM001004;Mbr;CM001004003;Meiganga;Dengin;village
cameroun;CM001;Adamaoua;CM001004;Mbr;CM001004003;Meiganga;Bindida;village
cameroun;CM001;Adamaoua;CM001004;Mbr;CM001004003;Meiganga;Lokoti;village
cameroun;CM001;Adamaoua;CM001004;Mbr;CM001004003;Meiganga;Ngonde;village
cameroun;CM001;Adamaoua;CM001004;Mbr;CM001004003;Meiganga;Gangi;village
cameroun;CM001;Adamaoua;CM001004;Mbr;CM001004003;Meiganga;Gale;village
cameroun;CM001;Adamaoua;CM001004;Mbr;CM001004003;Meiganga;Goumblapetel;village
cameroun;CM007;Nord-Ouest;CM007005;Mezam;CM007005005;Bamenda 3rd;Ntasen;village
cameroun;CM007;Nord-Ouest;CM007005;Mezam;CM007005005;Bamenda 3rd;Bayele;village
cameroun;CM007;Nord-Ouest;CM007005;Mezam;CM007005005;Bamenda 3rd;Bafreng;village
cameroun;CM007;Nord-Ouest;CM007005;Mezam;CM007005005;Bamenda 3rd;Balewa;village
cameroun;CM007;Nord-Ouest;CM007005;Mezam;CM007005001;Bafut;Foya;village
cameroun;CM007;Nord-Ouest;CM007005;Mezam;CM007005005;Bamenda 3rd;Balewa;village
cameroun;CM007;Nord-Ouest;CM007005;Mezam;CM007005004;Bamenda 2nd;Mankon;village
cameroun;CM007;Nord-Ouest;CM007005;Mezam;CM007005001;Bafut;Bafut;village
cameroun;CM007;Nord-Ouest;CM007005;Mezam;CM007005001;Bafut;Bukari;village
cameroun;CM007;Nord-Ouest;CM007005;Mezam;CM007005001;Bafut;Akossia;village
cameroun;CM007;Nord-Ouest;CM007001;Boyo;CM007001004;Njinikom;Wi;village
cameroun;CM007;Nord-Ouest;CM007005;Mezam;CM007005001;Bafut;Manta;village
cameroun;CM007;Nord-Ouest;CM007005;Mezam;CM007005001;Bafut;Mbakon;village
cameroun;CM007;Nord-Ouest;CM007005;Mezam;CM007005001;Bafut;Obang;village
cameroun;CM007;Nord-Ouest;CM007005;Mezam;CM007005001;Bafut;Otang;village
cameroun;CM007;Nord-Ouest;CM007004;Menchum;CM007004003;Menchum-Valley;Bangwi;village
cameroun;CM007;Nord-Ouest;CM007005;Mezam;CM007005001;Bafut;Ndong;village
cameroun;CM007;Nord-Ouest;CM007005;Mezam;CM007005001;Bafut;Ossyan;village
cameroun;CM007;Nord-Ouest;CM007004;Menchum;CM007004004;Wum;Minyan;village
cameroun;CM007;Nord-Ouest;CM007004;Menchum;CM007004004;Wum;Koa;village
cameroun;CM007;Nord-Ouest;CM007004;Menchum;CM007004004;Wum;Laguran;village
cameroun;CM007;Nord-Ouest;CM007004;Menchum;CM007004004;Wum;Wum;town
cameroun;CM008;Ouest;CM008005;Menoua;CM008005002;Fokoue;Fontsa;village
cameroun;CM008;Ouest;CM008005;Menoua;CM008005002;Fokoue;Fontsa Toula';village
cameroun;CM008;Ouest;CM008005;Menoua;CM008005002;Fokoue;Bal;village
cameroun;CM008;Ouest;CM008005;Menoua;CM008005006;Santchou;Bamengui;village
cameroun;CM008;Ouest;CM008002;Haut-Nkam;CM008002007;Kekem;Foyemtcha;village
cameroun;CM008;Ouest;CM008005;Menoua;CM008005006;Santchou;Mengwi;village
cameroun;CM008;Ouest;CM008005;Menoua;CM008005006;Santchou;Santchou;town
cameroun;CM008;Ouest;CM008005;Menoua;CM008005006;Santchou;Fongwang;village
cameroun;CM008;Ouest;CM008005;Menoua;CM008005006;Santchou;Bongouo;village
cameroun;CM005;Littoral;CM005001;Moungo;CM005001007;Melong;Llem-Moatong;village
cameroun;CM005;Littoral;CM005001;Moungo;CM005001007;Melong;Mangwt;village
cameroun;CM005;Littoral;CM005001;Moungo;CM005001007;Melong;Nkongsoung;village
cameroun;CM005;Littoral;CM005001;Moungo;CM005001007;Melong;Llem-Mangwt;village
cameroun;CM005;Littoral;CM005001;Moungo;CM005001007;Melong;Pont Nkam;village
cameroun;CM008;Ouest;CM008002;Haut-Nkam;CM008002007;Kekem;Kkem;town
cameroun;CM008;Ouest;CM008002;Haut-Nkam;CM008002007;Kekem;Mbafam;village
cameroun;CM008;Ouest;CM008002;Haut-Nkam;CM008002007;Kekem;Mbafam;village
cameroun;CM008;Ouest;CM008002;Haut-Nkam;CM008002006;Banwa;Banwa Fonti;village
cameroun;CM008;Ouest;CM008002;Haut-Nkam;CM008002007;Kekem;Kambo;village
cameroun;CM008;Ouest;CM008002;Haut-Nkam;CM008002007;Kekem;Mamfabom;village
cameroun;CM008;Ouest;CM008002;Haut-Nkam;CM008002006;Banwa;Poungu;village
cameroun;CM008;Ouest;CM008002;Haut-Nkam;CM008002006;Banwa;Fombl;village
cameroun;CM008;Ouest;CM008002;Haut-Nkam;CM008002001;Bafang;Sla;village
cameroun;CM008;Ouest;CM008002;Haut-Nkam;CM008002001;Bafang;Fomke;village
cameroun;CM008;Ouest;CM008002;Haut-Nkam;CM008002005;Banka;Boutcha;village
cameroun;CM008;Ouest;CM008002;Haut-Nkam;CM008002005;Banka;Nitcheu;village
cameroun;CM008;Ouest;CM008002;Haut-Nkam;CM008002005;Banka;Fongoli;village
cameroun;CM008;Ouest;CM008002;Haut-Nkam;CM008002005;Banka;Badoumka;village
cameroun;CM008;Ouest;CM008002;Haut-Nkam;CM008002007;Kekem;Fonkouakem;village
cameroun;CM008;Ouest;CM008002;Haut-Nkam;CM008002007;Kekem;Mboebo;village
cameroun;CM008;Ouest;CM008002;Haut-Nkam;CM008002004;Bandja;Fondanti;village
cameroun;CM008;Ouest;CM008002;Haut-Nkam;CM008002005;Banka;Folentcha;village
cameroun;CM008;Ouest;CM008002;Haut-Nkam;CM008002004;Bandja;Fondjomekwet;village
cameroun;CM008;Ouest;CM008002;Haut-Nkam;CM008002004;Bandja;Bachicheu;village
cameroun;CM008;Ouest;CM008002;Haut-Nkam;CM008002004;Bandja;Koyen;village
cameroun;CM008;Ouest;CM008002;Haut-Nkam;CM008002004;Bandja;Basseu;village
cameroun;CM008;Ouest;CM008002;Haut-Nkam;CM008002005;Banka;Yout;village
cameroun;CM008;Ouest;CM008002;Haut-Nkam;CM008002005;Banka;Nka;village
cameroun;CM008;Ouest;CM008002;Haut-Nkam;CM008002005;Banka;Banka;town
cameroun;CM008;Ouest;CM008002;Haut-Nkam;CM008002005;Banka;Bamflouk;village
cameroun;CM008;Ouest;CM008002;Haut-Nkam;CM008002005;Banka;Lembo;village
cameroun;CM008;Ouest;CM008002;Haut-Nkam;CM008002001;Bafang;Babon;village
cameroun;CM008;Ouest;CM008002;Haut-Nkam;CM008002001;Bafang;Bankwop;village
cameroun;CM008;Ouest;CM008002;Haut-Nkam;CM008002005;Banka;Banfeko;village
cameroun;CM008;Ouest;CM008002;Haut-Nkam;CM008002001;Bafang;Baka'sa;village
cameroun;CM008;Ouest;CM008002;Haut-Nkam;CM008002005;Banka;Ndoumv;village
cameroun;CM008;Ouest;CM008002;Haut-Nkam;CM008002003;Bana;Ndoumla;village
cameroun;CM008;Ouest;CM008002;Haut-Nkam;CM008002003;Bana;Bana;town
cameroun;CM008;Ouest;CM008002;Haut-Nkam;CM008002003;Bana;Bandoumkassa;village
cameroun;CM008;Ouest;CM008003;Hauts-Plateaux;CM008003003;Bangou;Balambo;village
cameroun;CM008;Ouest;CM008002;Haut-Nkam;CM008002004;Bandja;Batack;village
cameroun;CM008;Ouest;CM008002;Haut-Nkam;CM008002003;Bana;Bapou;village
cameroun;CM008;Ouest;CM008002;Haut-Nkam;CM008002004;Bandja;Babouantou;village
cameroun;CM008;Ouest;CM008003;Hauts-Plateaux;CM008003003;Bangou;Bandenkop;town
cameroun;CM008;Ouest;CM008003;Hauts-Plateaux;CM008003003;Bangou;Bapi;village
cameroun;CM008;Ouest;CM008003;Hauts-Plateaux;CM008003003;Bangou;Bapa;village
cameroun;CM008;Ouest;CM008003;Hauts-Plateaux;CM008003004;Batie;Chepang;village
cameroun;CM008;Ouest;CM008002;Haut-Nkam;CM008002004;Bandja;Bandoumgia;village
cameroun;CM008;Ouest;CM008002;Haut-Nkam;CM008002004;Bandja;Bandja;town
cameroun;CM008;Ouest;CM008003;Hauts-Plateaux;CM008003004;Batie;Meutchoufondom;village
cameroun;CM008;Ouest;CM008002;Haut-Nkam;CM008002004;Bandja;Famghang;village
cameroun;CM008;Ouest;CM008002;Haut-Nkam;CM008002004;Bandja;Fotouni;village
cameroun;CM008;Ouest;CM008003;Hauts-Plateaux;CM008003002;Bamendjou;Bangam;town
cameroun;CM008;Ouest;CM008003;Hauts-Plateaux;CM008003002;Bamendjou;Tchunkang;village
cameroun;CM008;Ouest;CM008003;Hauts-Plateaux;CM008003002;Bamendjou;Batchum;village
cameroun;CM008;Ouest;CM008005;Menoua;CM008005005;Penka-Michel;Metsam;village
cameroun;CM008;Ouest;CM008005;Menoua;CM008005005;Penka-Michel;Batotcha;village
cameroun;CM008;Ouest;CM008005;Menoua;CM008005005;Penka-Michel;Penka-Michel;town
cameroun;CM008;Ouest;CM008005;Menoua;CM008005005;Penka-Michel;Bandja;village
cameroun;CM008;Ouest;CM008005;Menoua;CM008005005;Penka-Michel;Wassa;village
cameroun;CM008;Ouest;CM008005;Menoua;CM008005005;Penka-Michel;Wang;village
cameroun;CM008;Ouest;CM008005;Menoua;CM008005005;Penka-Michel;Metsam;village
cameroun;CM008;Ouest;CM008003;Hauts-Plateaux;CM008003002;Bamendjou;Ndjeghang;village
cameroun;CM008;Ouest;CM008005;Menoua;CM008005005;Penka-Michel;Bamang;village
cameroun;CM008;Ouest;CM008005;Menoua;CM008005005;Penka-Michel;Baneghang;village
cameroun;CM008;Ouest;CM008005;Menoua;CM008005005;Penka-Michel;Bansoa;village
cameroun;CM008;Ouest;CM008006;Mifi;CM008006003;Bafoussam 3e;Fomb;village
cameroun;CM008;Ouest;CM008003;Hauts-Plateaux;CM008003002;Bamendjou;Bameka;village
cameroun;CM008;Ouest;CM008003;Hauts-Plateaux;CM008003002;Bamendjou;Bandang;village
cameroun;CM008;Ouest;CM008003;Hauts-Plateaux;CM008003002;Bamendjou;Tcha'ave;village
cameroun;CM008;Ouest;CM008003;Hauts-Plateaux;CM008003002;Bamendjou;Bamendjou;town
cameroun;CM008;Ouest;CM008003;Hauts-Plateaux;CM008003002;Bamendjou;Mu'ndjouo;village
cameroun;CM005;Littoral;CM005004;Wouri;CM005004004;Douala 4e;Mpandjo;village
cameroun;CM005;Littoral;CM005004;Wouri;CM005004001;Douala 1er;Deido;town
cameroun;CM005;Littoral;CM005004;Wouri;CM005004005;Douala 5e;Makepe;town
cameroun;CM008;Ouest;CM008006;Mifi;CM008006001;Bafoussam 1er;Ndembou Menjo;village
cameroun;CM008;Ouest;CM008006;Mifi;CM008006001;Bafoussam 1er;Ndenbou-Melam;village
cameroun;CM008;Ouest;CM008006;Mifi;CM008006001;Bafoussam 1er;Fou'sap;village
cameroun;CM008;Ouest;CM008006;Mifi;CM008006001;Bafoussam 1er;Notable WEMBE NJIH;village
cameroun;CM008;Ouest;CM008006;Mifi;CM008006001;Bafoussam 1er;Demsiem;village
cameroun;CM008;Ouest;CM008006;Mifi;CM008006001;Bafoussam 1er;Batoukop;village
cameroun;CM008;Ouest;CM008006;Mifi;CM008006001;Bafoussam 1er;Ndjinga;village
cameroun;CM008;Ouest;CM008006;Mifi;CM008006001;Bafoussam 1er;Njinga II;village
cameroun;CM008;Ouest;CM008004;Koung-Khi;CM008004003;Poumougne;Tse Ngo;village
cameroun;CM008;Ouest;CM008004;Koung-Khi;CM008004003;Poumougne;Lemgo;village
cameroun;CM008;Ouest;CM008004;Koung-Khi;CM008004003;Poumougne;Fo Negom;village
cameroun;CM008;Ouest;CM008004;Koung-Khi;CM008004003;Poumougne;Djione;village
cameroun;CM008;Ouest;CM008004;Koung-Khi;CM008004003;Poumougne;Tseguem;village
cameroun;CM008;Ouest;CM008004;Koung-Khi;CM008004003;Poumougne;Domlo;village
cameroun;CM008;Ouest;CM008004;Koung-Khi;CM008004003;Poumougne;Dem-Woh;village
cameroun;CM008;Ouest;CM008004;Koung-Khi;CM008004003;Poumougne;Famnwe;village
cameroun;CM008;Ouest;CM008004;Koung-Khi;CM008004003;Poumougne;Tonkwo;village
cameroun;CM008;Ouest;CM008004;Koung-Khi;CM008004003;Poumougne;Mendjo;village
cameroun;CM008;Ouest;CM008004;Koung-Khi;CM008004003;Poumougne;Mbem;village
cameroun;CM008;Ouest;CM008004;Koung-Khi;CM008004001;Bayangam;Toumghem;village
cameroun;CM008;Ouest;CM008004;Koung-Khi;CM008004001;Bayangam;Kwopou;village
cameroun;CM008;Ouest;CM008004;Koung-Khi;CM008004002;Djebem;Semto;village
cameroun;CM008;Ouest;CM008004;Koung-Khi;CM008004002;Djebem;Famta;village
cameroun;CM008;Ouest;CM008004;Koung-Khi;CM008004002;Djebem;Nding;village
cameroun;CM008;Ouest;CM008004;Koung-Khi;CM008004002;Djebem;Demdeng (Djebem);town
cameroun;CM008;Ouest;CM008004;Koung-Khi;CM008004002;Djebem;Tse Ndembom;village
cameroun;CM008;Ouest;CM008004;Koung-Khi;CM008004002;Djebem;Tse Ndembo;village
cameroun;CM008;Ouest;CM008004;Koung-Khi;CM008004002;Djebem;Moundjo;village
cameroun;CM008;Ouest;CM008004;Koung-Khi;CM008004001;Bayangam;Toula;village
cameroun;CM008;Ouest;CM008004;Koung-Khi;CM008004001;Bayangam;Bayangam;town
cameroun;CM008;Ouest;CM008004;Koung-Khi;CM008004001;Bayangam;Batoufam;village
cameroun;CM008;Ouest;CM008007;Nd;CM008007001;Bangangte;Ndounko;village
cameroun;CM008;Ouest;CM008007;Nd;CM008007001;Bangangte;Bangoua;village
cameroun;CM008;Ouest;CM008004;Koung-Khi;CM008004001;Bayangam;Kamghe;village
cameroun;CM008;Ouest;CM008007;Nd;CM008007001;Bangangte;Kamita;village
cameroun;CM008;Ouest;CM008003;Hauts-Plateaux;CM008003003;Bangou;Baloumgou;village
cameroun;CM008;Ouest;CM008004;Koung-Khi;CM008004001;Bayangam;Yenom;village
cameroun;CM008;Ouest;CM008003;Hauts-Plateaux;CM008003001;Baham;Djeve;village
cameroun;CM008;Ouest;CM008004;Koung-Khi;CM008004001;Bayangam;Meje;village
cameroun;CM008;Ouest;CM008003;Hauts-Plateaux;CM008003001;Baham;Ngwengwa;village
cameroun;CM008;Ouest;CM008003;Hauts-Plateaux;CM008003001;Baham;Chenye;village
cameroun;CM008;Ouest;CM008003;Hauts-Plateaux;CM008003003;Bangou;Balou;village
cameroun;CM008;Ouest;CM008003;Hauts-Plateaux;CM008003003;Bangou;Batsela;village
cameroun;CM008;Ouest;CM008003;Hauts-Plateaux;CM008003003;Bangou;Bandenkop;village
cameroun;CM008;Ouest;CM008003;Hauts-Plateaux;CM008003003;Bangou;Bangou;town
cameroun;CM008;Ouest;CM008003;Hauts-Plateaux;CM008003003;Bangou;Ngou;village
cameroun;CM008;Ouest;CM008003;Hauts-Plateaux;CM008003003;Bangou;Ndiknip;village
cameroun;CM008;Ouest;CM008003;Hauts-Plateaux;CM008003003;Bangou;Batchingou;village
cameroun;CM008;Ouest;CM008003;Hauts-Plateaux;CM008003003;Bangou;Bangou Carrefour;town
cameroun;CM008;Ouest;CM008007;Nd;CM008007003;Bazou;Ka'sang;village
cameroun;CM008;Ouest;CM008007;Nd;CM008007001;Bangangte;Bamena;village
cameroun;CM008;Ouest;CM008007;Nd;CM008007001;Bangangte;Ndeptoup;village
cameroun;CM008;Ouest;CM008007;Nd;CM008007001;Bangangte;Ngwa;village
cameroun;CM008;Ouest;CM008007;Nd;CM008007001;Bangangte;Bato;village
cameroun;CM008;Ouest;CM008007;Nd;CM008007003;Bazou;Balengou;village
cameroun;CM008;Ouest;CM008007;Nd;CM008007003;Bazou;Dipfad;village
cameroun;CM008;Ouest;CM008007;Nd;CM008007003;Bazou;Ka'tsie;village
cameroun;CM008;Ouest;CM008007;Nd;CM008007003;Bazou;Nzou;village
cameroun;CM008;Ouest;CM008007;Nd;CM008007003;Bazou;Bazou;town
cameroun;CM005;Littoral;CM005002;Nkam;CM005002002;Nord-Makombe;Moya;village
cameroun;CM005;Littoral;CM005002;Nkam;CM005002002;Nord-Makombe;Mbiam;village
cameroun;CM008;Ouest;CM008007;Nd;CM008007003;Bazou;Ndjiongze;village
cameroun;CM008;Ouest;CM008007;Nd;CM008007003;Bazou;Ndja;village
cameroun;CM008;Ouest;CM008002;Haut-Nkam;CM008002003;Bana;Batcha;village
cameroun;CM005;Littoral;CM005002;Nkam;CM005002002;Nord-Makombe;Balam;village
cameroun;CM005;Littoral;CM005002;Nkam;CM005002002;Nord-Makombe;Ndoto II;village
cameroun;CM005;Littoral;CM005002;Nkam;CM005002002;Nord-Makombe;Ndoto I;village
cameroun;CM005;Littoral;CM005002;Nkam;CM005002002;Nord-Makombe;Njoue;village
cameroun;CM005;Littoral;CM005002;Nkam;CM005002002;Nord-Makombe;Sohok;village
cameroun;CM005;Littoral;CM005002;Nkam;CM005002001;Nkondjock;Ndock-samba;village
cameroun;CM005;Littoral;CM005002;Nkam;CM005002002;Nord-Makombe;Ngoman;village
cameroun;CM005;Littoral;CM005002;Nkam;CM005002001;Nkondjock;Dkoul;village
cameroun;CM005;Littoral;CM005002;Nkam;CM005002002;Nord-Makombe;Yamissang III;village
cameroun;CM005;Littoral;CM005002;Nkam;CM005002002;Nord-Makombe;Yamissang III;village
cameroun;CM005;Littoral;CM005002;Nkam;CM005002002;Nord-Makombe;Ndobian ( Nord-Makomb);town
cameroun;CM005;Littoral;CM005002;Nkam;CM005002002;Nord-Makombe;Yabien;village
cameroun;CM005;Littoral;CM005002;Nkam;CM005002001;Nkondjock;Nkokbang Matin;village
cameroun;CM005;Littoral;CM005002;Nkam;CM005002002;Nord-Makombe;Min;village
cameroun;CM005;Littoral;CM005002;Nkam;CM005002001;Nkondjock;Mabomb;village
cameroun;CM005;Littoral;CM005002;Nkam;CM005002001;Nkondjock;Ndokmboun;village
cameroun;CM005;Littoral;CM005002;Nkam;CM005002001;Nkondjock;Nkondjock;town
cameroun;CM005;Littoral;CM005002;Nkam;CM005002001;Nkondjock;Mal;village
cameroun;CM005;Littoral;CM005002;Nkam;CM005002001;Nkondjock;Dika;village
cameroun;CM005;Littoral;CM005002;Nkam;CM005002001;Nkondjock;Makakan;village
cameroun;CM005;Littoral;CM005002;Nkam;CM005002001;Nkondjock;Kouedjou;village
cameroun;CM005;Littoral;CM005002;Nkam;CM005002001;Nkondjock;Matoub;village
cameroun;CM005;Littoral;CM005002;Nkam;CM005002001;Nkondjock;Bindjen II;village
cameroun;CM005;Littoral;CM005002;Nkam;CM005002001;Nkondjock;Ndokban;village
cameroun;CM005;Littoral;CM005002;Nkam;CM005002001;Nkondjock;Tam;village
cameroun;CM005;Littoral;CM005002;Nkam;CM005002004;Yingui;Houng;village
cameroun;CM005;Littoral;CM005002;Nkam;CM005002002;Nord-Makombe;Bakoua;village
cameroun;CM005;Littoral;CM005002;Nkam;CM005002002;Nord-Makombe;Ngoma;village
cameroun;CM005;Littoral;CM005002;Nkam;CM005002002;Nord-Makombe;Tongo;village
cameroun;CM002;Centre;CM002003;Mbam-et-Inoubou;CM002003006;Makenene;Bambessa;village
cameroun;CM008;Ouest;CM008007;Nd;CM008007004;Tonga;Mbang;village
cameroun;CM005;Littoral;CM005002;Nkam;CM005002004;Yingui;Ndembound;village
cameroun;CM005;Littoral;CM005002;Nkam;CM005002004;Yingui;Massoan;village
cameroun;CM005;Littoral;CM005002;Nkam;CM005002004;Yingui;Iboti;village
cameroun;CM005;Littoral;CM005002;Nkam;CM005002004;Yingui;Logmbo;village
cameroun;CM005;Littoral;CM005002;Nkam;CM005002004;Yingui;Indik Molong;village
cameroun;CM005;Littoral;CM005002;Nkam;CM005002004;Yingui;Ndikoub;village
cameroun;CM005;Littoral;CM005002;Nkam;CM005002004;Yingui;Logyamba;village
cameroun;CM005;Littoral;CM005002;Nkam;CM005002004;Yingui;Matanouye;village
cameroun;CM005;Littoral;CM005002;Nkam;CM005002004;Yingui;Moupon;village
cameroun;CM005;Littoral;CM005002;Nkam;CM005002004;Yingui;Masseng;village
cameroun;CM005;Littoral;CM005002;Nkam;CM005002004;Yingui;Boumben;village
cameroun;CM005;Littoral;CM005002;Nkam;CM005002004;Yingui;Bekombi;village
cameroun;CM005;Littoral;CM005002;Nkam;CM005002004;Yingui;Ndogngong;village
cameroun;CM005;Littoral;CM005002;Nkam;CM005002004;Yingui;Ndokminokon II;village
cameroun;CM005;Littoral;CM005002;Nkam;CM005002004;Yingui;Ndokbanda;village
cameroun;CM005;Littoral;CM005002;Nkam;CM005002004;Yingui;Logndeng;village
cameroun;CM005;Littoral;CM005002;Nkam;CM005002004;Yingui;Ndoktoum;village
cameroun;CM005;Littoral;CM005002;Nkam;CM005002004;Yingui;Fangu;village
cameroun;CM005;Littoral;CM005002;Nkam;CM005002004;Yingui;Mosse;village
cameroun;CM005;Littoral;CM005002;Nkam;CM005002004;Yingui;Mosse;village
cameroun;CM005;Littoral;CM005002;Nkam;CM005002004;Yingui;Bakon;village
cameroun;CM002;Centre;CM002003;Mbam-et-Inoubou;CM002003007;Ndikinimeki;Ndoktok;village
cameroun;CM005;Littoral;CM005002;Nkam;CM005002004;Yingui;Ndokmen Nord Cheffrie;village
cameroun;CM005;Littoral;CM005002;Nkam;CM005002004;Yingui;Yingui II;village
cameroun;CM005;Littoral;CM005002;Nkam;CM005002004;Yingui;Ndem 1;village
cameroun;CM005;Littoral;CM005002;Nkam;CM005002004;Yingui;Ndem;village
cameroun;CM005;Littoral;CM005002;Nkam;CM005002004;Yingui;Yingui;town
cameroun;CM005;Littoral;CM005002;Nkam;CM005002004;Yingui;Ndokmem I;village
cameroun;CM005;Littoral;CM005002;Nkam;CM005002004;Yingui;Sud;village
cameroun;CM005;Littoral;CM005002;Nkam;CM005002004;Yingui;Ndokanyak;village
cameroun;CM005;Littoral;CM005002;Nkam;CM005002003;Yabassi;Ndokhend;village
cameroun;CM005;Littoral;CM005002;Nkam;CM005002003;Yabassi;Bataba;village
cameroun;CM005;Littoral;CM005002;Nkam;CM005002003;Yabassi;Dibamba;village
cameroun;CM005;Littoral;CM005002;Nkam;CM005002004;Yingui;Makomb;village
cameroun;CM005;Littoral;CM005002;Nkam;CM005002004;Yingui;Maninga;village
cameroun;CM005;Littoral;CM005002;Nkam;CM005002004;Yingui;Ndokmatchang;village
cameroun;CM005;Littoral;CM005002;Nkam;CM005002004;Yingui;Bahal;village
cameroun;CM005;Littoral;CM005002;Nkam;CM005002001;Nkondjock;Ndoktiba;village
cameroun;CM005;Littoral;CM005002;Nkam;CM005002001;Nkondjock;Ndokiti III;village
cameroun;CM005;Littoral;CM005002;Nkam;CM005002001;Nkondjock;Ndokiti II;village
cameroun;CM005;Littoral;CM005002;Nkam;CM005002001;Nkondjock;Toumbassala;village
cameroun;CM005;Littoral;CM005002;Nkam;CM005002003;Yabassi;Bewang;village
cameroun;CM005;Littoral;CM005002;Nkam;CM005002003;Yabassi;Ndokbakand;village
cameroun;CM005;Littoral;CM005002;Nkam;CM005002003;Yabassi;Baketi;village
cameroun;CM005;Littoral;CM005002;Nkam;CM005002003;Yabassi;Ndokfaya;village
cameroun;CM005;Littoral;CM005002;Nkam;CM005002003;Yabassi;Ndokmoueng;village
cameroun;CM005;Littoral;CM005002;Nkam;CM005002003;Yabassi;Ndokyemek;village
cameroun;CM005;Littoral;CM005002;Nkam;CM005002003;Yabassi;Ndokbabuengu;village
cameroun;CM005;Littoral;CM005002;Nkam;CM005002003;Yabassi;Ndokndak I;village
cameroun;CM005;Littoral;CM005002;Nkam;CM005002003;Yabassi;Timt;village
cameroun;CM005;Littoral;CM005002;Nkam;CM005002003;Yabassi;Moukounda I;village
cameroun;CM005;Littoral;CM005002;Nkam;CM005002003;Yabassi;Ndokbos;village
cameroun;CM005;Littoral;CM005002;Nkam;CM005002003;Yabassi;Ndokfaya Fe;village
cameroun;CM005;Littoral;CM005002;Nkam;CM005002003;Yabassi;Ndokndak;village
cameroun;CM005;Littoral;CM005002;Nkam;CM005002003;Yabassi;Ndoktaya;village
cameroun;CM005;Littoral;CM005002;Nkam;CM005002003;Yabassi;Ndogbao;village
cameroun;CM005;Littoral;CM005002;Nkam;CM005002003;Yabassi;Moukounda II;village
cameroun;CM005;Littoral;CM005002;Nkam;CM005002003;Yabassi;Ndokhai;village
cameroun;CM005;Littoral;CM005002;Nkam;CM005002003;Yabassi;Ndogbele;village
cameroun;CM005;Littoral;CM005002;Nkam;CM005002003;Yabassi;Bonabeke;village
cameroun;CM005;Littoral;CM005002;Nkam;CM005002003;Yabassi;Boneloko;village
cameroun;CM005;Littoral;CM005002;Nkam;CM005002003;Yabassi;Bonawonga;village
cameroun;CM005;Littoral;CM005002;Nkam;CM005002003;Yabassi;Bi;village
cameroun;CM005;Littoral;CM005002;Nkam;CM005002003;Yabassi;Dchang;village
cameroun;CM005;Littoral;CM005002;Nkam;CM005002003;Yabassi;Banya II;village
cameroun;CM005;Littoral;CM005002;Nkam;CM005002003;Yabassi;Ndokbong;village
cameroun;CM005;Littoral;CM005002;Nkam;CM005002003;Yabassi;Ndokbkot;village
cameroun;CM005;Littoral;CM005002;Nkam;CM005002003;Yabassi;Bonalongso;village
cameroun;CM005;Littoral;CM005002;Nkam;CM005002001;Nkondjock;Benga I;village
cameroun;CM005;Littoral;CM005002;Nkam;CM005002003;Yabassi;Ndokati I;village
cameroun;CM005;Littoral;CM005002;Nkam;CM005002003;Yabassi;Ndokati II;village
cameroun;CM005;Littoral;CM005002;Nkam;CM005002003;Yabassi;Benga II;village
cameroun;CM005;Littoral;CM005002;Nkam;CM005002003;Yabassi;Mabom;village
cameroun;CM005;Littoral;CM005002;Nkam;CM005002001;Nkondjock;Nkongmalang;village
cameroun;CM005;Littoral;CM005002;Nkam;CM005002001;Nkondjock;Sah;village
cameroun;CM008;Ouest;CM008002;Haut-Nkam;CM008002002;Bakou;Fongam;village
cameroun;CM008;Ouest;CM008002;Haut-Nkam;CM008002002;Bakou;Vers Bakem;village
cameroun;CM008;Ouest;CM008002;Haut-Nkam;CM008002002;Bakou;Makouk;village
cameroun;CM005;Littoral;CM005002;Nkam;CM005002001;Nkondjock;Ndomalang;village
cameroun;CM005;Littoral;CM005002;Nkam;CM005002001;Nkondjock;Sombe Nsak;village
cameroun;CM005;Littoral;CM005002;Nkam;CM005002001;Nkondjock;Ndockouma;village
cameroun;CM005;Littoral;CM005002;Nkam;CM005002001;Nkondjock;Ndjingang;village
cameroun;CM005;Littoral;CM005002;Nkam;CM005002002;Nord-Makombe;Ndockomto II;village
cameroun;CM005;Littoral;CM005002;Nkam;CM005002001;Nkondjock;Ntoumt;village
cameroun;CM005;Littoral;CM005002;Nkam;CM005002002;Nord-Makombe;Mabouta;village
cameroun;CM008;Ouest;CM008002;Haut-Nkam;CM008002002;Bakou;Behack;village
cameroun;CM005;Littoral;CM005002;Nkam;CM005002002;Nord-Makombe;Ndokomto I;village
cameroun;CM008;Ouest;CM008002;Haut-Nkam;CM008002002;Bakou;Fopwanga;village
cameroun;CM005;Littoral;CM005002;Nkam;CM005002002;Nord-Makombe;Village Batchamdji;village
cameroun;CM005;Littoral;CM005002;Nkam;CM005002001;Nkondjock;Ndokmbang;village
cameroun;CM008;Ouest;CM008002;Haut-Nkam;CM008002002;Bakou;Fopwanga;village
cameroun;CM008;Ouest;CM008002;Haut-Nkam;CM008002002;Bakou;Bangope;village
cameroun;CM008;Ouest;CM008002;Haut-Nkam;CM008002002;Bakou;Bankambe;village
cameroun;CM008;Ouest;CM008002;Haut-Nkam;CM008002002;Bakou;Fondjanti;village
cameroun;CM008;Ouest;CM008002;Haut-Nkam;CM008002001;Bafang;Babountcheu Ngaleu;village
cameroun;CM008;Ouest;CM008002;Haut-Nkam;CM008002001;Bafang;Babountcheu Ngaleu;village
cameroun;CM008;Ouest;CM008002;Haut-Nkam;CM008002002;Bakou;Bakou;town
cameroun;CM008;Ouest;CM008002;Haut-Nkam;CM008002002;Bakou;Fostinga;village
cameroun;CM008;Ouest;CM008002;Haut-Nkam;CM008002002;Bakou;Mven;village
cameroun;CM008;Ouest;CM008002;Haut-Nkam;CM008002001;Bafang;Bankondji;village
cameroun;CM008;Ouest;CM008002;Haut-Nkam;CM008002001;Bafang;Bankondji;village
cameroun;CM008;Ouest;CM008002;Haut-Nkam;CM008002002;Bakou;Komako;village
cameroun;CM008;Ouest;CM008002;Haut-Nkam;CM008002002;Bakou;Balaloum;village
cameroun;CM008;Ouest;CM008002;Haut-Nkam;CM008002002;Bakou;Chwinou';village
cameroun;CM008;Ouest;CM008002;Haut-Nkam;CM008002002;Bakou;Bameleu';village
cameroun;CM008;Ouest;CM008002;Haut-Nkam;CM008002001;Bafang;Nwa Fochi;village
cameroun;CM008;Ouest;CM008002;Haut-Nkam;CM008002006;Banwa;Fomessa I;village
cameroun;CM008;Ouest;CM008002;Haut-Nkam;CM008002006;Banwa;Banwa;town
cameroun;CM008;Ouest;CM008002;Haut-Nkam;CM008002006;Banwa;Yong;village
cameroun;CM005;Littoral;CM005001;Moungo;CM005001001;Bare-Bakem;Mounko;village
cameroun;CM008;Ouest;CM008002;Haut-Nkam;CM008002006;Banwa;Fotsi;village
cameroun;CM008;Ouest;CM008002;Haut-Nkam;CM008002006;Banwa;Bameleck;village
cameroun;CM008;Ouest;CM008002;Haut-Nkam;CM008002006;Banwa;Kouma;village
cameroun;CM005;Littoral;CM005001;Moungo;CM005001001;Bare-Bakem;Ntangtong;village
cameroun;CM008;Ouest;CM008002;Haut-Nkam;CM008002002;Bakou;Ndouembot;village
cameroun;CM005;Littoral;CM005001;Moungo;CM005001001;Bare-Bakem;Ndouenke;village
cameroun;CM005;Littoral;CM005001;Moungo;CM005001001;Bare-Bakem;Ndom Bakem;village
cameroun;CM005;Littoral;CM005001;Moungo;CM005001001;Bare-Bakem;Nkoniambot;village
cameroun;CM005;Littoral;CM005001;Moungo;CM005001001;Bare-Bakem;Mbie;village
cameroun;CM005;Littoral;CM005001;Moungo;CM005001001;Bare-Bakem;Mandjibo;village
cameroun;CM005;Littoral;CM005001;Moungo;CM005001001;Bare-Bakem;Mbarembeng;village
cameroun;CM005;Littoral;CM005001;Moungo;CM005001001;Bare-Bakem;Bareok;village
cameroun;CM005;Littoral;CM005001;Moungo;CM005001001;Bare-Bakem;Bar;village
cameroun;CM005;Littoral;CM005001;Moungo;CM005001001;Bare-Bakem;Barko (Bar-Bakem);town
cameroun;CM005;Littoral;CM005001;Moungo;CM005001001;Bare-Bakem;Eboukou;village
cameroun;CM005;Littoral;CM005001;Moungo;CM005001001;Bare-Bakem;Melong II;village
cameroun;CM005;Littoral;CM005001;Moungo;CM005001001;Bare-Bakem;Ekom-Nkam;village
cameroun;CM005;Littoral;CM005001;Moungo;CM005001007;Melong;Mbokola;village
cameroun;CM005;Littoral;CM005001;Moungo;CM005001007;Melong;New-Melong;village
cameroun;CM005;Littoral;CM005001;Moungo;CM005001007;Melong;Njinjo II;village
cameroun;CM008;Ouest;CM008005;Menoua;CM008005006;Santchou;Foungwo;village
cameroun;CM010;Sud-Ouest;CM010002;Kupe-Manenguba;CM010002002;Nguti;Dinte;village
cameroun;CM010;Sud-Ouest;CM010002;Kupe-Manenguba;CM010002002;Nguti;Mbetta;village
cameroun;CM010;Sud-Ouest;CM010002;Kupe-Manenguba;CM010002002;Nguti;Fonwen;village
cameroun;CM010;Sud-Ouest;CM010003;Lebialem;CM010003002;Fontem;Fotabong III;village
cameroun;CM010;Sud-Ouest;CM010003;Lebialem;CM010003002;Fontem;Lebeh;village
cameroun;CM010;Sud-Ouest;CM010003;Lebialem;CM010003002;Fontem;Fonke;village
cameroun;CM010;Sud-Ouest;CM010002;Kupe-Manenguba;CM010002002;Nguti;Njungo;village
cameroun;CM010;Sud-Ouest;CM010002;Kupe-Manenguba;CM010002002;Nguti;Fonwung;village
cameroun;CM008;Ouest;CM008005;Menoua;CM008005006;Santchou;Echiock;village
cameroun;CM008;Ouest;CM008005;Menoua;CM008005006;Santchou;Fondonera;village
cameroun;CM008;Ouest;CM008005;Menoua;CM008005006;Santchou;Fossong Wentcheng;village
cameroun;CM008;Ouest;CM008005;Menoua;CM008005006;Santchou;Fongotafo;village
cameroun;CM010;Sud-Ouest;CM010003;Lebialem;CM010003002;Fontem;Fonjungo-Fonke;village
cameroun;CM008;Ouest;CM008005;Menoua;CM008005006;Santchou;Nfa;village
cameroun;CM010;Sud-Ouest;CM010003;Lebialem;CM010003002;Fontem;Fomba;village
cameroun;CM010;Sud-Ouest;CM010003;Lebialem;CM010003002;Fontem;Foreke-Chacha;village
cameroun;CM010;Sud-Ouest;CM010003;Lebialem;CM010003002;Fontem;Famila;village
cameroun;CM010;Sud-Ouest;CM010003;Lebialem;CM010003002;Fontem;Forte-Fongi;village
cameroun;CM010;Sud-Ouest;CM010003;Lebialem;CM010003002;Fontem;Njentse;village
cameroun;CM010;Sud-Ouest;CM010003;Lebialem;CM010003002;Fontem;Fotabong II;village
cameroun;CM010;Sud-Ouest;CM010002;Kupe-Manenguba;CM010002002;Nguti;Fonven lekwe;village
cameroun;CM010;Sud-Ouest;CM010003;Lebialem;CM010003002;Fontem;Lekwe village;village
cameroun;CM010;Sud-Ouest;CM010002;Kupe-Manenguba;CM010002002;Nguti;Tabankwa;village
cameroun;CM010;Sud-Ouest;CM010002;Kupe-Manenguba;CM010002002;Nguti;Nkang;village
cameroun;CM010;Sud-Ouest;CM010002;Kupe-Manenguba;CM010002002;Nguti;Fotabong-Koa;village
cameroun;CM010;Sud-Ouest;CM010002;Kupe-Manenguba;CM010002002;Nguti;Etodi;village
cameroun;CM010;Sud-Ouest;CM010002;Kupe-Manenguba;CM010002002;Nguti;Ehuyampe;village
cameroun;CM010;Sud-Ouest;CM010002;Kupe-Manenguba;CM010002002;Nguti;Hunyampe;village
cameroun;CM010;Sud-Ouest;CM010002;Kupe-Manenguba;CM010002002;Nguti;Ekwenzo;village
cameroun;CM010;Sud-Ouest;CM010002;Kupe-Manenguba;CM010002002;Nguti;Kamelumpe;village
cameroun;CM010;Sud-Ouest;CM010002;Kupe-Manenguba;CM010002002;Nguti;Tangang;village
cameroun;CM010;Sud-Ouest;CM010002;Kupe-Manenguba;CM010002002;Nguti;Elumba;village
cameroun;CM010;Sud-Ouest;CM010002;Kupe-Manenguba;CM010002002;Nguti;Nzoa;village
cameroun;CM010;Sud-Ouest;CM010002;Kupe-Manenguba;CM010002002;Nguti;Etawang;village
cameroun;CM010;Sud-Ouest;CM010004;Manyu;CM010004004;Upper Bayang;Barah;village
cameroun;CM010;Sud-Ouest;CM010004;Manyu;CM010004004;Upper Bayang;Taiyor I;village
cameroun;CM010;Sud-Ouest;CM010004;Manyu;CM010004004;Upper Bayang;Ebeagwe I;village
cameroun;CM010;Sud-Ouest;CM010004;Manyu;CM010004004;Upper Bayang;Taiyor II;village
cameroun;CM010;Sud-Ouest;CM010004;Manyu;CM010004004;Upper Bayang;Ekpor;village
cameroun;CM010;Sud-Ouest;CM010004;Manyu;CM010004004;Upper Bayang;Mbanga Pongo;village
cameroun;CM010;Sud-Ouest;CM010004;Manyu;CM010004004;Upper Bayang;Mambo;village
cameroun;CM010;Sud-Ouest;CM010004;Manyu;CM010004004;Upper Bayang;Takwai;village
cameroun;CM010;Sud-Ouest;CM010004;Manyu;CM010004004;Upper Bayang;Atebong Wire;village
cameroun;CM010;Sud-Ouest;CM010004;Manyu;CM010004004;Upper Bayang;Fosongwanchen;village
cameroun;CM010;Sud-Ouest;CM010004;Manyu;CM010004004;Upper Bayang;Ebensuk;village
cameroun;CM010;Sud-Ouest;CM010003;Lebialem;CM010003002;Fontem;Menji;village
cameroun;CM010;Sud-Ouest;CM010003;Lebialem;CM010003002;Fontem;Fontem;town
cameroun;CM010;Sud-Ouest;CM010003;Lebialem;CM010003001;Alou;Fowando;village
cameroun;CM010;Sud-Ouest;CM010003;Lebialem;CM010003001;Alou;Fotabong I;village
cameroun;CM010;Sud-Ouest;CM010003;Lebialem;CM010003001;Alou;Alou;village
cameroun;CM010;Sud-Ouest;CM010003;Lebialem;CM010003001;Alou;Folembe;village
cameroun;CM010;Sud-Ouest;CM010003;Lebialem;CM010003001;Alou;Alou;village
cameroun;CM010;Sud-Ouest;CM010003;Lebialem;CM010003001;Alou;Foto Ndonchwet;village
cameroun;CM010;Sud-Ouest;CM010003;Lebialem;CM010003001;Alou;Fokwe;village
cameroun;CM010;Sud-Ouest;CM010003;Lebialem;CM010003001;Alou;Nkong;village
cameroun;CM010;Sud-Ouest;CM010003;Lebialem;CM010003003;Wabane;Kenyang;village
cameroun;CM010;Sud-Ouest;CM010003;Lebialem;CM010003003;Wabane;Fonkem;village
cameroun;CM010;Sud-Ouest;CM010003;Lebialem;CM010003003;Wabane;Besali;village
cameroun;CM010;Sud-Ouest;CM010004;Manyu;CM010004004;Upper Bayang;Bechati;village
cameroun;CM010;Sud-Ouest;CM010004;Manyu;CM010004004;Upper Bayang;Agong;village
cameroun;CM010;Sud-Ouest;CM010004;Manyu;CM010004004;Upper Bayang;Sabes;village
cameroun;CM010;Sud-Ouest;CM010003;Lebialem;CM010003003;Wabane;Bangang;village
cameroun;CM010;Sud-Ouest;CM010004;Manyu;CM010004004;Upper Bayang;Nyeneba;village
cameroun;CM007;Nord-Ouest;CM007006;Momo;CM007006001;Batibo;Abeshom;village
cameroun;CM010;Sud-Ouest;CM010004;Manyu;CM010004004;Upper Bayang;Gurete Bambat;village
cameroun;CM010;Sud-Ouest;CM010004;Manyu;CM010004004;Upper Bayang;Fumbe;village
cameroun;CM010;Sud-Ouest;CM010003;Lebialem;CM010003003;Wabane;Banti;village
cameroun;CM010;Sud-Ouest;CM010003;Lebialem;CM010003003;Wabane;Folepi;village
cameroun;CM010;Sud-Ouest;CM010003;Lebialem;CM010003003;Wabane;Nyen;village
cameroun;CM007;Nord-Ouest;CM007006;Momo;CM007006001;Batibo;Ewa;village
cameroun;CM007;Nord-Ouest;CM007006;Momo;CM007006001;Batibo;Enyo;village
cameroun;CM007;Nord-Ouest;CM007006;Momo;CM007006001;Batibo;Baranja;village
cameroun;CM007;Nord-Ouest;CM007006;Momo;CM007006001;Batibo;Wom Guzang;village
cameroun;CM007;Nord-Ouest;CM007006;Momo;CM007006001;Batibo;Guzang;village
cameroun;CM007;Nord-Ouest;CM007006;Momo;CM007006001;Batibo;Ajei;village
cameroun;CM007;Nord-Ouest;CM007006;Momo;CM007006001;Batibo;Besi;village
cameroun;CM007;Nord-Ouest;CM007006;Momo;CM007006001;Batibo;Awun;village
cameroun;CM007;Nord-Ouest;CM007006;Momo;CM007006001;Batibo;Mbunjei;village
cameroun;CM007;Nord-Ouest;CM007006;Momo;CM007006001;Batibo;Batibo;village
cameroun;CM007;Nord-Ouest;CM007006;Momo;CM007006001;Batibo;Batibo;town
cameroun;CM007;Nord-Ouest;CM007006;Momo;CM007006001;Batibo;Mbengok;village
cameroun;CM007;Nord-Ouest;CM007006;Momo;CM007006001;Batibo;Jimako;village
cameroun;CM007;Nord-Ouest;CM007006;Momo;CM007006001;Batibo;Ambo;village
cameroun;CM007;Nord-Ouest;CM007006;Momo;CM007006001;Batibo;Efa;village
cameroun;CM007;Nord-Ouest;CM007006;Momo;CM007006001;Batibo;Akulabei;village
cameroun;CM007;Nord-Ouest;CM007006;Momo;CM007006001;Batibo;Nen;village
cameroun;CM007;Nord-Ouest;CM007006;Momo;CM007006001;Batibo;Korube;village
cameroun;CM007;Nord-Ouest;CM007006;Momo;CM007006005;Widikum;Diche II;village
cameroun;CM007;Nord-Ouest;CM007006;Momo;CM007006005;Widikum;Mobang;village
cameroun;CM007;Nord-Ouest;CM007006;Momo;CM007006005;Widikum;Akuruku;village
cameroun;CM010;Sud-Ouest;CM010004;Manyu;CM010004004;Upper Bayang;Koano;village
cameroun;CM007;Nord-Ouest;CM007006;Momo;CM007006001;Batibo;Angie;village
cameroun;CM007;Nord-Ouest;CM007006;Momo;CM007006001;Batibo;Kugwe;village
cameroun;CM010;Sud-Ouest;CM010004;Manyu;CM010004004;Upper Bayang;Mbomo;village
cameroun;CM010;Sud-Ouest;CM010004;Manyu;CM010004004;Upper Bayang;Moshie;village
cameroun;CM010;Sud-Ouest;CM010004;Manyu;CM010004004;Upper Bayang;Kendem;village
cameroun;CM010;Sud-Ouest;CM010004;Manyu;CM010004004;Upper Bayang;Mbeme;village
cameroun;CM010;Sud-Ouest;CM010004;Manyu;CM010004004;Upper Bayang;Bokwa II;village
cameroun;CM010;Sud-Ouest;CM010004;Manyu;CM010004004;Upper Bayang;Kekpoti;village
cameroun;CM010;Sud-Ouest;CM010004;Manyu;CM010004004;Upper Bayang;Numba Batoh;village
cameroun;CM007;Nord-Ouest;CM007006;Momo;CM007006005;Widikum;Diche I;village
cameroun;CM010;Sud-Ouest;CM010004;Manyu;CM010004003;Mamfe;Numba Afu;village
cameroun;CM010;Sud-Ouest;CM010004;Manyu;CM010004003;Mamfe;Numba Ati;village
cameroun;CM010;Sud-Ouest;CM010004;Manyu;CM010004003;Mamfe;Numba Mile 49;village
cameroun;CM010;Sud-Ouest;CM010004;Manyu;CM010004003;Mamfe;Ebangabi;village
cameroun;CM010;Sud-Ouest;CM010004;Manyu;CM010004003;Mamfe;Chinda;village
cameroun;CM010;Sud-Ouest;CM010004;Manyu;CM010004003;Mamfe;Adjeli;village
cameroun;CM010;Sud-Ouest;CM010004;Manyu;CM010004003;Mamfe;Bakumba;village
cameroun;CM010;Sud-Ouest;CM010004;Manyu;CM010004004;Upper Bayang;Bokwa;village
cameroun;CM010;Sud-Ouest;CM010004;Manyu;CM010004004;Upper Bayang;Kepelle;village
cameroun;CM010;Sud-Ouest;CM010004;Manyu;CM010004004;Upper Bayang;Tali II;village
cameroun;CM010;Sud-Ouest;CM010004;Manyu;CM010004004;Upper Bayang;Tali Chang;village
cameroun;CM010;Sud-Ouest;CM010004;Manyu;CM010004004;Upper Bayang;Tali I;village
cameroun;CM010;Sud-Ouest;CM010004;Manyu;CM010004004;Upper Bayang;Mpumba Tali;village
cameroun;CM010;Sud-Ouest;CM010004;Manyu;CM010004004;Upper Bayang;Fotabe;village
cameroun;CM010;Sud-Ouest;CM010004;Manyu;CM010004004;Upper Bayang;Tinto;village
cameroun;CM010;Sud-Ouest;CM010004;Manyu;CM010004003;Mamfe;Mbio;village
cameroun;CM010;Sud-Ouest;CM010004;Manyu;CM010004003;Mamfe;Mesing Bakebe;village
cameroun;CM010;Sud-Ouest;CM010004;Manyu;CM010004003;Mamfe;Bakebe II;village
cameroun;CM010;Sud-Ouest;CM010004;Manyu;CM010004003;Mamfe;Tinto Mbu;village
cameroun;CM010;Sud-Ouest;CM010004;Manyu;CM010004003;Mamfe;Bakebe;village
cameroun;CM010;Sud-Ouest;CM010004;Manyu;CM010004003;Mamfe;Bakebe I;village
cameroun;CM010;Sud-Ouest;CM010004;Manyu;CM010004003;Mamfe;Sumbe;village
cameroun;CM010;Sud-Ouest;CM010004;Manyu;CM010004003;Mamfe;Defang;village
cameroun;CM010;Sud-Ouest;CM010004;Manyu;CM010004003;Mamfe;Ashum;village
cameroun;CM010;Sud-Ouest;CM010004;Manyu;CM010004003;Mamfe;Fainchang;village
cameroun;CM010;Sud-Ouest;CM010004;Manyu;CM010004003;Mamfe;Mbinjong;village
cameroun;CM010;Sud-Ouest;CM010004;Manyu;CM010004003;Mamfe;Bachuo Akagbe;village
cameroun;CM010;Sud-Ouest;CM010004;Manyu;CM010004004;Upper Bayang;Yamo;village
cameroun;CM010;Sud-Ouest;CM010004;Manyu;CM010004004;Upper Bayang;Etuku;village
cameroun;CM010;Sud-Ouest;CM010004;Manyu;CM010004004;Upper Bayang;Etuku;village
cameroun;CM010;Sud-Ouest;CM010004;Manyu;CM010004003;Mamfe;Egbemoh;village
cameroun;CM010;Sud-Ouest;CM010004;Manyu;CM010004003;Mamfe;Egbemoh;village
cameroun;CM010;Sud-Ouest;CM010004;Manyu;CM010004004;Upper Bayang;Nchemba II;village
cameroun;CM010;Sud-Ouest;CM010004;Manyu;CM010004003;Mamfe;Tafu;village
cameroun;CM010;Sud-Ouest;CM010004;Manyu;CM010004003;Mamfe;Tafu;village
cameroun;CM010;Sud-Ouest;CM010004;Manyu;CM010004003;Mamfe;Eyang Ntui;village
cameroun;CM010;Sud-Ouest;CM010004;Manyu;CM010004001;Akwaya;Bombe;village
cameroun;CM010;Sud-Ouest;CM010004;Manyu;CM010004001;Akwaya;Mukoyong;village
cameroun;CM010;Sud-Ouest;CM010004;Manyu;CM010004003;Mamfe;Eshobi;village
cameroun;CM010;Sud-Ouest;CM010004;Manyu;CM010004003;Mamfe;Okoyong;village
cameroun;CM010;Sud-Ouest;CM010004;Manyu;CM010004003;Mamfe;Mamf;town
cameroun;CM010;Sud-Ouest;CM010004;Manyu;CM010004003;Mamfe;Bachuo Ntai;village
cameroun;CM010;Sud-Ouest;CM010004;Manyu;CM010004003;Mamfe;Obang;village
cameroun;CM010;Sud-Ouest;CM010004;Manyu;CM010004003;Mamfe;Talangaye;village
cameroun;CM010;Sud-Ouest;CM010004;Manyu;CM010004003;Mamfe;Ossing;village
cameroun;CM010;Sud-Ouest;CM010004;Manyu;CM010004003;Mamfe;Mfuni;village
cameroun;CM010;Sud-Ouest;CM010004;Manyu;CM010004003;Mamfe;Kembong;village
cameroun;CM010;Sud-Ouest;CM010004;Manyu;CM010004003;Mamfe;Kembong;village
cameroun;CM010;Sud-Ouest;CM010004;Manyu;CM010004003;Mamfe;Baro;village
cameroun;CM010;Sud-Ouest;CM010004;Manyu;CM010004003;Mamfe;Ewelle I;village
cameroun;CM010;Sud-Ouest;CM010004;Manyu;CM010004003;Mamfe;Ewelle II;village
cameroun;CM010;Sud-Ouest;CM010004;Manyu;CM010004003;Mamfe;Ogomoko;village
cameroun;CM010;Sud-Ouest;CM010004;Manyu;CM010004003;Mamfe;Afap;village
cameroun;CM010;Sud-Ouest;CM010004;Manyu;CM010004003;Mamfe;Nkpot;village
cameroun;CM010;Sud-Ouest;CM010004;Manyu;CM010004003;Mamfe;Mbatop;village
cameroun;CM010;Sud-Ouest;CM010004;Manyu;CM010004003;Mamfe;Eyang Nchang;village
cameroun;CM010;Sud-Ouest;CM010004;Manyu;CM010004003;Mamfe;Nchang;village
cameroun;CM010;Sud-Ouest;CM010004;Manyu;CM010004003;Mamfe;Ntenako;village
cameroun;CM010;Sud-Ouest;CM010004;Manyu;CM010004003;Mamfe;Besongabang;village
cameroun;CM010;Sud-Ouest;CM010004;Manyu;CM010004003;Mamfe;Besongabang;village
cameroun;CM010;Sud-Ouest;CM010004;Manyu;CM010004003;Mamfe;Mbakang;village
cameroun;CM010;Sud-Ouest;CM010004;Manyu;CM010004003;Mamfe;Ayukaba;village
cameroun;CM010;Sud-Ouest;CM010004;Manyu;CM010004003;Mamfe;Akwen;village
cameroun;CM010;Sud-Ouest;CM010004;Manyu;CM010004002;Eyumodjock;Eyumodjock;town
cameroun;CM010;Sud-Ouest;CM010004;Manyu;CM010004002;Eyumodjock;Ayaoke;village
cameroun;CM010;Sud-Ouest;CM010004;Manyu;CM010004002;Eyumodjock;Inokun;village
cameroun;CM010;Sud-Ouest;CM010004;Manyu;CM010004002;Eyumodjock;Inokum;village
cameroun;CM010;Sud-Ouest;CM010004;Manyu;CM010004002;Eyumodjock;Babong;village
cameroun;CM010;Sud-Ouest;CM010004;Manyu;CM010004002;Eyumodjock;Ekpor;village
cameroun;CM010;Sud-Ouest;CM010004;Manyu;CM010004003;Mamfe;Ajayuk Ndip;village
cameroun;CM010;Sud-Ouest;CM010004;Manyu;CM010004003;Mamfe;Echitako;village
cameroun;CM010;Sud-Ouest;CM010006;Ndian;CM010006009;Toko;Mwangale;village
cameroun;CM010;Sud-Ouest;CM010002;Kupe-Manenguba;CM010002002;Nguti;Sikam;village
cameroun;CM010;Sud-Ouest;CM010002;Kupe-Manenguba;CM010002002;Nguti;Baro;village
cameroun;CM010;Sud-Ouest;CM010004;Manyu;CM010004003;Mamfe;Abat;village
cameroun;CM010;Sud-Ouest;CM010004;Manyu;CM010004003;Mamfe;Mgbagati;village
cameroun;CM010;Sud-Ouest;CM010004;Manyu;CM010004003;Mamfe;Okoroba;village
cameroun;CM010;Sud-Ouest;CM010002;Kupe-Manenguba;CM010002002;Nguti;Osirayip;village
cameroun;CM010;Sud-Ouest;CM010004;Manyu;CM010004003;Mamfe;Bakogo;village
cameroun;CM010;Sud-Ouest;CM010004;Manyu;CM010004003;Mamfe;Big Akak II;village
cameroun;CM010;Sud-Ouest;CM010004;Manyu;CM010004003;Mamfe;Bayib-Asibong;village
cameroun;CM010;Sud-Ouest;CM010002;Kupe-Manenguba;CM010002002;Nguti;Nguti;village
cameroun;CM010;Sud-Ouest;CM010002;Kupe-Manenguba;CM010002002;Nguti;Mboka;village
cameroun;CM010;Sud-Ouest;CM010002;Kupe-Manenguba;CM010002002;Nguti;Ekenge;village
cameroun;CM010;Sud-Ouest;CM010002;Kupe-Manenguba;CM010002002;Nguti;betock village;village
cameroun;CM010;Sud-Ouest;CM010002;Kupe-Manenguba;CM010002002;Nguti;Manyemen;village
cameroun;CM010;Sud-Ouest;CM010002;Kupe-Manenguba;CM010002002;Nguti;Ebanga;village
cameroun;CM010;Sud-Ouest;CM010002;Kupe-Manenguba;CM010002002;Nguti;ofrikpabi old;village
cameroun;CM010;Sud-Ouest;CM010002;Kupe-Manenguba;CM010002002;Nguti;Ayong;village
cameroun;CM010;Sud-Ouest;CM010002;Kupe-Manenguba;CM010002002;Nguti;Sambaliba;village
cameroun;CM010;Sud-Ouest;CM010002;Kupe-Manenguba;CM010002002;Nguti;Babensi II;village
cameroun;CM010;Sud-Ouest;CM010002;Kupe-Manenguba;CM010002002;Nguti;Ekita;village
cameroun;CM010;Sud-Ouest;CM010002;Kupe-Manenguba;CM010002002;Nguti;Talangaye;village
cameroun;CM010;Sud-Ouest;CM010002;Kupe-Manenguba;CM010002002;Nguti;Wone;village
cameroun;CM010;Sud-Ouest;CM010005;Meme;CM010005001;Konye;Kokobouma;village
cameroun;CM010;Sud-Ouest;CM010005;Meme;CM010005001;Konye;Wone;village
cameroun;CM010;Sud-Ouest;CM010005;Meme;CM010005001;Konye;Bakundo Wone;village
cameroun;CM010;Sud-Ouest;CM010005;Meme;CM010005001;Konye;Kumbe;village
cameroun;CM010;Sud-Ouest;CM010005;Meme;CM010005001;Konye;Mbakwa Supe;village
cameroun;CM010;Sud-Ouest;CM010005;Meme;CM010005001;Konye;Kombone Bataw;village
cameroun;CM010;Sud-Ouest;CM010005;Meme;CM010005001;Konye;Dubange;village
cameroun;CM010;Sud-Ouest;CM010005;Meme;CM010005001;Konye;Ndikolo;village
cameroun;CM010;Sud-Ouest;CM010005;Meme;CM010005001;Konye;New Difenda;village
cameroun;CM010;Sud-Ouest;CM010005;Meme;CM010005001;Konye;Luhangi;village
cameroun;CM010;Sud-Ouest;CM010005;Meme;CM010005001;Konye;Ifanga Ya Onya;village
cameroun;CM010;Sud-Ouest;CM010005;Meme;CM010005001;Konye;Mbu;village
cameroun;CM010;Sud-Ouest;CM010005;Meme;CM010005001;Konye;Ebmi II;village
cameroun;CM010;Sud-Ouest;CM010006;Ndian;CM010006009;Toko;Moisanja;village
cameroun;CM010;Sud-Ouest;CM010006;Ndian;CM010006009;Toko;Dikome-Ngolo;village
cameroun;CM010;Sud-Ouest;CM010006;Ndian;CM010006009;Toko;New Madie;village
cameroun;CM010;Sud-Ouest;CM010006;Ndian;CM010006009;Toko;Madie;village
cameroun;CM010;Sud-Ouest;CM010005;Meme;CM010005001;Konye;Itoki;village
cameroun;CM010;Sud-Ouest;CM010005;Meme;CM010005001;Konye;Ebemi Bakundu;village
cameroun;CM010;Sud-Ouest;CM010005;Meme;CM010005001;Konye;Old Ifanga;village
cameroun;CM010;Sud-Ouest;CM010006;Ndian;CM010006002;Dikome Balue;Mofako;village
cameroun;CM010;Sud-Ouest;CM010006;Ndian;CM010006002;Dikome Balue;Dikome Balue;village
cameroun;CM010;Sud-Ouest;CM010006;Ndian;CM010006002;Dikome Balue;Ebobe;village
cameroun;CM010;Sud-Ouest;CM010006;Ndian;CM010006002;Dikome Balue;Betenge;village
cameroun;CM010;Sud-Ouest;CM010006;Ndian;CM010006002;Dikome Balue;Mekoma;village
cameroun;CM010;Sud-Ouest;CM010006;Ndian;CM010006002;Dikome Balue;Bonji;village
cameroun;CM010;Sud-Ouest;CM010006;Ndian;CM010006002;Dikome Balue;Dikome-Balue;village
cameroun;CM010;Sud-Ouest;CM010006;Ndian;CM010006002;Dikome Balue;Weme;village
cameroun;CM010;Sud-Ouest;CM010006;Ndian;CM010006002;Dikome Balue;Bona;village
cameroun;CM010;Sud-Ouest;CM010005;Meme;CM010005001;Konye;Big Ngwandi;village
cameroun;CM010;Sud-Ouest;CM010005;Meme;CM010005001;Konye;Ndonone;village
cameroun;CM010;Sud-Ouest;CM010005;Meme;CM010005001;Konye;Small Massaka;village
cameroun;CM010;Sud-Ouest;CM010005;Meme;CM010005001;Konye;Bakumba;village
cameroun;CM010;Sud-Ouest;CM010005;Meme;CM010005001;Konye;Butu;village
cameroun;CM010;Sud-Ouest;CM010005;Meme;CM010005001;Konye;Lipenja;village
cameroun;CM010;Sud-Ouest;CM010005;Meme;CM010005001;Konye;Ifanga Nalende;village
cameroun;CM010;Sud-Ouest;CM010005;Meme;CM010005001;Konye;Bekoli;village
cameroun;CM010;Sud-Ouest;CM010005;Meme;CM010005001;Konye;Matondo II;village
cameroun;CM010;Sud-Ouest;CM010005;Meme;CM010005001;Konye;Ediki Mbonge;village
cameroun;CM010;Sud-Ouest;CM010005;Meme;CM010005001;Konye;Mbonge Mateke I;village
cameroun;CM010;Sud-Ouest;CM010005;Meme;CM010005001;Konye;Makobe;village
cameroun;CM010;Sud-Ouest;CM010005;Meme;CM010005001;Konye;Mator Butu;village
cameroun;CM010;Sud-Ouest;CM010005;Meme;CM010005003;Kumba 2nd;Mbonge - Meteke II;village
cameroun;CM010;Sud-Ouest;CM010005;Meme;CM010005003;Kumba 2nd;Matoh;village
cameroun;CM010;Sud-Ouest;CM010005;Meme;CM010005001;Konye;New Butu;village
cameroun;CM010;Sud-Ouest;CM010005;Meme;CM010005001;Konye;Big Bekondo;village
cameroun;CM010;Sud-Ouest;CM010005;Meme;CM010005001;Konye;Three Corners Bekondo;village
cameroun;CM010;Sud-Ouest;CM010005;Meme;CM010005002;Kumba 1st;Ekombe;village
cameroun;CM010;Sud-Ouest;CM010005;Meme;CM010005002;Kumba 1st;Kombone Mission;village
cameroun;CM010;Sud-Ouest;CM010005;Meme;CM010005002;Kumba 1st;Boa;village
cameroun;CM010;Sud-Ouest;CM010005;Meme;CM010005002;Kumba 1st;Mofako;village
cameroun;CM010;Sud-Ouest;CM010005;Meme;CM010005002;Kumba 1st;Kombone;village
cameroun;CM010;Sud-Ouest;CM010005;Meme;CM010005002;Kumba 1st;Marumba II;village
cameroun;CM010;Sud-Ouest;CM010005;Meme;CM010005002;Kumba 1st;Marumba I;village
cameroun;CM010;Sud-Ouest;CM010005;Meme;CM010005002;Kumba 1st;Ekombe Bonji;village
cameroun;CM010;Sud-Ouest;CM010005;Meme;CM010005002;Kumba 1st;Small Ekombe;village
cameroun;CM010;Sud-Ouest;CM010005;Meme;CM010005002;Kumba 1st;Kake;village
cameroun;CM010;Sud-Ouest;CM010005;Meme;CM010005004;Kumba 3rd;Bopo;village
cameroun;CM010;Sud-Ouest;CM010001;Fako;CM010001005;Muyuka;Likoko;village
cameroun;CM010;Sud-Ouest;CM010005;Meme;CM010005002;Kumba 1st;Pete;village
cameroun;CM010;Sud-Ouest;CM010005;Meme;CM010005002;Kumba 1st;Bai Bikom;village
cameroun;CM010;Sud-Ouest;CM010005;Meme;CM010005002;Kumba 1st;Bai Panya;village
cameroun;CM010;Sud-Ouest;CM010005;Meme;CM010005002;Kumba 1st;Bai Manya;village
cameroun;CM010;Sud-Ouest;CM010005;Meme;CM010005002;Kumba 1st;Bole;village
cameroun;CM010;Sud-Ouest;CM010005;Meme;CM010005002;Kumba 1st;Kuke Bova;village
cameroun;CM010;Sud-Ouest;CM010005;Meme;CM010005002;Kumba 1st;Bai Longe;village
cameroun;CM010;Sud-Ouest;CM010005;Meme;CM010005002;Kumba 1st;New Town Barombi;village
cameroun;CM010;Sud-Ouest;CM010001;Fako;CM010001005;Muyuka;Lilale;village
cameroun;CM010;Sud-Ouest;CM010001;Fako;CM010001005;Muyuka;Munyenge;village
cameroun;CM010;Sud-Ouest;CM010005;Meme;CM010005002;Kumba 1st;Barombi;village
cameroun;CM010;Sud-Ouest;CM010005;Meme;CM010005005;Mbonge;Kuke;village
cameroun;CM010;Sud-Ouest;CM010005;Meme;CM010005005;Mbonge;Bai Grass;village
cameroun;CM010;Sud-Ouest;CM010005;Meme;CM010005005;Mbonge;Bai Foe;village
cameroun;CM010;Sud-Ouest;CM010005;Meme;CM010005005;Mbonge;Bakundu Foe;village
cameroun;CM010;Sud-Ouest;CM010005;Meme;CM010005002;Kumba 1st;Ngongo;village
cameroun;CM010;Sud-Ouest;CM010005;Meme;CM010005005;Mbonge;Metoko Ma Bekondo;village
cameroun;CM010;Sud-Ouest;CM010005;Meme;CM010005005;Mbonge;Dienyi;village
cameroun;CM010;Sud-Ouest;CM010005;Meme;CM010005002;Kumba 1st;Nake Bongwana;village
cameroun;CM010;Sud-Ouest;CM010005;Meme;CM010005002;Kumba 1st;Kombone;village
cameroun;CM010;Sud-Ouest;CM010005;Meme;CM010005002;Kumba 1st;Boa;village
cameroun;CM010;Sud-Ouest;CM010005;Meme;CM010005002;Kumba 1st;Bombele;village
cameroun;CM010;Sud-Ouest;CM010005;Meme;CM010005001;Konye;Mbonbada;village
cameroun;CM010;Sud-Ouest;CM010005;Meme;CM010005005;Mbonge;Kumukumu;village
cameroun;CM010;Sud-Ouest;CM010005;Meme;CM010005001;Konye;Bombele;village
cameroun;CM010;Sud-Ouest;CM010005;Meme;CM010005001;Konye;Massaka I;village
cameroun;CM010;Sud-Ouest;CM010005;Meme;CM010005001;Konye;Dikome Balue;village
cameroun;CM010;Sud-Ouest;CM010005;Meme;CM010005001;Konye;Bikoki;village
cameroun;CM010;Sud-Ouest;CM010005;Meme;CM010005001;Konye;Small Ngwandi;village
cameroun;CM010;Sud-Ouest;CM010005;Meme;CM010005001;Konye;Small Ngwandi;village
cameroun;CM010;Sud-Ouest;CM010006;Ndian;CM010006003;Ekondo Titi;Kumbe Balue;village
cameroun;CM010;Sud-Ouest;CM010006;Ndian;CM010006002;Dikome Balue;Mukoro;village
cameroun;CM010;Sud-Ouest;CM010006;Ndian;CM010006002;Dikome Balue;Bafaka;village
cameroun;CM010;Sud-Ouest;CM010006;Ndian;CM010006003;Ekondo Titi;Ekwe;village
cameroun;CM010;Sud-Ouest;CM010006;Ndian;CM010006003;Ekondo Titi;Ngolo Metuko;village
cameroun;CM010;Sud-Ouest;CM010006;Ndian;CM010006003;Ekondo Titi;Bekatako;village
cameroun;CM010;Sud-Ouest;CM010006;Ndian;CM010006003;Ekondo Titi;Lipenja Village;village
cameroun;CM010;Sud-Ouest;CM010006;Ndian;CM010006003;Ekondo Titi;Lobe Estate;village
cameroun;CM010;Sud-Ouest;CM010006;Ndian;CM010006003;Ekondo Titi;Bekora;village
cameroun;CM010;Sud-Ouest;CM010006;Ndian;CM010006003;Ekondo Titi;Bogongo;village
cameroun;CM010;Sud-Ouest;CM010005;Meme;CM010005005;Mbonge;Nganjo;village
cameroun;CM010;Sud-Ouest;CM010006;Ndian;CM010006003;Ekondo Titi;Mokona;village
cameroun;CM010;Sud-Ouest;CM010005;Meme;CM010005005;Mbonge;Nganjo Bolende;village
cameroun;CM010;Sud-Ouest;CM010005;Meme;CM010005005;Mbonge;Bomboko;village
cameroun;CM010;Sud-Ouest;CM010005;Meme;CM010005005;Mbonge;Bai Estate;village
cameroun;CM010;Sud-Ouest;CM010005;Meme;CM010005005;Mbonge;Ekombe Water Fall;village
cameroun;CM010;Sud-Ouest;CM010005;Meme;CM010005005;Mbonge;Ebie;village
cameroun;CM010;Sud-Ouest;CM010005;Meme;CM010005005;Mbonge;Mundengo;village
cameroun;CM010;Sud-Ouest;CM010005;Meme;CM010005005;Mbonge;Mundongo;village
cameroun;CM010;Sud-Ouest;CM010005;Meme;CM010005005;Mbonge;Munyange;village
cameroun;CM010;Sud-Ouest;CM010005;Meme;CM010005005;Mbonge;Bambuko;village
cameroun;CM010;Sud-Ouest;CM010005;Meme;CM010005005;Mbonge;Mweli;village
cameroun;CM010;Sud-Ouest;CM010005;Meme;CM010005005;Mbonge;Lissombe;village
cameroun;CM010;Sud-Ouest;CM010006;Ndian;CM010006001;Bamusso;Mokoko;village
cameroun;CM010;Sud-Ouest;CM010006;Ndian;CM010006001;Bamusso;Ekumbe Mofako;village
cameroun;CM010;Sud-Ouest;CM010006;Ndian;CM010006001;Bamusso;Ekombe Liongo;village
cameroun;CM010;Sud-Ouest;CM010006;Ndian;CM010006001;Bamusso;Barombi Mokoko;village
cameroun;CM010;Sud-Ouest;CM010006;Ndian;CM010006001;Bamusso;Mokoko;village
cameroun;CM010;Sud-Ouest;CM010006;Ndian;CM010006001;Bamusso;CDC Camp;village
cameroun;CM010;Sud-Ouest;CM010006;Ndian;CM010006001;Bamusso;Dikome;village
cameroun;CM010;Sud-Ouest;CM010006;Ndian;CM010006001;Bamusso;Iloani;village
cameroun;CM010;Sud-Ouest;CM010006;Ndian;CM010006001;Bamusso;Mbongo;village
cameroun;CM010;Sud-Ouest;CM010006;Ndian;CM010006001;Bamusso;Boa;village
cameroun;CM010;Sud-Ouest;CM010006;Ndian;CM010006001;Bamusso;Liongo;village
cameroun;CM010;Sud-Ouest;CM010006;Ndian;CM010006001;Bamusso;Matutu;village
cameroun;CM010;Sud-Ouest;CM010006;Ndian;CM010006001;Bamusso;Iloani;village
cameroun;CM010;Sud-Ouest;CM010006;Ndian;CM010006003;Ekondo Titi;Kita;village
cameroun;CM010;Sud-Ouest;CM010006;Ndian;CM010006001;Bamusso;Matutu;village
cameroun;CM010;Sud-Ouest;CM010006;Ndian;CM010006003;Ekondo Titi;Kumbe Belondo;village
cameroun;CM010;Sud-Ouest;CM010006;Ndian;CM010006003;Ekondo Titi;Ekondo-Titi;town
cameroun;CM010;Sud-Ouest;CM010006;Ndian;CM010006003;Ekondo Titi;Masore;village
cameroun;CM010;Sud-Ouest;CM010006;Ndian;CM010006003;Ekondo Titi;Kita;village
cameroun;CM010;Sud-Ouest;CM010006;Ndian;CM010006003;Ekondo Titi;Ekondo Nene;village
cameroun;CM010;Sud-Ouest;CM010006;Ndian;CM010006003;Ekondo Titi;Loe;village
cameroun;CM010;Sud-Ouest;CM010006;Ndian;CM010006003;Ekondo Titi;Funge;village
cameroun;CM010;Sud-Ouest;CM010006;Ndian;CM010006008;Mundemba;Mabalebele;village
cameroun;CM010;Sud-Ouest;CM010006;Ndian;CM010006008;Mundemba;Mosongosele Ngolo;village
cameroun;CM010;Sud-Ouest;CM010006;Ndian;CM010006008;Mundemba;Boa Ngolo;village
cameroun;CM010;Sud-Ouest;CM010006;Ndian;CM010006008;Mundemba;Itoki;village
cameroun;CM010;Sud-Ouest;CM010006;Ndian;CM010006008;Mundemba;Bareka;village
cameroun;CM010;Sud-Ouest;CM010006;Ndian;CM010006008;Mundemba;Besingi;village
cameroun;CM010;Sud-Ouest;CM010006;Ndian;CM010006008;Mundemba;Meka;village
cameroun;CM010;Sud-Ouest;CM010006;Ndian;CM010006008;Mundemba;Beoko;village
cameroun;CM010;Sud-Ouest;CM010006;Ndian;CM010006002;Dikome Balue;Monyange;village
cameroun;CM010;Sud-Ouest;CM010006;Ndian;CM010006002;Dikome Balue;Bissoro;village
cameroun;CM010;Sud-Ouest;CM010006;Ndian;CM010006008;Mundemba;Mbange;village
cameroun;CM010;Sud-Ouest;CM010006;Ndian;CM010006008;Mundemba;Boa Yenge;village
cameroun;CM010;Sud-Ouest;CM010006;Ndian;CM010006008;Mundemba;Meta;village
cameroun;CM010;Sud-Ouest;CM010006;Ndian;CM010006002;Dikome Balue;Bossunga;village
cameroun;CM010;Sud-Ouest;CM010006;Ndian;CM010006008;Mundemba;Bweme;village
cameroun;CM010;Sud-Ouest;CM010006;Ndian;CM010006008;Mundemba;Motindi;village
cameroun;CM010;Sud-Ouest;CM010006;Ndian;CM010006008;Mundemba;Dikuma;village
cameroun;CM010;Sud-Ouest;CM010006;Ndian;CM010006008;Mundemba;Beokoma;village
cameroun;CM010;Sud-Ouest;CM010006;Ndian;CM010006008;Mundemba;Lipenja Mukete;village
cameroun;CM010;Sud-Ouest;CM010006;Ndian;CM010006009;Toko;Iyombo;village
cameroun;CM010;Sud-Ouest;CM010006;Ndian;CM010006009;Toko;Meangwe;village
cameroun;CM010;Sud-Ouest;CM010006;Ndian;CM010006009;Toko;Toko;town
cameroun;CM010;Sud-Ouest;CM010006;Ndian;CM010006009;Toko;Ikoi;village
cameroun;CM010;Sud-Ouest;CM010006;Ndian;CM010006009;Toko;Kilikile;village
cameroun;CM010;Sud-Ouest;CM010006;Ndian;CM010006009;Toko;Dibonda II;village
cameroun;CM010;Sud-Ouest;CM010006;Ndian;CM010006009;Toko;Lipenja;village
cameroun;CM010;Sud-Ouest;CM010006;Ndian;CM010006009;Toko;Mobinge;village
cameroun;CM010;Sud-Ouest;CM010006;Ndian;CM010006009;Toko;Miangwe II;village
cameroun;CM010;Sud-Ouest;CM010006;Ndian;CM010006008;Mundemba;Manja;village
cameroun;CM010;Sud-Ouest;CM010006;Ndian;CM010006008;Mundemba;Mundemba;town
cameroun;CM010;Sud-Ouest;CM010006;Ndian;CM010006008;Mundemba;Bulu Camp;village
cameroun;CM010;Sud-Ouest;CM010006;Ndian;CM010006008;Mundemba;Weke;village
cameroun;CM010;Sud-Ouest;CM010006;Ndian;CM010006008;Mundemba;Mosongosele;village
cameroun;CM010;Sud-Ouest;CM010006;Ndian;CM010006005;Isangele;Isangele;village
cameroun;CM010;Sud-Ouest;CM010006;Ndian;CM010006008;Mundemba;Ikassa;village
cameroun;CM010;Sud-Ouest;CM010006;Ndian;CM010006008;Mundemba;Bekoko;village
cameroun;CM010;Sud-Ouest;CM010006;Ndian;CM010006008;Mundemba;Ekumbako;village
cameroun;CM010;Sud-Ouest;CM010006;Ndian;CM010006008;Mundemba;Moko;village
cameroun;CM010;Sud-Ouest;CM010006;Ndian;CM010006003;Ekondo Titi;Illor Balondo;village
cameroun;CM010;Sud-Ouest;CM010006;Ndian;CM010006007;Kombo Itindi;Akwa Abatin;village
cameroun;CM010;Sud-Ouest;CM010006;Ndian;CM010006007;Kombo Itindi;Kombo Abosukudu;village
cameroun;CM010;Sud-Ouest;CM010006;Ndian;CM010006001;Bamusso;Blask Bush;village
cameroun;CM010;Sud-Ouest;CM010006;Ndian;CM010006001;Bamusso;Ine Ekpai;village
cameroun;CM010;Sud-Ouest;CM010006;Ndian;CM010006001;Bamusso;Mokara Tanda;village
cameroun;CM010;Sud-Ouest;CM010006;Ndian;CM010006001;Bamusso;Kombo Mokoko;village
cameroun;CM010;Sud-Ouest;CM010006;Ndian;CM010006001;Bamusso;Bamusso;village
cameroun;CM010;Sud-Ouest;CM010006;Ndian;CM010006001;Bamusso;Inodo;village
cameroun;CM010;Sud-Ouest;CM010006;Ndian;CM010006001;Bamusso;Bekumu;village
cameroun;CM010;Sud-Ouest;CM010006;Ndian;CM010006007;Kombo Itindi;Mandonde;village
cameroun;CM010;Sud-Ouest;CM010006;Ndian;CM010006007;Kombo Itindi;Kombo Adibo II;village
cameroun;CM010;Sud-Ouest;CM010006;Ndian;CM010006004;Idabato;Mbonjo;village
cameroun;CM010;Sud-Ouest;CM010006;Ndian;CM010006004;Idabato;Mbonjo;village
cameroun;CM010;Sud-Ouest;CM010006;Ndian;CM010006004;Idabato;Forisane I;village
cameroun;CM010;Sud-Ouest;CM010006;Ndian;CM010006006;Kombo Abedimo;Nanja;village
cameroun;CM010;Sud-Ouest;CM010006;Ndian;CM010006007;Kombo Itindi;Diombe;village
cameroun;CM010;Sud-Ouest;CM010006;Ndian;CM010006007;Kombo Itindi;Kombo Etindi;village
cameroun;CM010;Sud-Ouest;CM010006;Ndian;CM010006007;Kombo Itindi;Tikoro;village
cameroun;CM010;Sud-Ouest;CM010006;Ndian;CM010006006;Kombo Abedimo;Ekom Nchit;village
cameroun;CM010;Sud-Ouest;CM010006;Ndian;CM010006005;Isangele;Big Ekom;village
cameroun;CM010;Sud-Ouest;CM010006;Ndian;CM010006005;Isangele;Ifunia;village
cameroun;CM010;Sud-Ouest;CM010006;Ndian;CM010006005;Isangele;Kilina;village
cameroun;CM010;Sud-Ouest;CM010006;Ndian;CM010006005;Isangele;Tibobili;village
cameroun;CM010;Sud-Ouest;CM010006;Ndian;CM010006006;Kombo Abedimo;Kombo-Abedimo;village
cameroun;CM010;Sud-Ouest;CM010006;Ndian;CM010006006;Kombo Abedimo;Uzama;village
cameroun;CM010;Sud-Ouest;CM010006;Ndian;CM010006006;Kombo Abedimo;Kombo a Janea;village
cameroun;CM010;Sud-Ouest;CM010006;Ndian;CM010006006;Kombo Abedimo;Atakpara;village
cameroun;CM010;Sud-Ouest;CM010006;Ndian;CM010006006;Kombo Abedimo;Komba a Miyangadu;village
cameroun;CM010;Sud-Ouest;CM010006;Ndian;CM010006004;Idabato;Nawumse Wan;village
cameroun;CM010;Sud-Ouest;CM010006;Ndian;CM010006004;Idabato;Kombo a Munja;village
cameroun;CM010;Sud-Ouest;CM010006;Ndian;CM010006004;Idabato;Kombo a Munja;village
cameroun;CM010;Sud-Ouest;CM010006;Ndian;CM010006004;Idabato;Kombo a Wase;village
cameroun;CM010;Sud-Ouest;CM010006;Ndian;CM010006004;Idabato;Jabane I;village
cameroun;CM010;Sud-Ouest;CM010006;Ndian;CM010006004;Idabato;Idabato;village
cameroun;CM010;Sud-Ouest;CM010006;Ndian;CM010006005;Isangele;Archibong;village
cameroun;CM010;Sud-Ouest;CM010006;Ndian;CM010006005;Isangele;Mbenmong;village
cameroun;CM010;Sud-Ouest;CM010004;Manyu;CM010004002;Eyumodjock;Okuri;village
cameroun;CM010;Sud-Ouest;CM010004;Manyu;CM010004002;Eyumodjock;Otu;village
cameroun;CM010;Sud-Ouest;CM010004;Manyu;CM010004002;Eyumodjock;Ekok;village
cameroun;CM010;Sud-Ouest;CM010004;Manyu;CM010004002;Eyumodjock;Ekukata;village
cameroun;CM010;Sud-Ouest;CM010004;Manyu;CM010004002;Eyumodjock;Nsanaragati;village
cameroun;CM010;Sud-Ouest;CM010004;Manyu;CM010004002;Eyumodjock;Nsanakang;village
cameroun;CM010;Sud-Ouest;CM010004;Manyu;CM010004001;Akwaya;Dadi;village
cameroun;CM010;Sud-Ouest;CM010004;Manyu;CM010004001;Akwaya;Agborkem;village
cameroun;CM010;Sud-Ouest;CM010004;Manyu;CM010004003;Mamfe;Abonado;village
cameroun;CM010;Sud-Ouest;CM010004;Manyu;CM010004001;Akwaya;Obang;village
cameroun;CM010;Sud-Ouest;CM010004;Manyu;CM010004001;Akwaya;Mbakem;village
cameroun;CM010;Sud-Ouest;CM010004;Manyu;CM010004001;Akwaya;Ebinsi;village
cameroun;CM010;Sud-Ouest;CM010004;Manyu;CM010004001;Akwaya;Kajifu I et II;village
cameroun;CM010;Sud-Ouest;CM010004;Manyu;CM010004001;Akwaya;Kekukesem I;village
cameroun;CM010;Sud-Ouest;CM010004;Manyu;CM010004001;Akwaya;Takamanda;village
cameroun;CM010;Sud-Ouest;CM010004;Manyu;CM010004001;Akwaya;Bache;village
cameroun;CM010;Sud-Ouest;CM010004;Manyu;CM010004001;Akwaya;Kesham;village
cameroun;CM010;Sud-Ouest;CM010004;Manyu;CM010004001;Akwaya;Nyang;village
cameroun;CM010;Sud-Ouest;CM010004;Manyu;CM010004001;Akwaya;Takpe;village
cameroun;CM010;Sud-Ouest;CM010004;Manyu;CM010004001;Akwaya;Ongo;village
cameroun;CM010;Sud-Ouest;CM010004;Manyu;CM010004001;Akwaya;Mbiamesu;village
cameroun;CM010;Sud-Ouest;CM010004;Manyu;CM010004001;Akwaya;Assam;village
cameroun;CM010;Sud-Ouest;CM010004;Manyu;CM010004001;Akwaya;Obonyi III;village
cameroun;CM010;Sud-Ouest;CM010004;Manyu;CM010004001;Akwaya;Obonyi I;village
cameroun;CM010;Sud-Ouest;CM010004;Manyu;CM010004001;Akwaya;Matene;village
cameroun;CM010;Sud-Ouest;CM010004;Manyu;CM010004001;Akwaya;Kalumo;village
cameroun;CM006;Nord;CM006002;Faro;CM006002001;Beka;Laro;village
cameroun;CM006;Nord;CM006002;Faro;CM006002001;Beka;Denou;village
cameroun;CM001;Adamaoua;CM001002;Faro-et-Do;CM001002002;Kontcha;Kontcha;town
cameroun;CM001;Adamaoua;CM001002;Faro-et-Do;CM001002003;Mayo-Baleo;Bekti;village
cameroun;CM001;Adamaoua;CM001002;Faro-et-Do;CM001002003;Mayo-Baleo;Djallo;village
cameroun;CM001;Adamaoua;CM001002;Faro-et-Do;CM001002003;Mayo-Baleo;Dodo;village
cameroun;CM001;Adamaoua;CM001002;Faro-et-Do;CM001002003;Mayo-Baleo;Mayo-Balo;town
cameroun;CM001;Adamaoua;CM001002;Faro-et-Do;CM001002004;Tignere;Woulde;village
cameroun;CM001;Adamaoua;CM001002;Faro-et-Do;CM001002004;Tignere;Libong;village
cameroun;CM001;Adamaoua;CM001005;Vina;CM001005002;Martap;Djaouro-Ndekaou;village
cameroun;CM006;Nord;CM006002;Faro;CM006002002;Poli;Mana;village
cameroun;CM006;Nord;CM006002;Faro;CM006002001;Beka;Komboro;village
cameroun;CM006;Nord;CM006002;Faro;CM006002001;Beka;Nguede;village
cameroun;CM006;Nord;CM006002;Faro;CM006002001;Beka;Tchamba;village
cameroun;CM006;Nord;CM006002;Faro;CM006002002;Poli;Kourtesse;village
cameroun;CM006;Nord;CM006002;Faro;CM006002002;Poli;Tatesse;village
cameroun;CM006;Nord;CM006002;Faro;CM006002002;Poli;Travaux;village
cameroun;CM006;Nord;CM006002;Faro;CM006002002;Poli;Mayo_lampte;village
cameroun;CM006;Nord;CM006002;Faro;CM006002002;Poli;Boki;village
cameroun;CM006;Nord;CM006002;Faro;CM006002002;Poli;Tapare_sud;village
cameroun;CM006;Nord;CM006002;Faro;CM006002002;Poli;Tapare_3;village
cameroun;CM006;Nord;CM006002;Faro;CM006002002;Poli;Tapare Nord;village
cameroun;CM006;Nord;CM006002;Faro;CM006002002;Poli;Pakse;village
cameroun;CM006;Nord;CM006002;Faro;CM006002002;Poli;Pakse;village
cameroun;CM006;Nord;CM006002;Faro;CM006002001;Beka;Pomla;village
cameroun;CM006;Nord;CM006002;Faro;CM006002002;Poli;Farkomo;village
cameroun;CM006;Nord;CM006002;Faro;CM006002002;Poli;Tekna;village
cameroun;CM006;Nord;CM006002;Faro;CM006002002;Poli;Warte;village
cameroun;CM002;Centre;CM002005;Mefou-et-Afamba;CM002005008;Soa;Mbansan;village
cameroun;CM002;Centre;CM002005;Mefou-et-Afamba;CM002005008;Soa;Akak;village
cameroun;CM002;Centre;CM002005;Mefou-et-Afamba;CM002005008;Soa;Ntouessong IV;village
cameroun;CM002;Centre;CM002005;Mefou-et-Afamba;CM002005008;Soa;Ntouessong VII;village
cameroun;CM002;Centre;CM002005;Mefou-et-Afamba;CM002005008;Soa;Ntouessong VI;village
cameroun;CM002;Centre;CM002005;Mefou-et-Afamba;CM002005003;Awae;Mamebelenga;village
cameroun;CM002;Centre;CM002005;Mefou-et-Afamba;CM002005008;Soa;Ebemebang;village
cameroun;CM002;Centre;CM002005;Mefou-et-Afamba;CM002005008;Soa;Soa;town
cameroun;CM002;Centre;CM002005;Mefou-et-Afamba;CM002005008;Soa;Ebogo I;village
cameroun;CM002;Centre;CM002005;Mefou-et-Afamba;CM002005008;Soa;Nkolfoulou I;village
cameroun;CM002;Centre;CM002007;Mfoundi;CM002007001;Yaounde 1er;Olemb II;village
cameroun;CM002;Centre;CM002005;Mefou-et-Afamba;CM002005008;Soa;Akak;village
cameroun;CM002;Centre;CM002005;Mefou-et-Afamba;CM002005008;Soa;Meyos;village
cameroun;CM002;Centre;CM002002;Leki;CM002002007;Obala;Nkometou II;village
cameroun;CM002;Centre;CM002002;Leki;CM002002007;Obala;Mfomakak;village
cameroun;CM002;Centre;CM002005;Mefou-et-Afamba;CM002005008;Soa;Ebang II;village
cameroun;CM002;Centre;CM002005;Mefou-et-Afamba;CM002005008;Soa;Ngali;village
cameroun;CM002;Centre;CM002005;Mefou-et-Afamba;CM002005008;Soa;Ebogo II;village
cameroun;CM002;Centre;CM002005;Mefou-et-Afamba;CM002005008;Soa;Ebanga;village
cameroun;CM002;Centre;CM002002;Leki;CM002002007;Obala;Nkolfoulou III;village
cameroun;CM002;Centre;CM002002;Leki;CM002002007;Obala;Nkometou III;village
cameroun;CM002;Centre;CM002005;Mefou-et-Afamba;CM002005008;Soa;Nkometou I;village
cameroun;CM002;Centre;CM002002;Leki;CM002002007;Obala;Nkoloua;village
cameroun;CM002;Centre;CM002002;Leki;CM002002007;Obala;Mekas;village
cameroun;CM002;Centre;CM002002;Leki;CM002002007;Obala;Elig Bessola;village
cameroun;CM002;Centre;CM002002;Leki;CM002002007;Obala;Minkama I;village
cameroun;CM002;Centre;CM002002;Leki;CM002002007;Obala;Nkolbot;village
cameroun;CM002;Centre;CM002002;Leki;CM002002007;Obala;Minkama II;village
cameroun;CM002;Centre;CM002002;Leki;CM002002007;Obala;Village pionier;village
cameroun;CM002;Centre;CM002005;Mefou-et-Afamba;CM002005008;Soa;Essong Mintsang;village
cameroun;CM002;Centre;CM002005;Mefou-et-Afamba;CM002005004;Edzendouan;Oboa;village
cameroun;CM002;Centre;CM002005;Mefou-et-Afamba;CM002005004;Edzendouan;Afan Essl;village
cameroun;CM002;Centre;CM002005;Mefou-et-Afamba;CM002005004;Edzendouan;Ndzana;village
cameroun;CM002;Centre;CM002005;Mefou-et-Afamba;CM002005008;Soa;Koulou;village
cameroun;CM002;Centre;CM002005;Mefou-et-Afamba;CM002005008;Soa;Abondo;village
cameroun;CM002;Centre;CM002005;Mefou-et-Afamba;CM002005008;Soa;Ngoungoumou;village
cameroun;CM002;Centre;CM002005;Mefou-et-Afamba;CM002005004;Edzendouan;Mvomdoumba;village
cameroun;CM002;Centre;CM002002;Leki;CM002002001;Batchenga;Nkopala;village
cameroun;CM002;Centre;CM002005;Mefou-et-Afamba;CM002005004;Edzendouan;Akondok;village
cameroun;CM002;Centre;CM002005;Mefou-et-Afamba;CM002005004;Edzendouan;Edzendouan;town
cameroun;CM002;Centre;CM002005;Mefou-et-Afamba;CM002005004;Edzendouan;Ngomban;village
cameroun;CM002;Centre;CM002001;Haute-Sanaga;CM002001003;Mbandjock;Nkoayos;village
cameroun;CM002;Centre;CM002002;Leki;CM002002001;Batchenga;Ndzi;village
cameroun;CM002;Centre;CM002004;Mbam-et-Kim;CM002004004;Ntui;Nachtigal;village
cameroun;CM002;Centre;CM002002;Leki;CM002002001;Batchenga;Natchigal;village
cameroun;CM002;Centre;CM002002;Leki;CM002002001;Batchenga;Otibili;village
cameroun;CM002;Centre;CM002002;Leki;CM002002001;Batchenga;Mebassa;village
cameroun;CM002;Centre;CM002002;Leki;CM002002009;Saa;Biyaga;village
cameroun;CM002;Centre;CM002002;Leki;CM002002001;Batchenga;Emana Batchenga;village
cameroun;CM002;Centre;CM002002;Leki;CM002002001;Batchenga;Ballong I;village
cameroun;CM002;Centre;CM002002;Leki;CM002002001;Batchenga;Olemb;village
cameroun;CM002;Centre;CM002002;Leki;CM002002001;Batchenga;Batchenga;town
cameroun;CM002;Centre;CM002002;Leki;CM002002001;Batchenga;Ballong II;village
cameroun;CM002;Centre;CM002002;Leki;CM002002001;Batchenga;Nkokpwali;village
cameroun;CM002;Centre;CM002002;Leki;CM002002001;Batchenga;Elon;village
cameroun;CM002;Centre;CM002002;Leki;CM002002001;Batchenga;Nalassi;village
cameroun;CM002;Centre;CM002002;Leki;CM002002001;Batchenga;Pamnassi;village
cameroun;CM002;Centre;CM002002;Leki;CM002002001;Batchenga;Ebang Minala;village
cameroun;CM002;Centre;CM002002;Leki;CM002002001;Batchenga;Nkolmekok;village
cameroun;CM002;Centre;CM002002;Leki;CM002002001;Batchenga;Ninkama III;village
cameroun;CM002;Centre;CM002002;Leki;CM002002007;Obala;Nkolnkui;village
cameroun;CM002;Centre;CM002002;Leki;CM002002009;Saa;Nkolvodo;village
cameroun;CM002;Centre;CM002002;Leki;CM002002009;Saa;Ondondo II;village
cameroun;CM002;Centre;CM002002;Leki;CM002002009;Saa;Ondondo III;village
cameroun;CM002;Centre;CM002002;Leki;CM002002009;Saa;Ondondo I;village
cameroun;CM002;Centre;CM002002;Leki;CM002002009;Saa;Nkolbogo III;village
cameroun;CM002;Centre;CM002002;Leki;CM002002009;Saa;Nkolanguene;village
cameroun;CM002;Centre;CM002002;Leki;CM002002009;Saa;Nkolayos;village
cameroun;CM002;Centre;CM002002;Leki;CM002002009;Saa;Wonkoa;village
cameroun;CM002;Centre;CM002002;Leki;CM002002009;Saa;Mlik;village
cameroun;CM002;Centre;CM002002;Leki;CM002002009;Saa;Nkolmvak;village
cameroun;CM002;Centre;CM002002;Leki;CM002002009;Saa;Nkoldzama I;village
cameroun;CM002;Centre;CM002002;Leki;CM002002009;Saa;Nkolmki;village
cameroun;CM002;Centre;CM002002;Leki;CM002002009;Saa;Nkolv;village
cameroun;CM002;Centre;CM002002;Leki;CM002002009;Saa;Nkoldzama II;village
cameroun;CM002;Centre;CM002002;Leki;CM002002009;Saa;Mkimebodo;village
cameroun;CM002;Centre;CM002002;Leki;CM002002009;Saa;Song Obama;village
cameroun;CM002;Centre;CM002002;Leki;CM002002009;Saa;Nkolbogo I;village
cameroun;CM002;Centre;CM002002;Leki;CM002002009;Saa;Nkolmesseng I;village
cameroun;CM002;Centre;CM002002;Leki;CM002002009;Saa;Mbazoa;village
cameroun;CM002;Centre;CM002002;Leki;CM002002009;Saa;Nkolmesseng II;village
cameroun;CM002;Centre;CM002002;Leki;CM002002009;Saa;Sa'a;town
cameroun;CM002;Centre;CM002002;Leki;CM002002009;Saa;Elig-Zogo;village
cameroun;CM002;Centre;CM002002;Leki;CM002002009;Saa;Nkol-Ngok I;village
cameroun;CM002;Centre;CM002002;Leki;CM002002009;Saa;KNkolngoko;village
cameroun;CM002;Centre;CM002002;Leki;CM002002009;Saa;Messam;village
cameroun;CM002;Centre;CM002002;Leki;CM002002009;Saa;kalan Minkou;village
cameroun;CM002;Centre;CM002002;Leki;CM002002009;Saa;Abel;village
cameroun;CM002;Centre;CM002002;Leki;CM002002009;Saa;Elig-Tchouga;village
cameroun;CM002;Centre;CM002002;Leki;CM002002009;Saa;Nkolzoa II;village
cameroun;CM002;Centre;CM002002;Leki;CM002002009;Saa;Nkolzoa;village
cameroun;CM002;Centre;CM002002;Leki;CM002002009;Saa;Mbama;village
cameroun;CM002;Centre;CM002002;Leki;CM002002009;Saa;Nkolkono;village
cameroun;CM002;Centre;CM002002;Leki;CM002002009;Saa;Nkolmfon;village
cameroun;CM002;Centre;CM002002;Leki;CM002002009;Saa;Edzen;village
cameroun;CM002;Centre;CM002002;Leki;CM002002009;Saa;Oban;village
cameroun;CM002;Centre;CM002002;Leki;CM002002009;Saa;Nkolebou;village
cameroun;CM002;Centre;CM002002;Leki;CM002002009;Saa;Ekekom;village
cameroun;CM002;Centre;CM002002;Leki;CM002002009;Saa;Nkolmyos;village
cameroun;CM002;Centre;CM002002;Leki;CM002002009;Saa;Nlong Lebog;village
cameroun;CM002;Centre;CM002002;Leki;CM002002009;Saa;Nkolzomo;village
cameroun;CM002;Centre;CM002002;Leki;CM002002009;Saa;Nlong-Onambl;village
cameroun;CM002;Centre;CM002002;Leki;CM002002009;Saa;Ntobo;village
cameroun;CM002;Centre;CM002002;Leki;CM002002009;Saa;Nkolmlok;village
cameroun;CM002;Centre;CM002002;Leki;CM002002007;Obala;Nkoltomo II;village
cameroun;CM002;Centre;CM002002;Leki;CM002002003;Elig-Mfomo;Nkoltomo I;village
cameroun;CM002;Centre;CM002002;Leki;CM002002003;Elig-Mfomo;Yemsoa I;village
cameroun;CM002;Centre;CM002002;Leki;CM002002003;Elig-Mfomo;Komo;village
cameroun;CM002;Centre;CM002002;Leki;CM002002007;Obala;Ymkout;village
cameroun;CM002;Centre;CM002002;Leki;CM002002007;Obala;Nkolwodo;village
cameroun;CM002;Centre;CM002002;Leki;CM002002007;Obala;Nkolbiyem;village
cameroun;CM002;Centre;CM002002;Leki;CM002002007;Obala;Ntuissong;village
cameroun;CM002;Centre;CM002002;Leki;CM002002007;Obala;Doua;village
cameroun;CM002;Centre;CM002002;Leki;CM002002009;Saa;Yeptang;village
cameroun;CM002;Centre;CM002002;Leki;CM002002007;Obala;Loua I;village
cameroun;CM002;Centre;CM002002;Leki;CM002002007;Obala;Loua II;village
cameroun;CM002;Centre;CM002002;Leki;CM002002009;Saa;Ngongo;village
cameroun;CM002;Centre;CM002002;Leki;CM002002009;Saa;Nkolngok;village
cameroun;CM002;Centre;CM002002;Leki;CM002002009;Saa;Lbamzip I;village
cameroun;CM002;Centre;CM002002;Leki;CM002002009;Saa;Nkolntsa;village
cameroun;CM002;Centre;CM002002;Leki;CM002002009;Saa;Lbamzip II;village
cameroun;CM002;Centre;CM002002;Leki;CM002002009;Saa;Nkolbibak;village
cameroun;CM002;Centre;CM002002;Leki;CM002002009;Saa;Ekoum-Ondom;village
cameroun;CM002;Centre;CM002002;Leki;CM002002009;Saa;Ntsa-Ekang;village
cameroun;CM002;Centre;CM002002;Leki;CM002002009;Saa;Lpopomo;village
cameroun;CM002;Centre;CM002002;Leki;CM002002009;Saa;Mban;village
cameroun;CM002;Centre;CM002002;Leki;CM002002009;Saa;Mengama;village
cameroun;CM002;Centre;CM002002;Leki;CM002002009;Saa;Nkolondogo;village
cameroun;CM002;Centre;CM002002;Leki;CM002002007;Obala;Mbl I;village
cameroun;CM002;Centre;CM002002;Leki;CM002002007;Obala;Mbl II;village
cameroun;CM002;Centre;CM002002;Leki;CM002002007;Obala;Nkolbikok;village
cameroun;CM002;Centre;CM002002;Leki;CM002002007;Obala;Mboua;village
cameroun;CM002;Centre;CM002002;Leki;CM002002007;Obala;Obala;town
cameroun;CM002;Centre;CM002002;Leki;CM002002007;Obala;Okok Assi;village
cameroun;CM002;Centre;CM002002;Leki;CM002002007;Obala;Abokono;village
cameroun;CM002;Centre;CM002002;Leki;CM002002007;Obala;Bilone;village
cameroun;CM003;Est;CM003002;Haut-Nyong;CM003002004;Dja;Nokom;village
cameroun;CM003;Est;CM003002;Haut-Nyong;CM003002004;Dja;Mayang;village
cameroun;CM003;Est;CM003002;Haut-Nyong;CM003002004;Dja;Dilong;village
cameroun;CM003;Est;CM003002;Haut-Nyong;CM003002004;Dja;Medjo;village
cameroun;CM003;Est;CM003002;Haut-Nyong;CM003002007;Lomie;Bapil;village
cameroun;CM003;Est;CM003002;Haut-Nyong;CM003002007;Lomie;Djoandjifa;village
cameroun;CM003;Est;CM003002;Haut-Nyong;CM003002004;Dja;Kassarafam;village
cameroun;CM003;Est;CM003002;Haut-Nyong;CM003002004;Dja;Tonkla;village
cameroun;CM003;Est;CM003002;Haut-Nyong;CM003002004;Dja;Nkoul;village
cameroun;CM003;Est;CM003002;Haut-Nyong;CM003002004;Dja;Djaposten;village
cameroun;CM003;Est;CM003002;Haut-Nyong;CM003002004;Dja;Dioula;village
cameroun;CM003;Est;CM003002;Haut-Nyong;CM003002007;Lomie;Djnoun;village
cameroun;CM003;Est;CM003002;Haut-Nyong;CM003002007;Lomie;Nmeyong I;village
cameroun;CM003;Est;CM003002;Haut-Nyong;CM003002007;Lomie;Nobampam;village
cameroun;CM003;Est;CM003002;Haut-Nyong;CM003002007;Lomie;Nomedjo;village
cameroun;CM003;Est;CM003002;Haut-Nyong;CM003002007;Lomie;Nkolnguef;village
cameroun;CM003;Est;CM003002;Haut-Nyong;CM003002007;Lomie;Djeb;village
cameroun;CM003;Est;CM003002;Haut-Nyong;CM003002007;Lomie;Aba'akoum;village
cameroun;CM003;Est;CM003002;Haut-Nyong;CM003002007;Lomie;Medjo;village
cameroun;CM003;Est;CM003002;Haut-Nyong;CM003002007;Lomie;Dountam;village
cameroun;CM003;Est;CM003002;Haut-Nyong;CM003002007;Lomie;Essomo;village
cameroun;CM003;Est;CM003002;Haut-Nyong;CM003002007;Lomie;Messassia;village
cameroun;CM003;Est;CM003002;Haut-Nyong;CM003002007;Lomie;Mintoum;village
cameroun;CM003;Est;CM003002;Haut-Nyong;CM003002007;Lomie;Bingongol II;village
cameroun;CM003;Est;CM003002;Haut-Nyong;CM003002007;Lomie;Bingongol I;village
cameroun;CM003;Est;CM003002;Haut-Nyong;CM003002007;Lomie;Adjela Baka;village
cameroun;CM003;Est;CM003002;Haut-Nyong;CM003002007;Lomie;Ngoulmekong;village
cameroun;CM003;Est;CM003002;Haut-Nyong;CM003002007;Lomie;Ekom;village
cameroun;CM003;Est;CM003002;Haut-Nyong;CM003002007;Lomie;Adje'ela I;village
cameroun;CM003;Est;CM003002;Haut-Nyong;CM003002007;Lomie;Bitso'omam;village
cameroun;CM003;Est;CM003002;Haut-Nyong;CM003002007;Lomie;Ayene;village
cameroun;CM003;Est;CM003002;Haut-Nyong;CM003002007;Lomie;Semb;village
cameroun;CM003;Est;CM003002;Haut-Nyong;CM003002007;Lomie;Poempoum;village
cameroun;CM003;Est;CM003002;Haut-Nyong;CM003002007;Lomie;Djomdjo;village
cameroun;CM003;Est;CM003002;Haut-Nyong;CM003002007;Lomie;Nmyong;village
cameroun;CM003;Est;CM003002;Haut-Nyong;CM003002007;Lomie;Nmyong II;village
cameroun;CM003;Est;CM003002;Haut-Nyong;CM003002007;Lomie;Mekoum;village
cameroun;CM003;Est;CM003002;Haut-Nyong;CM003002007;Lomie;Zoulabot;village
cameroun;CM003;Est;CM003002;Haut-Nyong;CM003002007;Lomie;Manpal;village
cameroun;CM003;Est;CM003002;Haut-Nyong;CM003002007;Lomie;Melen;village
cameroun;CM003;Est;CM003002;Haut-Nyong;CM003002007;Lomie;Meyibot;village
cameroun;CM009;Sud;CM009001;Dja-et-Lobo;CM009001005;Mintom;Djeue;village
cameroun;CM009;Sud;CM009001;Dja-et-Lobo;CM009001005;Mintom;Nkolkoumou;village
cameroun;CM009;Sud;CM009001;Dja-et-Lobo;CM009001005;Mintom;Melen;village
cameroun;CM009;Sud;CM009001;Dja-et-Lobo;CM009001005;Mintom;Sake;village
cameroun;CM009;Sud;CM009001;Dja-et-Lobo;CM009001005;Mintom;Akonetye;village
cameroun;CM009;Sud;CM009001;Dja-et-Lobo;CM009001005;Mintom;Mimba'a;village
cameroun;CM009;Sud;CM009001;Dja-et-Lobo;CM009001005;Mintom;Mekom I;village
cameroun;CM009;Sud;CM009001;Dja-et-Lobo;CM009001005;Mintom;Ma'an;village
cameroun;CM009;Sud;CM009001;Dja-et-Lobo;CM009001005;Mintom;Nkolenyeng;village
cameroun;CM009;Sud;CM009001;Dja-et-Lobo;CM009001005;Mintom;Alati;village
cameroun;CM009;Sud;CM009001;Dja-et-Lobo;CM009001005;Mintom;Zoula;village
cameroun;CM009;Sud;CM009001;Dja-et-Lobo;CM009001005;Mintom;Kana;village
cameroun;CM009;Sud;CM009001;Dja-et-Lobo;CM009001005;Mintom;Lele;village
cameroun;CM009;Sud;CM009001;Dja-et-Lobo;CM009001005;Mintom;Akok;village
cameroun;CM009;Sud;CM009001;Dja-et-Lobo;CM009001005;Mintom;Mboutoukon;village
cameroun;CM009;Sud;CM009001;Dja-et-Lobo;CM009001005;Mintom;Bit;village
cameroun;CM009;Sud;CM009001;Dja-et-Lobo;CM009001005;Mintom;Ll;village
cameroun;CM009;Sud;CM009001;Dja-et-Lobo;CM009001005;Mintom;Koungoulou;village
cameroun;CM009;Sud;CM009001;Dja-et-Lobo;CM009001005;Mintom;Zo'Otou 1;village
cameroun;CM009;Sud;CM009001;Dja-et-Lobo;CM009001005;Mintom;Bindom;village
cameroun;CM009;Sud;CM009001;Dja-et-Lobo;CM009001005;Mintom;Akontangan;village
cameroun;CM009;Sud;CM009001;Dja-et-Lobo;CM009001005;Mintom;Ndoumdoum;village
cameroun;CM009;Sud;CM009001;Dja-et-Lobo;CM009001005;Mintom;Belle Ville;village
cameroun;CM009;Sud;CM009001;Dja-et-Lobo;CM009001005;Mintom;Ekombite;village
cameroun;CM009;Sud;CM009001;Dja-et-Lobo;CM009001005;Mintom;Akom;village
cameroun;CM009;Sud;CM009001;Dja-et-Lobo;CM009001005;Mintom;Nkolomboula;village
cameroun;CM009;Sud;CM009001;Dja-et-Lobo;CM009001005;Mintom;Esseng;village
cameroun;CM009;Sud;CM009001;Dja-et-Lobo;CM009001005;Mintom;Mbong Ayok;village
cameroun;CM009;Sud;CM009001;Dja-et-Lobo;CM009001005;Mintom;Meyiboto;village
cameroun;CM009;Sud;CM009001;Dja-et-Lobo;CM009001005;Mintom;Mintom II;town
cameroun;CM009;Sud;CM009001;Dja-et-Lobo;CM009001005;Mintom;Ngomnam;village
cameroun;CM009;Sud;CM009001;Dja-et-Lobo;CM009001005;Mintom;Efoulan Meyong;village
cameroun;CM009;Sud;CM009001;Dja-et-Lobo;CM009001005;Mintom;Assok;village
cameroun;CM009;Sud;CM009001;Dja-et-Lobo;CM009001005;Mintom;Doum;village
cameroun;CM009;Sud;CM009001;Dja-et-Lobo;CM009001005;Mintom;Zoulabot;village
cameroun;CM009;Sud;CM009001;Dja-et-Lobo;CM009001005;Mintom;Mintom I;village
cameroun;CM009;Sud;CM009001;Dja-et-Lobo;CM009001005;Mintom;Z;village
cameroun;CM009;Sud;CM009001;Dja-et-Lobo;CM009001005;Mintom;Nkolefia;village
cameroun;CM009;Sud;CM009001;Dja-et-Lobo;CM009001005;Mintom;Zoulamyong;village
cameroun;CM009;Sud;CM009001;Dja-et-Lobo;CM009001005;Mintom;Meyos;village
cameroun;CM009;Sud;CM009001;Dja-et-Lobo;CM009001005;Mintom;Bemba I;village
cameroun;CM009;Sud;CM009001;Dja-et-Lobo;CM009001005;Mintom;Zoebefam;village
cameroun;CM009;Sud;CM009001;Dja-et-Lobo;CM009001005;Mintom;Bemba II;village
cameroun;CM009;Sud;CM009001;Dja-et-Lobo;CM009001005;Mintom;Zoulamyong;village
cameroun;CM009;Sud;CM009001;Dja-et-Lobo;CM009001005;Mintom;Zoetou II;village
cameroun;CM009;Sud;CM009001;Dja-et-Lobo;CM009001005;Mintom;Bi;village
cameroun;CM009;Sud;CM009001;Dja-et-Lobo;CM009001005;Mintom;Abondja;village
cameroun;CM003;Est;CM003002;Haut-Nyong;CM003002007;Lomie;Alat Makay;village
cameroun;CM009;Sud;CM009001;Dja-et-Lobo;CM009001002;Djoum;Mlen-Zamane;village
cameroun;CM009;Sud;CM009001;Dja-et-Lobo;CM009001002;Djoum;Alop;village
cameroun;CM009;Sud;CM009001;Dja-et-Lobo;CM009001002;Djoum;Esingili;village
cameroun;CM009;Sud;CM009001;Dja-et-Lobo;CM009001002;Djoum;Mbomka;village
cameroun;CM009;Sud;CM009001;Dja-et-Lobo;CM009001002;Djoum;Akomvoo;village
cameroun;CM009;Sud;CM009001;Dja-et-Lobo;CM009001002;Djoum;Mbouma;village
cameroun;CM009;Sud;CM009001;Dja-et-Lobo;CM009001005;Mintom;Akom Ntoulou;village
cameroun;CM009;Sud;CM009001;Dja-et-Lobo;CM009001005;Mintom;Mekotto;village
cameroun;CM009;Sud;CM009001;Dja-et-Lobo;CM009001002;Djoum;Akonety;village
cameroun;CM009;Sud;CM009001;Dja-et-Lobo;CM009001002;Djoum;Minkongmsang;village
cameroun;CM009;Sud;CM009001;Dja-et-Lobo;CM009001002;Djoum;Aveub;village
cameroun;CM009;Sud;CM009001;Dja-et-Lobo;CM009001002;Djoum;Avobengon;village
cameroun;CM009;Sud;CM009001;Dja-et-Lobo;CM009001002;Djoum;Myos Mla;village
cameroun;CM009;Sud;CM009001;Dja-et-Lobo;CM009001002;Djoum;Msam;village
cameroun;CM009;Sud;CM009001;Dja-et-Lobo;CM009001002;Djoum;Mveng;village
cameroun;CM009;Sud;CM009001;Dja-et-Lobo;CM009001002;Djoum;Nkong;village
cameroun;CM009;Sud;CM009001;Dja-et-Lobo;CM009001002;Djoum;Nko;village
cameroun;CM009;Sud;CM009001;Dja-et-Lobo;CM009001002;Djoum;Djouze;village
cameroun;CM009;Sud;CM009001;Dja-et-Lobo;CM009001002;Djoum;Miatta;village
cameroun;CM009;Sud;CM009001;Dja-et-Lobo;CM009001002;Djoum;Akom-Zamane;village
cameroun;CM009;Sud;CM009001;Dja-et-Lobo;CM009001002;Djoum;Nkan;village
cameroun;CM009;Sud;CM009001;Dja-et-Lobo;CM009001002;Djoum;Akountangane;village
cameroun;CM009;Sud;CM009001;Dja-et-Lobo;CM009001002;Djoum;Minko'o;village
cameroun;CM009;Sud;CM009001;Dja-et-Lobo;CM009001002;Djoum;Djoum;town
cameroun;CM009;Sud;CM009001;Dja-et-Lobo;CM009001002;Djoum;Abolone;village
cameroun;CM009;Sud;CM009001;Dja-et-Lobo;CM009001002;Djoum;Endeng;village
cameroun;CM009;Sud;CM009001;Dja-et-Lobo;CM009001002;Djoum;Akombinyeng;village
cameroun;CM009;Sud;CM009001;Dja-et-Lobo;CM009001002;Djoum;Essong;village
cameroun;CM009;Sud;CM009001;Dja-et-Lobo;CM009001002;Djoum;Mfem;village
cameroun;CM009;Sud;CM009001;Dja-et-Lobo;CM009001002;Djoum;Ayn;village
cameroun;CM009;Sud;CM009001;Dja-et-Lobo;CM009001002;Djoum;Doum II;village
cameroun;CM009;Sud;CM009001;Dja-et-Lobo;CM009001002;Djoum;Doum;village
cameroun;CM009;Sud;CM009001;Dja-et-Lobo;CM009001002;Djoum;Doum I;village
cameroun;CM009;Sud;CM009001;Dja-et-Lobo;CM009001002;Djoum;Djop;village
cameroun;CM009;Sud;CM009001;Dja-et-Lobo;CM009001002;Djoum;Melen;village
cameroun;CM009;Sud;CM009001;Dja-et-Lobo;CM009001002;Djoum;Elleng;village
cameroun;CM009;Sud;CM009001;Dja-et-Lobo;CM009001002;Djoum;Meyos-Obam;village
cameroun;CM009;Sud;CM009001;Dja-et-Lobo;CM009001002;Djoum;Akak;village
cameroun;CM009;Sud;CM009001;Dja-et-Lobo;CM009001002;Djoum;Efoulan;village
cameroun;CM009;Sud;CM009001;Dja-et-Lobo;CM009001002;Djoum;Mendoung;village
cameroun;CM009;Sud;CM009001;Dja-et-Lobo;CM009001002;Djoum;Amvam;village
cameroun;CM009;Sud;CM009001;Dja-et-Lobo;CM009001002;Djoum;Ando'o;village
cameroun;CM009;Sud;CM009001;Dja-et-Lobo;CM009001002;Djoum;Ottong-Mbong;village
cameroun;CM009;Sud;CM009001;Dja-et-Lobo;CM009001002;Djoum;Meban;village
cameroun;CM009;Sud;CM009001;Dja-et-Lobo;CM009001002;Djoum;Yen;village
cameroun;CM009;Sud;CM009001;Dja-et-Lobo;CM009001002;Djoum;Bindoumba;village
cameroun;CM009;Sud;CM009001;Dja-et-Lobo;CM009001002;Djoum;Okpweng;village
cameroun;CM009;Sud;CM009001;Dja-et-Lobo;CM009001002;Djoum;Akonotangan;village
cameroun;CM009;Sud;CM009001;Dja-et-Lobo;CM009001005;Mintom;Ntenying;village
cameroun;CM003;Est;CM003002;Haut-Nyong;CM003002012;Ngoyla;Ntam;village
cameroun;CM003;Est;CM003002;Haut-Nyong;CM003002012;Ngoyla;Mbalam;town
cameroun;CM003;Est;CM003002;Haut-Nyong;CM003002012;Ngoyla;Metzimvin;village
cameroun;CM003;Est;CM003002;Haut-Nyong;CM003002012;Ngoyla;Mabam;village
cameroun;CM003;Est;CM003002;Haut-Nyong;CM003002012;Ngoyla;Ngoyla;town
cameroun;CM003;Est;CM003002;Haut-Nyong;CM003002012;Ngoyla;Doumzo II;village
cameroun;CM003;Est;CM003002;Haut-Nyong;CM003002012;Ngoyla;Lamsom;village
cameroun;CM003;Est;CM003002;Haut-Nyong;CM003002012;Ngoyla;Lelen;village
cameroun;CM003;Est;CM003002;Haut-Nyong;CM003002012;Ngoyla;Etekessang;village
cameroun;CM003;Est;CM003002;Haut-Nyong;CM003002012;Ngoyla;Tksam;village
cameroun;CM003;Est;CM003002;Haut-Nyong;CM003002012;Ngoyla;Zoulabot II;village
cameroun;CM003;Est;CM003002;Haut-Nyong;CM003002012;Ngoyla;Msomso;village
cameroun;CM003;Est;CM003002;Haut-Nyong;CM003002012;Ngoyla;Mbalam;village
cameroun;CM003;Est;CM003002;Haut-Nyong;CM003002012;Ngoyla;Ayn Eta;village
cameroun;CM003;Est;CM003002;Haut-Nyong;CM003002012;Ngoyla;Kamakoum;village
cameroun;CM003;Est;CM003002;Haut-Nyong;CM003002012;Ngoyla;Mbalam;village
cameroun;CM003;Est;CM003002;Haut-Nyong;CM003002012;Ngoyla;Kondong I;village
cameroun;CM003;Est;CM003002;Haut-Nyong;CM003002012;Ngoyla;Kondong;village
cameroun;CM003;Est;CM003002;Haut-Nyong;CM003002012;Ngoyla;Mankou;village
cameroun;CM003;Est;CM003002;Haut-Nyong;CM003002012;Ngoyla;Zoulabot;village
cameroun;CM003;Est;CM003002;Haut-Nyong;CM003002012;Ngoyla;Bissobilam;village
cameroun;CM003;Est;CM003002;Haut-Nyong;CM003002012;Ngoyla;Adjeela II;village
cameroun;CM003;Est;CM003002;Haut-Nyong;CM003002012;Ngoyla;Yanebot Bellevue;village
cameroun;CM003;Est;CM003002;Haut-Nyong;CM003002012;Ngoyla;Yanebot II;village
cameroun;CM003;Est;CM003002;Haut-Nyong;CM003002012;Ngoyla;Barko II;village
cameroun;CM003;Est;CM003002;Haut-Nyong;CM003002012;Ngoyla;Barko Hameau;village
cameroun;CM003;Est;CM003002;Haut-Nyong;CM003002012;Ngoyla;Nkondong II;village
cameroun;CM003;Est;CM003002;Haut-Nyong;CM003002012;Ngoyla;Nkolakey;village
cameroun;CM003;Est;CM003002;Haut-Nyong;CM003002012;Ngoyla;Djadom;village
cameroun;CM003;Est;CM003002;Haut-Nyong;CM003002012;Ngoyla;Atmeya;village
cameroun;CM003;Est;CM003002;Haut-Nyong;CM003002012;Ngoyla;Eta Frontire;village
cameroun;CM003;Est;CM003002;Haut-Nyong;CM003002012;Ngoyla;Eta chefferie;village
cameroun;CM003;Est;CM003002;Haut-Nyong;CM003002012;Ngoyla;Menkouom;village
cameroun;CM003;Est;CM003001;Boumba-et-Ngoko;CM003001004;Yokadouma;Zoulabot ancien;village
cameroun;CM003;Est;CM003001;Boumba-et-Ngoko;CM003001004;Yokadouma;Ngatto ancien;village
cameroun;CM003;Est;CM003001;Boumba-et-Ngoko;CM003001004;Yokadouma;Mala ancien;village
cameroun;CM003;Est;CM003001;Boumba-et-Ngoko;CM003001002;Moloundou;Ndongo;village
cameroun;CM003;Est;CM003001;Boumba-et-Ngoko;CM003001002;Moloundou;Lgu;village
cameroun;CM003;Est;CM003001;Boumba-et-Ngoko;CM003001002;Moloundou;Mindourou nouveau;village
cameroun;CM003;Est;CM003001;Boumba-et-Ngoko;CM003001002;Moloundou;Bondo;village
cameroun;CM003;Est;CM003001;Boumba-et-Ngoko;CM003001002;Moloundou;Mindourou Ancien;village
cameroun;CM003;Est;CM003001;Boumba-et-Ngoko;CM003001002;Moloundou;Adjala;village
cameroun;CM003;Est;CM003001;Boumba-et-Ngoko;CM003001002;Moloundou;Bl;village
cameroun;CM003;Est;CM003001;Boumba-et-Ngoko;CM003001002;Moloundou;Lgu;village
cameroun;CM003;Est;CM003001;Boumba-et-Ngoko;CM003001002;Moloundou;Malamba;village
cameroun;CM003;Est;CM003001;Boumba-et-Ngoko;CM003001002;Moloundou;Lgw;village
cameroun;CM003;Est;CM003001;Boumba-et-Ngoko;CM003001002;Moloundou;Mingombe;village
cameroun;CM003;Est;CM003001;Boumba-et-Ngoko;CM003001002;Moloundou;Bolozo;village
cameroun;CM003;Est;CM003001;Boumba-et-Ngoko;CM003001002;Moloundou;Melen;village
cameroun;CM003;Est;CM003001;Boumba-et-Ngoko;CM003001002;Moloundou;Loup;village
cameroun;CM003;Est;CM003001;Boumba-et-Ngoko;CM003001002;Moloundou;Mouloundou;village
cameroun;CM003;Est;CM003001;Boumba-et-Ngoko;CM003001002;Moloundou;Gola;village
cameroun;CM003;Est;CM003001;Boumba-et-Ngoko;CM003001002;Moloundou;Kika;village
cameroun;CM003;Est;CM003001;Boumba-et-Ngoko;CM003001002;Moloundou;Tala Tala Village;village
cameroun;CM003;Est;CM003001;Boumba-et-Ngoko;CM003001002;Moloundou;Pzam;village
cameroun;CM003;Est;CM003001;Boumba-et-Ngoko;CM003001002;Moloundou;Makoka I;village
cameroun;CM003;Est;CM003001;Boumba-et-Ngoko;CM003001002;Moloundou;Pokosso;village
cameroun;CM003;Est;CM003001;Boumba-et-Ngoko;CM003001002;Moloundou;Mbangoye I;village
cameroun;CM003;Est;CM003001;Boumba-et-Ngoko;CM003001002;Moloundou;Mbangoye II;village
cameroun;CM003;Est;CM003001;Boumba-et-Ngoko;CM003001002;Moloundou;Nguilili I;village
cameroun;CM003;Est;CM003001;Boumba-et-Ngoko;CM003001002;Moloundou;Nguilili II;village
cameroun;CM003;Est;CM003001;Boumba-et-Ngoko;CM003001002;Moloundou;Baka Gbine;village
cameroun;CM003;Est;CM003001;Boumba-et-Ngoko;CM003001002;Moloundou;Banana;village
cameroun;CM003;Est;CM003001;Boumba-et-Ngoko;CM003001002;Moloundou;Makoka II;village
cameroun;CM003;Est;CM003001;Boumba-et-Ngoko;CM003001002;Moloundou;Mbateka;village
cameroun;CM003;Est;CM003001;Boumba-et-Ngoko;CM003001002;Moloundou;Yenga;village
cameroun;CM003;Est;CM003001;Boumba-et-Ngoko;CM003001002;Moloundou;Ossabli;village
cameroun;CM003;Est;CM003001;Boumba-et-Ngoko;CM003001003;Salapoumbe;Koumla;village
cameroun;CM003;Est;CM003001;Boumba-et-Ngoko;CM003001002;Moloundou;Mambl;village
cameroun;CM003;Est;CM003001;Boumba-et-Ngoko;CM003001002;Moloundou;Dioula;village
cameroun;CM003;Est;CM003001;Boumba-et-Ngoko;CM003001002;Moloundou;Mbateka Njong;village
cameroun;CM003;Est;CM003001;Boumba-et-Ngoko;CM003001003;Salapoumbe;Lokomo SEBC;village
cameroun;CM003;Est;CM003001;Boumba-et-Ngoko;CM003001003;Salapoumbe;Salapoumb;town
cameroun;CM003;Est;CM003001;Boumba-et-Ngoko;CM003001003;Salapoumbe;Mombou;village
cameroun;CM003;Est;CM003001;Boumba-et-Ngoko;CM003001003;Salapoumbe;Temb-Piste;village
cameroun;CM003;Est;CM003001;Boumba-et-Ngoko;CM003001003;Salapoumbe;Ngola 120;village
cameroun;CM003;Est;CM003001;Boumba-et-Ngoko;CM003001003;Salapoumbe;Mikel;village
cameroun;CM003;Est;CM003001;Boumba-et-Ngoko;CM003001004;Yokadouma;Song Ancien;village
cameroun;CM003;Est;CM003001;Boumba-et-Ngoko;CM003001004;Yokadouma;Dadjipo;village
cameroun;CM003;Est;CM003001;Boumba-et-Ngoko;CM003001004;Yokadouma;Touk;village
cameroun;CM003;Est;CM003001;Boumba-et-Ngoko;CM003001004;Yokadouma;Grib;village
cameroun;CM003;Est;CM003001;Boumba-et-Ngoko;CM003001004;Yokadouma;Dabyapes;village
cameroun;CM003;Est;CM003001;Boumba-et-Ngoko;CM003001004;Yokadouma;Elandjo;village
cameroun;CM003;Est;CM003001;Boumba-et-Ngoko;CM003001004;Yokadouma;Dogopyel;village
cameroun;CM003;Est;CM003001;Boumba-et-Ngoko;CM003001004;Yokadouma;Masa;village
cameroun;CM003;Est;CM003001;Boumba-et-Ngoko;CM003001004;Yokadouma;Djemdjomeko;village
cameroun;CM003;Est;CM003001;Boumba-et-Ngoko;CM003001004;Yokadouma;Biwala;village
cameroun;CM003;Est;CM003001;Boumba-et-Ngoko;CM003001004;Yokadouma;Mwamimyal;village
cameroun;CM003;Est;CM003001;Boumba-et-Ngoko;CM003001004;Yokadouma;Sembot;village
cameroun;CM003;Est;CM003001;Boumba-et-Ngoko;CM003001004;Yokadouma;Zoulabot nouveau;village
cameroun;CM003;Est;CM003001;Boumba-et-Ngoko;CM003001004;Yokadouma;Mala nouveau;village
cameroun;CM003;Est;CM003001;Boumba-et-Ngoko;CM003001004;Yokadouma;Zokadiba;village
cameroun;CM003;Est;CM003001;Boumba-et-Ngoko;CM003001004;Yokadouma;Bintoum;village
cameroun;CM003;Est;CM003001;Boumba-et-Ngoko;CM003001004;Yokadouma;Mimbo Mimbo;village
cameroun;CM003;Est;CM003001;Boumba-et-Ngoko;CM003001004;Yokadouma;Bangue;village
cameroun;CM003;Est;CM003001;Boumba-et-Ngoko;CM003001004;Yokadouma;Kongo;village
cameroun;CM003;Est;CM003001;Boumba-et-Ngoko;CM003001004;Yokadouma;Bandekok;village
cameroun;CM003;Est;CM003001;Boumba-et-Ngoko;CM003001004;Yokadouma;Song nouveau;village
cameroun;CM003;Est;CM003001;Boumba-et-Ngoko;CM003001004;Yokadouma;Ngatto nouveau;village
cameroun;CM003;Est;CM003001;Boumba-et-Ngoko;CM003001004;Yokadouma;Madjw;village
cameroun;CM003;Est;CM003001;Boumba-et-Ngoko;CM003001004;Yokadouma;Ndjemb;village
cameroun;CM003;Est;CM003001;Boumba-et-Ngoko;CM003001004;Yokadouma;Ntiou;village
cameroun;CM003;Est;CM003001;Boumba-et-Ngoko;CM003001004;Yokadouma;Mintom;village
cameroun;CM003;Est;CM003001;Boumba-et-Ngoko;CM003001004;Yokadouma;Ngola 20;village
cameroun;CM003;Est;CM003001;Boumba-et-Ngoko;CM003001004;Yokadouma;Mompjepom;village
cameroun;CM003;Est;CM003001;Boumba-et-Ngoko;CM003001004;Yokadouma;Mobalo II;village
cameroun;CM003;Est;CM003001;Boumba-et-Ngoko;CM003001004;Yokadouma;Nyabonda;village
cameroun;CM003;Est;CM003001;Boumba-et-Ngoko;CM003001004;Yokadouma;Djalobekoe;village
cameroun;CM003;Est;CM003001;Boumba-et-Ngoko;CM003001004;Yokadouma;Modoumo;village
cameroun;CM003;Est;CM003001;Boumba-et-Ngoko;CM003001004;Yokadouma;Mopouo;village
cameroun;CM003;Est;CM003001;Boumba-et-Ngoko;CM003001004;Yokadouma;Limwe;village
cameroun;CM003;Est;CM003001;Boumba-et-Ngoko;CM003001004;Yokadouma;Nkameko;village
cameroun;CM003;Est;CM003001;Boumba-et-Ngoko;CM003001004;Yokadouma;Menziong;village
cameroun;CM003;Est;CM003001;Boumba-et-Ngoko;CM003001004;Yokadouma;Zokboulanebone;village
cameroun;CM003;Est;CM003001;Boumba-et-Ngoko;CM003001001;Gari Gombo;Mbiali;village
cameroun;CM003;Est;CM003001;Boumba-et-Ngoko;CM003001001;Gari Gombo;Sanga;village
cameroun;CM003;Est;CM003001;Boumba-et-Ngoko;CM003001004;Yokadouma;Compagnie;village
cameroun;CM003;Est;CM003001;Boumba-et-Ngoko;CM003001001;Gari Gombo;Ngaressingo;village
cameroun;CM003;Est;CM003001;Boumba-et-Ngoko;CM003001001;Gari Gombo;Paya;village
cameroun;CM003;Est;CM003001;Boumba-et-Ngoko;CM003001004;Yokadouma;Paradi;village
cameroun;CM003;Est;CM003001;Boumba-et-Ngoko;CM003001004;Yokadouma;Malabanda;village
cameroun;CM003;Est;CM003001;Boumba-et-Ngoko;CM003001004;Yokadouma;Biwala I;village
cameroun;CM003;Est;CM003001;Boumba-et-Ngoko;CM003001004;Yokadouma;Biwala II;village
cameroun;CM003;Est;CM003001;Boumba-et-Ngoko;CM003001004;Yokadouma;Massiang;village
cameroun;CM003;Est;CM003001;Boumba-et-Ngoko;CM003001004;Yokadouma;Mendoungue;village
cameroun;CM003;Est;CM003001;Boumba-et-Ngoko;CM003001004;Yokadouma;Parny;village
cameroun;CM003;Est;CM003001;Boumba-et-Ngoko;CM003001004;Yokadouma;Djalobekoe;village
cameroun;CM003;Est;CM003001;Boumba-et-Ngoko;CM003001004;Yokadouma;Bienemama;village
cameroun;CM003;Est;CM003001;Boumba-et-Ngoko;CM003001004;Yokadouma;Bingo;village
cameroun;CM003;Est;CM003001;Boumba-et-Ngoko;CM003001004;Yokadouma;Masiang;village
cameroun;CM003;Est;CM003001;Boumba-et-Ngoko;CM003001004;Yokadouma;Mwamkolo;village
cameroun;CM003;Est;CM003001;Boumba-et-Ngoko;CM003001004;Yokadouma;Landjw;village
cameroun;CM003;Est;CM003001;Boumba-et-Ngoko;CM003001004;Yokadouma;Landjoue 1;village
cameroun;CM003;Est;CM003001;Boumba-et-Ngoko;CM003001004;Yokadouma;Mwantelem;village
cameroun;CM003;Est;CM003001;Boumba-et-Ngoko;CM003001004;Yokadouma;Mbol;village
cameroun;CM003;Est;CM003001;Boumba-et-Ngoko;CM003001004;Yokadouma;Mwamdja;village
cameroun;CM003;Est;CM003001;Boumba-et-Ngoko;CM003001004;Yokadouma;Mopw;village
cameroun;CM003;Est;CM003001;Boumba-et-Ngoko;CM003001004;Yokadouma;Mwapak;village
cameroun;CM003;Est;CM003001;Boumba-et-Ngoko;CM003001004;Yokadouma;Melen;village
cameroun;CM003;Est;CM003001;Boumba-et-Ngoko;CM003001004;Yokadouma;Songalinga;village
cameroun;CM003;Est;CM003001;Boumba-et-Ngoko;CM003001004;Yokadouma;Bobanada;village
cameroun;CM003;Est;CM003001;Boumba-et-Ngoko;CM003001004;Yokadouma;Nkolsa;village
cameroun;CM003;Est;CM003001;Boumba-et-Ngoko;CM003001004;Yokadouma;Otoumkwan;village
cameroun;CM003;Est;CM003001;Boumba-et-Ngoko;CM003001004;Yokadouma;Soukedoum;village
cameroun;CM003;Est;CM003001;Boumba-et-Ngoko;CM003001004;Yokadouma;Mwamepen;village
cameroun;CM003;Est;CM003001;Boumba-et-Ngoko;CM003001004;Yokadouma;Landjoue 2;village
cameroun;CM003;Est;CM003001;Boumba-et-Ngoko;CM003001004;Yokadouma;Metele;village
cameroun;CM003;Est;CM003003;Kadey;CM003003006;Ndelele;Sangal;village
cameroun;CM003;Est;CM003003;Kadey;CM003003006;Ndelele;Parnet;village
cameroun;CM003;Est;CM003003;Kadey;CM003003006;Ndelele;Ngotto;village
cameroun;CM003;Est;CM003003;Kadey;CM003003006;Ndelele;Kobi;village
cameroun;CM003;Est;CM003003;Kadey;CM003003006;Ndelele;Mbembesso;village
cameroun;CM003;Est;CM003003;Kadey;CM003003006;Ndelele;Seingbot;village
cameroun;CM003;Est;CM003003;Kadey;CM003003001;Batouri;Ndende II;village
cameroun;CM003;Est;CM003003;Kadey;CM003003001;Batouri;Baribangu;village
cameroun;CM003;Est;CM003003;Kadey;CM003003001;Batouri;Mbon;village
cameroun;CM003;Est;CM003003;Kadey;CM003003001;Batouri;Tassongo;village
cameroun;CM003;Est;CM003003;Kadey;CM003003001;Batouri;Tikondi II;village
cameroun;CM003;Est;CM003003;Kadey;CM003003001;Batouri;Nganembourou;village
cameroun;CM003;Est;CM003003;Kadey;CM003003001;Batouri;Lindjonga;village
cameroun;CM003;Est;CM003003;Kadey;CM003003001;Batouri;Bilibili;village
cameroun;CM003;Est;CM003003;Kadey;CM003003001;Batouri;Belingbanga;village
cameroun;CM003;Est;CM003003;Kadey;CM003003001;Batouri;Ndougbanga;village
cameroun;CM003;Est;CM003003;Kadey;CM003003001;Batouri;Blimban;village
cameroun;CM003;Est;CM003003;Kadey;CM003003001;Batouri;Bougogo;village
cameroun;CM003;Est;CM003003;Kadey;CM003003001;Batouri;Gbabl 2;village
cameroun;CM003;Est;CM003003;Kadey;CM003003002;Bombe;Doub II;village
cameroun;CM003;Est;CM003003;Kadey;CM003003002;Bombe;Niewa II;village
cameroun;CM003;Est;CM003003;Kadey;CM003003001;Batouri;Konga II;village
cameroun;CM003;Est;CM003003;Kadey;CM003003002;Bombe;Yamtari;village
cameroun;CM003;Est;CM003003;Kadey;CM003003002;Bombe;Niewa I;village
cameroun;CM003;Est;CM003003;Kadey;CM003003002;Bombe;Gomala;village
cameroun;CM003;Est;CM003003;Kadey;CM003003002;Bombe;Gbadjin;village
cameroun;CM003;Est;CM003003;Kadey;CM003003006;Ndelele;Sobolo;village
cameroun;CM003;Est;CM003003;Kadey;CM003003002;Bombe;Nagount;village
cameroun;CM003;Est;CM003003;Kadey;CM003003002;Bombe;Gogobangolo;village
cameroun;CM003;Est;CM003003;Kadey;CM003003002;Bombe;Belkoungou;village
cameroun;CM003;Est;CM003003;Kadey;CM003003002;Bombe;Gbongoe II;village
cameroun;CM003;Est;CM003003;Kadey;CM003003002;Bombe;Gbongw I;village
cameroun;CM003;Est;CM003003;Kadey;CM003003002;Bombe;Mbil;town
cameroun;CM003;Est;CM003003;Kadey;CM003003002;Bombe;Komkombo;village
cameroun;CM003;Est;CM003003;Kadey;CM003003002;Bombe;Sandji I;village
cameroun;CM003;Est;CM003003;Kadey;CM003003002;Bombe;Semb 2;village
cameroun;CM003;Est;CM003003;Kadey;CM003003002;Bombe;Sandji I;village
cameroun;CM003;Est;CM003003;Kadey;CM003003002;Bombe;Lindi II;village
cameroun;CM003;Est;CM003003;Kadey;CM003003002;Bombe;Gbabone;village
cameroun;CM003;Est;CM003003;Kadey;CM003003002;Bombe;Lissambo;village
cameroun;CM003;Est;CM003003;Kadey;CM003003002;Bombe;Lolo II;village
cameroun;CM003;Est;CM003003;Kadey;CM003003002;Bombe;Sandji II;village
cameroun;CM003;Est;CM003003;Kadey;CM003003002;Bombe;Sandji II;village
cameroun;CM003;Est;CM003003;Kadey;CM003003002;Bombe;Ndongbli;village
cameroun;CM003;Est;CM003003;Kadey;CM003003002;Bombe;Wass;village
cameroun;CM003;Est;CM003003;Kadey;CM003003002;Bombe;Gbadjana;village
cameroun;CM003;Est;CM003003;Kadey;CM003003002;Bombe;Lolo;town
cameroun;CM003;Est;CM003003;Kadey;CM003003002;Bombe;Pouyanga;village
cameroun;CM003;Est;CM003003;Kadey;CM003003002;Bombe;Bound;village
cameroun;CM003;Est;CM003003;Kadey;CM003003006;Ndelele;Ndanko-Sopl;village
cameroun;CM003;Est;CM003003;Kadey;CM003003006;Ndelele;Wosso;village
cameroun;CM003;Est;CM003003;Kadey;CM003003006;Ndelele;Aito;village
cameroun;CM003;Est;CM003003;Kadey;CM003003006;Ndelele;Banga;village
cameroun;CM003;Est;CM003003;Kadey;CM003003006;Ndelele;Semb II;village
cameroun;CM003;Est;CM003003;Kadey;CM003003006;Ndelele;Ndoumb;village
cameroun;CM003;Est;CM003003;Kadey;CM003003006;Ndelele;Bkl;village
cameroun;CM003;Est;CM003003;Kadey;CM003003006;Ndelele;Dim;village
cameroun;CM003;Est;CM003003;Kadey;CM003003006;Ndelele;Mepouta;village
cameroun;CM003;Est;CM003003;Kadey;CM003003006;Ndelele;Blita;village
cameroun;CM003;Est;CM003003;Kadey;CM003003006;Ndelele;Gamago;village
cameroun;CM003;Est;CM003003;Kadey;CM003003006;Ndelele;Sone;village
cameroun;CM003;Est;CM003003;Kadey;CM003003006;Ndelele;Ndll;town
cameroun;CM003;Est;CM003003;Kadey;CM003003006;Ndelele;Alouma;village
cameroun;CM003;Est;CM003003;Kadey;CM003003006;Ndelele;Bouno II;village
cameroun;CM003;Est;CM003003;Kadey;CM003003006;Ndelele;Ngako;village
cameroun;CM003;Est;CM003003;Kadey;CM003003006;Ndelele;Bie;village
cameroun;CM003;Est;CM003003;Kadey;CM003003006;Ndelele;Adinding;village
cameroun;CM003;Est;CM003003;Kadey;CM003003006;Ndelele;Loumbe;village
cameroun;CM003;Est;CM003003;Kadey;CM003003006;Ndelele;Nakpassa 2;village
cameroun;CM003;Est;CM003003;Kadey;CM003003006;Ndelele;Nakpassa 1;village
cameroun;CM003;Est;CM003003;Kadey;CM003003006;Ndelele;Bouno I;village
cameroun;CM003;Est;CM003003;Kadey;CM003003006;Ndelele;Ndanko;village
cameroun;CM003;Est;CM003003;Kadey;CM003003006;Ndelele;Loukou Loukou;village
cameroun;CM003;Est;CM003003;Kadey;CM003003006;Ndelele;Ll;village
cameroun;CM003;Est;CM003003;Kadey;CM003003006;Ndelele;Ngomb;village
cameroun;CM003;Est;CM003003;Kadey;CM003003006;Ndelele;Yola;town
cameroun;CM003;Est;CM003003;Kadey;CM003003006;Ndelele;Ndoung Sanga;village
cameroun;CM003;Est;CM003003;Kadey;CM003003006;Ndelele;Ndelle 2;village
cameroun;CM003;Est;CM003003;Kadey;CM003003006;Ndelele;Mbele;village
cameroun;CM003;Est;CM003003;Kadey;CM003003006;Ndelele;Kpangalakonga;village
cameroun;CM003;Est;CM003003;Kadey;CM003003006;Ndelele;Wassa;village
cameroun;CM003;Est;CM003003;Kadey;CM003003002;Bombe;Bombe Philllipe;village
cameroun;CM003;Est;CM003003;Kadey;CM003003002;Bombe;Mbouy;village
cameroun;CM003;Est;CM003003;Kadey;CM003003002;Bombe;Paka;village
cameroun;CM003;Est;CM003003;Kadey;CM003003002;Bombe;Kentzou;town
cameroun;CM003;Est;CM003003;Kadey;CM003003002;Bombe;Banda;village
cameroun;CM003;Est;CM003003;Kadey;CM003003002;Bombe;Gbassia;village
cameroun;CM003;Est;CM003003;Kadey;CM003003006;Ndelele;Sembe 1;village
cameroun;CM003;Est;CM003003;Kadey;CM003003002;Bombe;Mekpolo;village
cameroun;CM003;Est;CM003003;Kadey;CM003003002;Bombe;Gbli;village
cameroun;CM003;Est;CM003003;Kadey;CM003003002;Bombe;Sam;village
cameroun;CM003;Est;CM003003;Kadey;CM003003002;Bombe;Ngwandji;village
cameroun;CM003;Est;CM003003;Kadey;CM003003002;Bombe;Gbolegbole;village
cameroun;CM003;Est;CM003003;Kadey;CM003003002;Bombe;Bombe Mbendo;village
cameroun;CM003;Est;CM003003;Kadey;CM003003006;Ndelele;Ngouna;village
cameroun;CM003;Est;CM003003;Kadey;CM003003006;Ndelele;Mbombete;village
cameroun;CM003;Est;CM003003;Kadey;CM003003006;Ndelele;Panawa;village
cameroun;CM003;Est;CM003003;Kadey;CM003003006;Ndelele;Lindi I;village
cameroun;CM003;Est;CM003003;Kadey;CM003003006;Ndelele;Wandjimbi;village
cameroun;CM003;Est;CM003003;Kadey;CM003003006;Ndelele;Ndong;village
cameroun;CM003;Est;CM003003;Kadey;CM003003006;Ndelele;Mbondoua 1;village
cameroun;CM003;Est;CM003003;Kadey;CM003003006;Ndelele;Mbondwal;village
cameroun;CM003;Est;CM003003;Kadey;CM003003006;Ndelele;Mbondoua 2;village
cameroun;CM003;Est;CM003001;Boumba-et-Ngoko;CM003001001;Gari Gombo;Djldjemou;village
cameroun;CM003;Est;CM003001;Boumba-et-Ngoko;CM003001001;Gari Gombo;Lambo;village
cameroun;CM003;Est;CM003001;Boumba-et-Ngoko;CM003001001;Gari Gombo;Ngoundi I;village
cameroun;CM003;Est;CM003001;Boumba-et-Ngoko;CM003001001;Gari Gombo;Belekoubou;village
cameroun;CM003;Est;CM003001;Boumba-et-Ngoko;CM003001001;Gari Gombo;Kpokilita;village
cameroun;CM003;Est;CM003001;Boumba-et-Ngoko;CM003001001;Gari Gombo;Gari-Gombo;town
cameroun;CM003;Est;CM003001;Boumba-et-Ngoko;CM003001001;Gari Gombo;Ngopia;village
cameroun;CM003;Est;CM003001;Boumba-et-Ngoko;CM003001001;Gari Gombo;Mbotoumdou;village
cameroun;CM003;Est;CM003001;Boumba-et-Ngoko;CM003001001;Gari Gombo;Ndjoukoudoumou;village
cameroun;CM003;Est;CM003001;Boumba-et-Ngoko;CM003001001;Gari Gombo;Ouesso;village
cameroun;CM003;Est;CM003001;Boumba-et-Ngoko;CM003001001;Gari Gombo;Mess;village
cameroun;CM003;Est;CM003001;Boumba-et-Ngoko;CM003001001;Gari Gombo;Ngambel;village
cameroun;CM003;Est;CM003003;Kadey;CM003003006;Ndelele;Ngoko;village
cameroun;CM003;Est;CM003003;Kadey;CM003003006;Ndelele;Dangli;village
cameroun;CM003;Est;CM003003;Kadey;CM003003006;Ndelele;Ngombadjokou;village
cameroun;CM003;Est;CM003001;Boumba-et-Ngoko;CM003001001;Gari Gombo;Ngoundi II;village
cameroun;CM003;Est;CM003001;Boumba-et-Ngoko;CM003001001;Gari Gombo;Disso;village
cameroun;CM003;Est;CM003001;Boumba-et-Ngoko;CM003001001;Gari Gombo;Ngaresso;village
cameroun;CM003;Est;CM003001;Boumba-et-Ngoko;CM003001001;Gari Gombo;Ndeng;village
cameroun;CM003;Est;CM003001;Boumba-et-Ngoko;CM003001001;Gari Gombo;Lom;village
cameroun;CM003;Est;CM003001;Boumba-et-Ngoko;CM003001001;Gari Gombo;Nden;village
cameroun;CM003;Est;CM003001;Boumba-et-Ngoko;CM003001001;Gari Gombo;Momzopia;village
cameroun;CM003;Est;CM003001;Boumba-et-Ngoko;CM003001001;Gari Gombo;Noumbankoe;village
cameroun;CM003;Est;CM003001;Boumba-et-Ngoko;CM003001001;Gari Gombo;Mopouo;village
cameroun;CM003;Est;CM003001;Boumba-et-Ngoko;CM003001001;Gari Gombo;Mampele;village
cameroun;CM003;Est;CM003001;Boumba-et-Ngoko;CM003001001;Gari Gombo;Tombi;village
cameroun;CM003;Est;CM003001;Boumba-et-Ngoko;CM003001001;Gari Gombo;Gribi;village
cameroun;CM003;Est;CM003001;Boumba-et-Ngoko;CM003001001;Gari Gombo;Kongo;village
cameroun;CM003;Est;CM003001;Boumba-et-Ngoko;CM003001001;Gari Gombo;Ngareta;village
cameroun;CM003;Est;CM003001;Boumba-et-Ngoko;CM003001001;Gari Gombo;Difolo;village
cameroun;CM003;Est;CM003001;Boumba-et-Ngoko;CM003001001;Gari Gombo;Kelemba;village
cameroun;CM003;Est;CM003001;Boumba-et-Ngoko;CM003001001;Gari Gombo;Mang;village
cameroun;CM003;Est;CM003001;Boumba-et-Ngoko;CM003001004;Yokadouma;Yantchi;village
cameroun;CM003;Est;CM003001;Boumba-et-Ngoko;CM003001004;Yokadouma;Mboy I;village
cameroun;CM003;Est;CM003001;Boumba-et-Ngoko;CM003001004;Yokadouma;Mboy II;village
cameroun;CM003;Est;CM003001;Boumba-et-Ngoko;CM003001004;Yokadouma;Mobalo I;village
cameroun;CM003;Est;CM003001;Boumba-et-Ngoko;CM003001004;Yokadouma;Mparo;village
cameroun;CM003;Est;CM003001;Boumba-et-Ngoko;CM003001004;Yokadouma;Massiembo;village
cameroun;CM003;Est;CM003001;Boumba-et-Ngoko;CM003001004;Yokadouma;Mang;village
cameroun;CM003;Est;CM003001;Boumba-et-Ngoko;CM003001004;Yokadouma;Nampela;village
cameroun;CM003;Est;CM003001;Boumba-et-Ngoko;CM003001004;Yokadouma;Bompelo;village
cameroun;CM003;Est;CM003001;Boumba-et-Ngoko;CM003001004;Yokadouma;Ngola 35;village
cameroun;CM003;Est;CM003001;Boumba-et-Ngoko;CM003001004;Yokadouma;Mempoe;village
cameroun;CM003;Est;CM003001;Boumba-et-Ngoko;CM003001004;Yokadouma;Samis;village
cameroun;CM003;Est;CM003001;Boumba-et-Ngoko;CM003001003;Salapoumbe;Bla;village
cameroun;CM003;Est;CM003001;Boumba-et-Ngoko;CM003001003;Salapoumbe;Libongo;village
cameroun;CM003;Est;CM003001;Boumba-et-Ngoko;CM003001002;Moloundou;Bon Coin;village
cameroun;CM003;Est;CM003001;Boumba-et-Ngoko;CM003001002;Moloundou;Bomassa;village
cameroun;CM003;Est;CM003001;Boumba-et-Ngoko;CM003001002;Moloundou;Mongokl;village
cameroun;CM003;Est;CM003001;Boumba-et-Ngoko;CM003001002;Moloundou;Mawa;village
cameroun;CM003;Est;CM003001;Boumba-et-Ngoko;CM003001002;Moloundou;Maboko;village
cameroun;CM003;Est;CM003001;Boumba-et-Ngoko;CM003001002;Moloundou;S.O.C.A.M.B.O.;village
cameroun;CM003;Est;CM003001;Boumba-et-Ngoko;CM003001002;Moloundou;Gatongo;village
cameroun;CM006;Nord;CM006002;Faro;CM006002002;Poli;Yobo;village
cameroun;CM006;Nord;CM006002;Faro;CM006002002;Poli;Djoumte;village
cameroun;CM006;Nord;CM006001;Bnou;CM006001011;Tcheboa;Dundehi;village
cameroun;CM006;Nord;CM006001;Bnou;CM006001011;Tcheboa;Hinga;village
cameroun;CM006;Nord;CM006002;Faro;CM006002002;Poli;Bekasseko;village
cameroun;CM006;Nord;CM006002;Faro;CM006002002;Poli;Siko;village
cameroun;CM006;Nord;CM006002;Faro;CM006002002;Poli;Foubarka;village
cameroun;CM006;Nord;CM006002;Faro;CM006002002;Poli;Tete;village
cameroun;CM006;Nord;CM006002;Faro;CM006002002;Poli;Pengueng;village
cameroun;CM006;Nord;CM006002;Faro;CM006002002;Poli;Gode;village
cameroun;CM006;Nord;CM006002;Faro;CM006002002;Poli;Fignole_1;village
cameroun;CM006;Nord;CM006002;Faro;CM006002002;Poli;Yelle;village
cameroun;CM006;Nord;CM006002;Faro;CM006002002;Poli;Daksidongo;village
cameroun;CM006;Nord;CM006002;Faro;CM006002002;Poli;Salaki;village
cameroun;CM006;Nord;CM006002;Faro;CM006002002;Poli;Voko;village
cameroun;CM006;Nord;CM006002;Faro;CM006002002;Poli;Manou;village
cameroun;CM006;Nord;CM006002;Faro;CM006002002;Poli;Pat Manga;village
cameroun;CM006;Nord;CM006002;Faro;CM006002002;Poli;Bantadje;village
cameroun;CM006;Nord;CM006002;Faro;CM006002002;Poli;Mango;village
cameroun;CM006;Nord;CM006002;Faro;CM006002002;Poli;Gare;village
cameroun;CM006;Nord;CM006002;Faro;CM006002002;Poli;Kongle;village
cameroun;CM006;Nord;CM006002;Faro;CM006002002;Poli;Gourko;village
cameroun;CM006;Nord;CM006002;Faro;CM006002002;Poli;Riga;village
cameroun;CM006;Nord;CM006002;Faro;CM006002002;Poli;Boulko;village
cameroun;CM006;Nord;CM006001;Bnou;CM006001011;Tcheboa;Tarba;village
cameroun;CM006;Nord;CM006002;Faro;CM006002002;Poli;Boule;village
cameroun;CM006;Nord;CM006001;Bnou;CM006001011;Tcheboa;Tapare Sorke;village
cameroun;CM006;Nord;CM006001;Bnou;CM006001011;Tcheboa;Ouro Souka;village
cameroun;CM006;Nord;CM006001;Bnou;CM006001011;Tcheboa;Gomsi;village
cameroun;CM006;Nord;CM006001;Bnou;CM006001011;Tcheboa;Tsorke;village
cameroun;CM006;Nord;CM006001;Bnou;CM006001011;Tcheboa;Tsorke;village
cameroun;CM006;Nord;CM006001;Bnou;CM006001011;Tcheboa;Katarko;village
cameroun;CM006;Nord;CM006002;Faro;CM006002002;Poli;Sirdjam;village
cameroun;CM006;Nord;CM006002;Faro;CM006002002;Poli;Marba;village
cameroun;CM006;Nord;CM006002;Faro;CM006002002;Poli;Hoy;village
cameroun;CM006;Nord;CM006002;Faro;CM006002002;Poli;Boumba;village
cameroun;CM006;Nord;CM006002;Faro;CM006002002;Poli;Pintchoumba;village
cameroun;CM006;Nord;CM006002;Faro;CM006002002;Poli;Ouro Mandara;village
cameroun;CM006;Nord;CM006001;Bnou;CM006001008;Lagdo;Golomba;village
cameroun;CM006;Nord;CM006002;Faro;CM006002002;Poli;Bangui;village
cameroun;CM006;Nord;CM006001;Bnou;CM006001008;Lagdo;Djra;village
cameroun;CM006;Nord;CM006002;Faro;CM006002002;Poli;Zera_2;village
cameroun;CM006;Nord;CM006002;Faro;CM006002002;Poli;Zera;village
cameroun;CM006;Nord;CM006002;Faro;CM006002002;Poli;Tambadjam;village
cameroun;CM006;Nord;CM006001;Bnou;CM006001008;Lagdo;Ouro Hairou;village
cameroun;CM006;Nord;CM006001;Bnou;CM006001008;Lagdo;Pana_matal;village
cameroun;CM006;Nord;CM006001;Bnou;CM006001008;Lagdo;Carrefour Naari;village
cameroun;CM006;Nord;CM006001;Bnou;CM006001008;Lagdo;Ossaman;village
cameroun;CM006;Nord;CM006001;Bnou;CM006001008;Lagdo;Kourbi Zera;village
cameroun;CM006;Nord;CM006001;Bnou;CM006001008;Lagdo;Mayo Dissi;village
cameroun;CM006;Nord;CM006001;Bnou;CM006001008;Lagdo;Domayo Tcheboa;village
cameroun;CM006;Nord;CM006001;Bnou;CM006001008;Lagdo;Soulede;village
cameroun;CM006;Nord;CM006001;Bnou;CM006001008;Lagdo;Badankali _2;village
cameroun;CM006;Nord;CM006001;Bnou;CM006001008;Lagdo;Ouro_barriere_1;village
cameroun;CM006;Nord;CM006001;Bnou;CM006001008;Lagdo;Ouro_barriere_2;village
cameroun;CM006;Nord;CM006001;Bnou;CM006001008;Lagdo;Badankali_1;village
cameroun;CM006;Nord;CM006001;Bnou;CM006001008;Lagdo;Djoda_rena;village
cameroun;CM006;Nord;CM006001;Bnou;CM006001008;Lagdo;Bocki_3;village
cameroun;CM006;Nord;CM006001;Bnou;CM006001008;Lagdo;Sellou;village
cameroun;CM006;Nord;CM006001;Bnou;CM006001008;Lagdo;Bocki 2;village
cameroun;CM006;Nord;CM006001;Bnou;CM006001008;Lagdo;Ouro_karimou_2;village
cameroun;CM006;Nord;CM006001;Bnou;CM006001008;Lagdo;Ouro Karimou_2;village
cameroun;CM006;Nord;CM006001;Bnou;CM006001008;Lagdo;Bocki_1;village
cameroun;CM006;Nord;CM006001;Bnou;CM006001008;Lagdo;Ouro Bouba;village
cameroun;CM006;Nord;CM006001;Bnou;CM006001008;Lagdo;Kate;village
cameroun;CM006;Nord;CM006001;Bnou;CM006001008;Lagdo;Djabbama;village
cameroun;CM006;Nord;CM006001;Bnou;CM006001008;Lagdo;Ouro Tamba;village
cameroun;CM006;Nord;CM006001;Bnou;CM006001008;Lagdo;Mbella;village
cameroun;CM006;Nord;CM006001;Bnou;CM006001008;Lagdo;Djaboutou;village
cameroun;CM006;Nord;CM006001;Bnou;CM006001008;Lagdo;Pana;village
cameroun;CM006;Nord;CM006001;Bnou;CM006001008;Lagdo;Carrefour_poli;village
cameroun;CM006;Nord;CM006001;Bnou;CM006001008;Lagdo;Gouna;town
cameroun;CM006;Nord;CM006001;Bnou;CM006001008;Lagdo;Balda Gouna;village
cameroun;CM006;Nord;CM006001;Bnou;CM006001008;Lagdo;Balda_2;village
cameroun;CM006;Nord;CM006001;Bnou;CM006001008;Lagdo;Balda;village
cameroun;CM006;Nord;CM006001;Bnou;CM006001008;Lagdo;Samoh_gouna;village
cameroun;CM006;Nord;CM006004;Mayo-Rey;CM006004003;Tchollire;Winde_bouri;village
cameroun;CM006;Nord;CM006004;Mayo-Rey;CM006004003;Tchollire;Nassarao_boumedje;village
cameroun;CM006;Nord;CM006004;Mayo-Rey;CM006004003;Tchollire;Ouro_mandara;village
cameroun;CM006;Nord;CM006004;Mayo-Rey;CM006004003;Tchollire;Banda;village
cameroun;CM006;Nord;CM006004;Mayo-Rey;CM006004003;Tchollire;Gamba;village
cameroun;CM006;Nord;CM006004;Mayo-Rey;CM006004003;Tchollire;Leunda;village
cameroun;CM001;Adamaoua;CM001005;Vina;CM001005003;Mbe;Ngaouyanga;village
cameroun;CM001;Adamaoua;CM001005;Vina;CM001005003;Mbe;Lamido;village
cameroun;CM001;Adamaoua;CM001005;Vina;CM001005003;Mbe;Ouro Kesso;village
cameroun;CM001;Adamaoua;CM001005;Vina;CM001005003;Mbe;Mb;town
cameroun;CM001;Adamaoua;CM001005;Vina;CM001005003;Mbe;Djett;village
cameroun;CM001;Adamaoua;CM001005;Vina;CM001005003;Mbe;Karna_petel;village
cameroun;CM001;Adamaoua;CM001005;Vina;CM001005003;Mbe;Karna Manga;village
cameroun;CM001;Adamaoua;CM001005;Vina;CM001005003;Mbe;Harr;village
cameroun;CM006;Nord;CM006004;Mayo-Rey;CM006004003;Tchollire;Zera;village
cameroun;CM006;Nord;CM006004;Mayo-Rey;CM006004003;Tchollire;Ngueleo;village
cameroun;CM006;Nord;CM006004;Mayo-Rey;CM006004003;Tchollire;Biliel;village
cameroun;CM001;Adamaoua;CM001005;Vina;CM001005002;Martap;Mandourou;village
cameroun;CM001;Adamaoua;CM001005;Vina;CM001005002;Martap;Foufeke;village
cameroun;CM001;Adamaoua;CM001005;Vina;CM001005002;Martap;Mbiasoro;village
cameroun;CM001;Adamaoua;CM001005;Vina;CM001005007;Ngaoundere 3e;Tchabal;village
cameroun;CM001;Adamaoua;CM001005;Vina;CM001005007;Ngaoundere 3e;Malang;village
cameroun;CM001;Adamaoua;CM001005;Vina;CM001005004;Nganha;Madjer Malia;village
cameroun;CM001;Adamaoua;CM001005;Vina;CM001005004;Nganha;Tindang;village
cameroun;CM001;Adamaoua;CM001005;Vina;CM001005004;Nganha;Mbang Foulb;village
cameroun;CM001;Adamaoua;CM001005;Vina;CM001005004;Nganha;Ndouar;village
cameroun;CM001;Adamaoua;CM001005;Vina;CM001005004;Nganha;Weme Grand;village
cameroun;CM001;Adamaoua;CM001005;Vina;CM001005004;Nganha;Mbarang;village
cameroun;CM001;Adamaoua;CM001005;Vina;CM001005004;Nganha;Warak II;village
cameroun;CM001;Adamaoua;CM001005;Vina;CM001005004;Nganha;Konalemou;village
cameroun;CM001;Adamaoua;CM001005;Vina;CM001005004;Nganha;Bizoro;village
cameroun;CM001;Adamaoua;CM001005;Vina;CM001005004;Nganha;Dena;village
cameroun;CM001;Adamaoua;CM001005;Vina;CM001005004;Nganha;Mbang-Mboum;village
cameroun;CM001;Adamaoua;CM001005;Vina;CM001005004;Nganha;Sanga;village
cameroun;CM001;Adamaoua;CM001005;Vina;CM001005004;Nganha;Awa;village
cameroun;CM001;Adamaoua;CM001005;Vina;CM001005004;Nganha;Gangassaou;village
cameroun;CM001;Adamaoua;CM001005;Vina;CM001005004;Nganha;Mabarang;village
cameroun;CM001;Adamaoua;CM001005;Vina;CM001005004;Nganha;Sabongari;village
cameroun;CM001;Adamaoua;CM001005;Vina;CM001005004;Nganha;Ndoctoutou;village
cameroun;CM001;Adamaoua;CM001005;Vina;CM001005004;Nganha;Mbaossi;village
cameroun;CM001;Adamaoua;CM001005;Vina;CM001005004;Nganha;Mbang Foulb;village
cameroun;CM001;Adamaoua;CM001005;Vina;CM001005003;Mbe;Sassa Garda;village
cameroun;CM001;Adamaoua;CM001005;Vina;CM001005003;Mbe;Vourgneck Maboum;village
cameroun;CM001;Adamaoua;CM001005;Vina;CM001005003;Mbe;Tagboum;village
cameroun;CM001;Adamaoua;CM001005;Vina;CM001005003;Mbe;Ngorhieck;village
cameroun;CM001;Adamaoua;CM001005;Vina;CM001005003;Mbe;Home Wato;village
cameroun;CM001;Adamaoua;CM001005;Vina;CM001005003;Mbe;Gop Noug;village
cameroun;CM001;Adamaoua;CM001005;Vina;CM001005003;Mbe;Nguessek Nga;village
cameroun;CM001;Adamaoua;CM001005;Vina;CM001005003;Mbe;Vorgne Sans Fou;village
cameroun;CM001;Adamaoua;CM001005;Vina;CM001005003;Mbe;Ngaoundjoum;village
cameroun;CM006;Nord;CM006004;Mayo-Rey;CM006004003;Tchollire;Doudja;village
cameroun;CM001;Adamaoua;CM001005;Vina;CM001005003;Mbe;Nyadou;village
cameroun;CM006;Nord;CM006004;Mayo-Rey;CM006004003;Tchollire;Garang;village
cameroun;CM006;Nord;CM006004;Mayo-Rey;CM006004003;Tchollire;Rol;village
cameroun;CM001;Adamaoua;CM001005;Vina;CM001005004;Nganha;Niasar;village
cameroun;CM001;Adamaoua;CM001005;Vina;CM001005004;Nganha;Petit_wame;village
cameroun;CM006;Nord;CM006004;Mayo-Rey;CM006004003;Tchollire;Mbang;village
cameroun;CM001;Adamaoua;CM001005;Vina;CM001005004;Nganha;Berem;village
cameroun;CM001;Adamaoua;CM001005;Vina;CM001005004;Nganha;Warak I;village
cameroun;CM001;Adamaoua;CM001005;Vina;CM001005004;Nganha;Nom-Kandj;village
cameroun;CM001;Adamaoua;CM001005;Vina;CM001005004;Nganha;Massa_bath;village
cameroun;CM006;Nord;CM006004;Mayo-Rey;CM006004003;Tchollire;Gakri;village
cameroun;CM006;Nord;CM006004;Mayo-Rey;CM006004003;Tchollire;Baossi;village
cameroun;CM006;Nord;CM006004;Mayo-Rey;CM006004003;Tchollire;Gop;village
cameroun;CM001;Adamaoua;CM001005;Vina;CM001005004;Nganha;Nyassar;village
cameroun;CM001;Adamaoua;CM001005;Vina;CM001005004;Nganha;Womi;village
cameroun;CM001;Adamaoua;CM001005;Vina;CM001005004;Nganha;Wame;village
cameroun;CM001;Adamaoua;CM001005;Vina;CM001005004;Nganha;Foundoye;village
cameroun;CM001;Adamaoua;CM001005;Vina;CM001005004;Nganha;Nyambarang;village
cameroun;CM001;Adamaoua;CM001005;Vina;CM001005004;Nganha;Yenwa Koubadje;village
cameroun;CM001;Adamaoua;CM001005;Vina;CM001005004;Nganha;Nganha;town
cameroun;CM001;Adamaoua;CM001005;Vina;CM001005004;Nganha;Nidigou;village
cameroun;CM001;Adamaoua;CM001005;Vina;CM001005004;Nganha;Nyassar Petit;village
cameroun;CM001;Adamaoua;CM001005;Vina;CM001005004;Nganha;Gona;village
cameroun;CM001;Adamaoua;CM001005;Vina;CM001005004;Nganha;Bra;village
cameroun;CM001;Adamaoua;CM001005;Vina;CM001005004;Nganha;Nana;village
cameroun;CM001;Adamaoua;CM001005;Vina;CM001005001;Belel;Tourningal;village
cameroun;CM006;Nord;CM006004;Mayo-Rey;CM006004003;Tchollire;Mbaka;village
cameroun;CM006;Nord;CM006004;Mayo-Rey;CM006004003;Tchollire;Mayo_batsa;village
cameroun;CM006;Nord;CM006004;Mayo-Rey;CM006004003;Tchollire;Akana;village
cameroun;CM006;Nord;CM006004;Mayo-Rey;CM006004003;Tchollire;Ambarang;village
cameroun;CM006;Nord;CM006004;Mayo-Rey;CM006004003;Tchollire;Mayo_guemzek;village
cameroun;CM006;Nord;CM006004;Mayo-Rey;CM006004003;Tchollire;Vongna;village
cameroun;CM006;Nord;CM006004;Mayo-Rey;CM006004004;Touboro;Djanda;village
cameroun;CM006;Nord;CM006004;Mayo-Rey;CM006004004;Touboro;Kombo;village
cameroun;CM006;Nord;CM006004;Mayo-Rey;CM006004004;Touboro;Yoko;village
cameroun;CM006;Nord;CM006004;Mayo-Rey;CM006004003;Tchollire;Kombo_1;village
cameroun;CM006;Nord;CM006004;Mayo-Rey;CM006004003;Tchollire;Ouro_dara;village
cameroun;CM006;Nord;CM006004;Mayo-Rey;CM006004004;Touboro;Mbem;village
cameroun;CM006;Nord;CM006004;Mayo-Rey;CM006004004;Touboro;Home;village
cameroun;CM006;Nord;CM006004;Mayo-Rey;CM006004004;Touboro;Home;village
cameroun;CM006;Nord;CM006004;Mayo-Rey;CM006004004;Touboro;Vogzom_1;village
cameroun;CM006;Nord;CM006004;Mayo-Rey;CM006004004;Touboro;Vogzom_2;village
cameroun;CM006;Nord;CM006004;Mayo-Rey;CM006004004;Touboro;Bidam;village
cameroun;CM006;Nord;CM006004;Mayo-Rey;CM006004004;Touboro;Foumbang;village
cameroun;CM006;Nord;CM006004;Mayo-Rey;CM006004004;Touboro;Maroum;village
cameroun;CM006;Nord;CM006004;Mayo-Rey;CM006004003;Tchollire;Mbillaria;village
cameroun;CM006;Nord;CM006004;Mayo-Rey;CM006004003;Tchollire;Gandi;village
cameroun;CM006;Nord;CM006004;Mayo-Rey;CM006004003;Tchollire;Mayo_galke_2;village
cameroun;CM006;Nord;CM006004;Mayo-Rey;CM006004003;Tchollire;Ira Tchollire;village
cameroun;CM006;Nord;CM006004;Mayo-Rey;CM006004003;Tchollire;Mayo Galke;village
cameroun;CM006;Nord;CM006004;Mayo-Rey;CM006004003;Tchollire;Sabongari;village
cameroun;CM006;Nord;CM006004;Mayo-Rey;CM006004003;Tchollire;Reyna;village
cameroun;CM006;Nord;CM006004;Mayo-Rey;CM006004003;Tchollire;Laboun;village
cameroun;CM006;Nord;CM006004;Mayo-Rey;CM006004003;Tchollire;Kourouk;village
cameroun;CM006;Nord;CM006004;Mayo-Rey;CM006004003;Tchollire;Kali;village
cameroun;CM006;Nord;CM006004;Mayo-Rey;CM006004003;Tchollire;Gaba;village
cameroun;CM006;Nord;CM006004;Mayo-Rey;CM006004003;Tchollire;Kali;village
cameroun;CM006;Nord;CM006004;Mayo-Rey;CM006004003;Tchollire;Gaba;village
cameroun;CM006;Nord;CM006004;Mayo-Rey;CM006004003;Tchollire;Koum;village
cameroun;CM006;Nord;CM006004;Mayo-Rey;CM006004003;Tchollire;Koum;village
cameroun;CM006;Nord;CM006004;Mayo-Rey;CM006004003;Tchollire;Mbissiri;village
cameroun;CM006;Nord;CM006004;Mayo-Rey;CM006004003;Tchollire;Mananya;village
cameroun;CM006;Nord;CM006004;Mayo-Rey;CM006004002;Rey-Bouba;Campement BBDJ;village
cameroun;CM006;Nord;CM006004;Mayo-Rey;CM006004002;Rey-Bouba;Vaimba;village
cameroun;CM006;Nord;CM006004;Mayo-Rey;CM006004002;Rey-Bouba;Ouro Kessoum;village
cameroun;CM006;Nord;CM006004;Mayo-Rey;CM006004002;Rey-Bouba;Landou;village
cameroun;CM006;Nord;CM006004;Mayo-Rey;CM006004002;Rey-Bouba;Catouguel;village
cameroun;CM006;Nord;CM006004;Mayo-Rey;CM006004003;Tchollire;Crc;village
cameroun;CM006;Nord;CM006004;Mayo-Rey;CM006004003;Tchollire;Tolore_2;village
cameroun;CM006;Nord;CM006004;Mayo-Rey;CM006004003;Tchollire;Tolore;village
cameroun;CM006;Nord;CM006004;Mayo-Rey;CM006004003;Tchollire;Tapare;village
cameroun;CM006;Nord;CM006004;Mayo-Rey;CM006004002;Rey-Bouba;Rey Manga;village
cameroun;CM006;Nord;CM006004;Mayo-Rey;CM006004002;Rey-Bouba;Rey Bouba;town
cameroun;CM006;Nord;CM006004;Mayo-Rey;CM006004002;Rey-Bouba;Madanai;village
cameroun;CM006;Nord;CM006004;Mayo-Rey;CM006004002;Rey-Bouba;Billa;village
cameroun;CM006;Nord;CM006004;Mayo-Rey;CM006004002;Rey-Bouba;Rya Bissai;village
cameroun;CM006;Nord;CM006004;Mayo-Rey;CM006004002;Rey-Bouba;Guirling;village
cameroun;CM006;Nord;CM006004;Mayo-Rey;CM006004002;Rey-Bouba;Dambi;village
cameroun;CM006;Nord;CM006004;Mayo-Rey;CM006004002;Rey-Bouba;Kongrong Est;village
cameroun;CM006;Nord;CM006004;Mayo-Rey;CM006004002;Rey-Bouba;Gabde;village
cameroun;CM006;Nord;CM006004;Mayo-Rey;CM006004002;Rey-Bouba;Kongrong Ouest;village
cameroun;CM006;Nord;CM006004;Mayo-Rey;CM006004002;Rey-Bouba;Bassari;village
cameroun;CM006;Nord;CM006004;Mayo-Rey;CM006004002;Rey-Bouba;Djouroum;village
cameroun;CM006;Nord;CM006004;Mayo-Rey;CM006004002;Rey-Bouba;Bideng Djabirou Boliel;village
cameroun;CM006;Nord;CM006004;Mayo-Rey;CM006004002;Rey-Bouba;Atekie;village
cameroun;CM006;Nord;CM006004;Mayo-Rey;CM006004002;Rey-Bouba;Badidi Kotoko Nouhou Silas;village
cameroun;CM006;Nord;CM006004;Mayo-Rey;CM006004002;Rey-Bouba;Bagidi 2;village
cameroun;CM006;Nord;CM006004;Mayo-Rey;CM006004003;Tchollire;Mboukma;village
cameroun;CM006;Nord;CM006004;Mayo-Rey;CM006004003;Tchollire;Larki;village
cameroun;CM006;Nord;CM006004;Mayo-Rey;CM006004003;Tchollire;Fimbe;village
cameroun;CM006;Nord;CM006004;Mayo-Rey;CM006004003;Tchollire;Maradi;village
cameroun;CM006;Nord;CM006004;Mayo-Rey;CM006004003;Tchollire;Wafango;village
cameroun;CM002;Centre;CM002001;Haute-Sanaga;CM002001003;Mbandjock;Mbandjock;town
cameroun;CM002;Centre;CM002001;Haute-Sanaga;CM002001003;Mbandjock;Melon;village
cameroun;CM002;Centre;CM002001;Haute-Sanaga;CM002001006;Nkoteng;Matchang;village
cameroun;CM002;Centre;CM002001;Haute-Sanaga;CM002001003;Mbandjock;Bikoado;village
cameroun;CM002;Centre;CM002001;Haute-Sanaga;CM002001006;Nkoteng;Mendoko;village
cameroun;CM002;Centre;CM002001;Haute-Sanaga;CM002001006;Nkoteng;Nkoloboutou;village
cameroun;CM002;Centre;CM002001;Haute-Sanaga;CM002001006;Nkoteng;Ngoulmekong;village
cameroun;CM002;Centre;CM002001;Haute-Sanaga;CM002001006;Nkoteng;Kombo;village
cameroun;CM002;Centre;CM002001;Haute-Sanaga;CM002001006;Nkoteng;Ngamba;village
cameroun;CM002;Centre;CM002001;Haute-Sanaga;CM002001006;Nkoteng;Komb;village
cameroun;CM002;Centre;CM002001;Haute-Sanaga;CM002001006;Nkoteng;Andom;village
cameroun;CM002;Centre;CM002001;Haute-Sanaga;CM002001006;Nkoteng;Mguen;village
cameroun;CM002;Centre;CM002001;Haute-Sanaga;CM002001006;Nkoteng;Mendjou;village
cameroun;CM002;Centre;CM002001;Haute-Sanaga;CM002001006;Nkoteng;Eboumengu;village
cameroun;CM002;Centre;CM002001;Haute-Sanaga;CM002001006;Nkoteng;Mendjuo;village
cameroun;CM002;Centre;CM002001;Haute-Sanaga;CM002001006;Nkoteng;Mvane;village
cameroun;CM002;Centre;CM002001;Haute-Sanaga;CM002001006;Nkoteng;Nkoteng;town
cameroun;CM002;Centre;CM002001;Haute-Sanaga;CM002001006;Nkoteng;Mgbayn;village
cameroun;CM002;Centre;CM002001;Haute-Sanaga;CM002001006;Nkoteng;Koudiminon;village
cameroun;CM002;Centre;CM002001;Haute-Sanaga;CM002001006;Nkoteng;Essoboutou;village
cameroun;CM002;Centre;CM002001;Haute-Sanaga;CM002001005;Nanga-Eboko;Bipogu;village
cameroun;CM002;Centre;CM002001;Haute-Sanaga;CM002001005;Nanga-Eboko;Mengond;village
cameroun;CM002;Centre;CM002001;Haute-Sanaga;CM002001005;Nanga-Eboko;Mpomten;village
cameroun;CM002;Centre;CM002001;Haute-Sanaga;CM002001005;Nanga-Eboko;Sab;village
cameroun;CM002;Centre;CM002001;Haute-Sanaga;CM002001005;Nanga-Eboko;Ebonikak;village
cameroun;CM002;Centre;CM002001;Haute-Sanaga;CM002001005;Nanga-Eboko;Lemb;village
cameroun;CM002;Centre;CM002001;Haute-Sanaga;CM002001005;Nanga-Eboko;Mendom;village
cameroun;CM002;Centre;CM002001;Haute-Sanaga;CM002001005;Nanga-Eboko;Bissaga;village
cameroun;CM002;Centre;CM002001;Haute-Sanaga;CM002001005;Nanga-Eboko;Ndjimekong;village
cameroun;CM002;Centre;CM002001;Haute-Sanaga;CM002001005;Nanga-Eboko;Myand 1;village
cameroun;CM002;Centre;CM002001;Haute-Sanaga;CM002001005;Nanga-Eboko;Myand 2;village
cameroun;CM002;Centre;CM002001;Haute-Sanaga;CM002001005;Nanga-Eboko;Metemen;village
cameroun;CM002;Centre;CM002001;Haute-Sanaga;CM002001005;Nanga-Eboko;Metemen;village
cameroun;CM002;Centre;CM002001;Haute-Sanaga;CM002001005;Nanga-Eboko;Mbam;village
cameroun;CM002;Centre;CM002001;Haute-Sanaga;CM002001006;Nkoteng;Lati;village
cameroun;CM002;Centre;CM002001;Haute-Sanaga;CM002001006;Nkoteng;Ekombiti;village
cameroun;CM002;Centre;CM002001;Haute-Sanaga;CM002001006;Nkoteng;Messeng;village
cameroun;CM002;Centre;CM002001;Haute-Sanaga;CM002001006;Nkoteng;Mevoudou;village
cameroun;CM002;Centre;CM002001;Haute-Sanaga;CM002001006;Nkoteng;Megangme;village
cameroun;CM002;Centre;CM002001;Haute-Sanaga;CM002001006;Nkoteng;Ndombam;village
cameroun;CM002;Centre;CM002001;Haute-Sanaga;CM002001006;Nkoteng;Ndoumba;village
cameroun;CM002;Centre;CM002001;Haute-Sanaga;CM002001006;Nkoteng;Avangane;village
cameroun;CM002;Centre;CM002001;Haute-Sanaga;CM002001005;Nanga-Eboko;Sombone;village
cameroun;CM002;Centre;CM002001;Haute-Sanaga;CM002001005;Nanga-Eboko;Engane;village
cameroun;CM002;Centre;CM002001;Haute-Sanaga;CM002001005;Nanga-Eboko;Avangan;village
cameroun;CM002;Centre;CM002001;Haute-Sanaga;CM002001005;Nanga-Eboko;Wala;village
cameroun;CM002;Centre;CM002001;Haute-Sanaga;CM002001005;Nanga-Eboko;Ekomaye;village
cameroun;CM002;Centre;CM002001;Haute-Sanaga;CM002001006;Nkoteng;Ouassa Babout;village
cameroun;CM002;Centre;CM002001;Haute-Sanaga;CM002001005;Nanga-Eboko;Seng Etok;village
cameroun;CM002;Centre;CM002001;Haute-Sanaga;CM002001005;Nanga-Eboko;Boundjou;village
cameroun;CM002;Centre;CM002001;Haute-Sanaga;CM002001005;Nanga-Eboko;Ngaroua;village
cameroun;CM002;Centre;CM002001;Haute-Sanaga;CM002001005;Nanga-Eboko;Mvog-Betsi;village
cameroun;CM002;Centre;CM002001;Haute-Sanaga;CM002001005;Nanga-Eboko;Evoumzi;village
cameroun;CM002;Centre;CM002001;Haute-Sanaga;CM002001005;Nanga-Eboko;Etognang;village
cameroun;CM002;Centre;CM002001;Haute-Sanaga;CM002001005;Nanga-Eboko;Kokoum;village
cameroun;CM002;Centre;CM002001;Haute-Sanaga;CM002001005;Nanga-Eboko;Epogane;village
cameroun;CM002;Centre;CM002001;Haute-Sanaga;CM002001005;Nanga-Eboko;Mendek;village
cameroun;CM002;Centre;CM002001;Haute-Sanaga;CM002001005;Nanga-Eboko;Akak;village
cameroun;CM002;Centre;CM002001;Haute-Sanaga;CM002001005;Nanga-Eboko;Ngalala;village
cameroun;CM002;Centre;CM002001;Haute-Sanaga;CM002001005;Nanga-Eboko;Ebiguidi;village
cameroun;CM002;Centre;CM002001;Haute-Sanaga;CM002001005;Nanga-Eboko;Bidjole;village
cameroun;CM002;Centre;CM002001;Haute-Sanaga;CM002001005;Nanga-Eboko;Eboudoumwan;village
cameroun;CM002;Centre;CM002001;Haute-Sanaga;CM002001005;Nanga-Eboko;Akak;village
cameroun;CM002;Centre;CM002001;Haute-Sanaga;CM002001005;Nanga-Eboko;BIKIT - EVOVOE;village
cameroun;CM002;Centre;CM002001;Haute-Sanaga;CM002001005;Nanga-Eboko;NKOLABANDA - NKOLESSAN;village
cameroun;CM002;Centre;CM002001;Haute-Sanaga;CM002001005;Nanga-Eboko;BISSONO-MENGOSSA;village
cameroun;CM002;Centre;CM002001;Haute-Sanaga;CM002001005;Nanga-Eboko;AKOMO;village
cameroun;CM002;Centre;CM002001;Haute-Sanaga;CM002001005;Nanga-Eboko;ATOLO - MENGALA;village
cameroun;CM002;Centre;CM002001;Haute-Sanaga;CM002001005;Nanga-Eboko;BANA;village
cameroun;CM002;Centre;CM002001;Haute-Sanaga;CM002001005;Nanga-Eboko;KOKOA;village
cameroun;CM002;Centre;CM002001;Haute-Sanaga;CM002001005;Nanga-Eboko;BISSO I-BISSO II-MBANNANGA-MFANDENA;village
cameroun;CM002;Centre;CM002001;Haute-Sanaga;CM002001005;Nanga-Eboko;ONGO'O-ENDOUM-YAMBA-ESSOUM;village
cameroun;CM002;Centre;CM002001;Haute-Sanaga;CM002001005;Nanga-Eboko;ALANGANA-ETSINGUILI;village
cameroun;CM002;Centre;CM002001;Haute-Sanaga;CM002001005;Nanga-Eboko;EDOUMDANE;village
cameroun;CM002;Centre;CM002001;Haute-Sanaga;CM002001005;Nanga-Eboko;EKANG-FANG;village
cameroun;CM002;Centre;CM002001;Haute-Sanaga;CM002001005;Nanga-Eboko;EBOLBOUMOU-MEKA'A-ANDOM;village
cameroun;CM002;Centre;CM002001;Haute-Sanaga;CM002001005;Nanga-Eboko;Nanga-Eboko;town
cameroun;CM002;Centre;CM002001;Haute-Sanaga;CM002001005;Nanga-Eboko;Oyombang;village
cameroun;CM002;Centre;CM002001;Haute-Sanaga;CM002001005;Nanga-Eboko;Nsimeyong;village
cameroun;CM002;Centre;CM002001;Haute-Sanaga;CM002001005;Nanga-Eboko;Bipoga;village
cameroun;CM002;Centre;CM002001;Haute-Sanaga;CM002001005;Nanga-Eboko;Bissaga;village
cameroun;CM002;Centre;CM002001;Haute-Sanaga;CM002001005;Nanga-Eboko;Sandza;village
cameroun;CM002;Centre;CM002001;Haute-Sanaga;CM002001005;Nanga-Eboko;Ibonko;village
cameroun;CM002;Centre;CM002001;Haute-Sanaga;CM002001005;Nanga-Eboko;Kaa;village
cameroun;CM002;Centre;CM002001;Haute-Sanaga;CM002001005;Nanga-Eboko;Mzan;village
cameroun;CM002;Centre;CM002001;Haute-Sanaga;CM002001005;Nanga-Eboko;Ndjasi;village
cameroun;CM002;Centre;CM002001;Haute-Sanaga;CM002001005;Nanga-Eboko;Damas;village
cameroun;CM002;Centre;CM002001;Haute-Sanaga;CM002001005;Nanga-Eboko;Guinda;village
cameroun;CM002;Centre;CM002004;Mbam-et-Kim;CM002004005;Yoko;Malarba;village
cameroun;CM002;Centre;CM002004;Mbam-et-Kim;CM002004005;Yoko;Mandja;village
cameroun;CM002;Centre;CM002001;Haute-Sanaga;CM002001005;Nanga-Eboko;Tskoum;village
cameroun;CM002;Centre;CM002001;Haute-Sanaga;CM002001005;Nanga-Eboko;Msandjob;village
cameroun;CM002;Centre;CM002001;Haute-Sanaga;CM002001005;Nanga-Eboko;Emts;village
cameroun;CM002;Centre;CM002001;Haute-Sanaga;CM002001005;Nanga-Eboko;Wassa;village
cameroun;CM002;Centre;CM002001;Haute-Sanaga;CM002001005;Nanga-Eboko;Ekono;village
cameroun;CM002;Centre;CM002001;Haute-Sanaga;CM002001005;Nanga-Eboko;Wala;village
cameroun;CM002;Centre;CM002001;Haute-Sanaga;CM002001005;Nanga-Eboko;Mebol;village
cameroun;CM002;Centre;CM002001;Haute-Sanaga;CM002001005;Nanga-Eboko;Bissaki;village
cameroun;CM002;Centre;CM002001;Haute-Sanaga;CM002001005;Nanga-Eboko;Mebon;village
cameroun;CM002;Centre;CM002004;Mbam-et-Kim;CM002004005;Yoko;Gandou;village
cameroun;CM002;Centre;CM002004;Mbam-et-Kim;CM002004005;Yoko;Ngoutou;village
cameroun;CM002;Centre;CM002004;Mbam-et-Kim;CM002004005;Yoko;Sas;village
cameroun;CM002;Centre;CM002004;Mbam-et-Kim;CM002004005;Yoko;Ndni;village
cameroun;CM002;Centre;CM002004;Mbam-et-Kim;CM002004005;Yoko;Gouan;village
cameroun;CM002;Centre;CM002004;Mbam-et-Kim;CM002004005;Yoko;Mangay;village
cameroun;CM002;Centre;CM002004;Mbam-et-Kim;CM002004005;Yoko;Mbimbim;village
cameroun;CM002;Centre;CM002004;Mbam-et-Kim;CM002004005;Yoko;Foui;village
cameroun;CM002;Centre;CM002004;Mbam-et-Kim;CM002004005;Yoko;Ngong;village
cameroun;CM002;Centre;CM002004;Mbam-et-Kim;CM002004005;Yoko;Matshari;village
cameroun;CM002;Centre;CM002004;Mbam-et-Kim;CM002004005;Yoko;Djer;village
cameroun;CM002;Centre;CM002004;Mbam-et-Kim;CM002004005;Yoko;Djin;village
cameroun;CM002;Centre;CM002004;Mbam-et-Kim;CM002004005;Yoko;Tchonfou;village
cameroun;CM002;Centre;CM002004;Mbam-et-Kim;CM002004005;Yoko;Choumvan;village
cameroun;CM002;Centre;CM002004;Mbam-et-Kim;CM002004005;Yoko;Foufouing;village
cameroun;CM002;Centre;CM002004;Mbam-et-Kim;CM002004005;Yoko;Mlimving;village
cameroun;CM002;Centre;CM002004;Mbam-et-Kim;CM002004005;Yoko;Nienam;village
cameroun;CM002;Centre;CM002004;Mbam-et-Kim;CM002004005;Yoko;Mbatoua;village
cameroun;CM002;Centre;CM002004;Mbam-et-Kim;CM002004005;Yoko;Yingbi;village
cameroun;CM002;Centre;CM002004;Mbam-et-Kim;CM002004005;Yoko;Layem;village
cameroun;CM002;Centre;CM002004;Mbam-et-Kim;CM002004005;Yoko;Makagne;village
cameroun;CM002;Centre;CM002004;Mbam-et-Kim;CM002004005;Yoko;Mendjan Mvouni;village
cameroun;CM002;Centre;CM002004;Mbam-et-Kim;CM002004005;Yoko;Toumbi;village
cameroun;CM002;Centre;CM002004;Mbam-et-Kim;CM002004005;Yoko;Mgang;village
cameroun;CM002;Centre;CM002004;Mbam-et-Kim;CM002004005;Yoko;Benga;village
cameroun;CM002;Centre;CM002004;Mbam-et-Kim;CM002004005;Yoko;Djampan;village
cameroun;CM002;Centre;CM002004;Mbam-et-Kim;CM002004005;Yoko;Lna;village
cameroun;CM002;Centre;CM002004;Mbam-et-Kim;CM002004005;Yoko;Yoko;town
cameroun;CM002;Centre;CM002004;Mbam-et-Kim;CM002004005;Yoko;Kound;village
cameroun;CM002;Centre;CM002004;Mbam-et-Kim;CM002004005;Yoko;Ngbatana;village
cameroun;CM002;Centre;CM002004;Mbam-et-Kim;CM002004005;Yoko;Mbarki;village
cameroun;CM002;Centre;CM002004;Mbam-et-Kim;CM002004002;Ngambe-Tikar;Mondzon;village
cameroun;CM002;Centre;CM002004;Mbam-et-Kim;CM002004002;Ngambe-Tikar;Mango Fion;village
cameroun;CM002;Centre;CM002004;Mbam-et-Kim;CM002004002;Ngambe-Tikar;Mbangon;village
cameroun;CM002;Centre;CM002004;Mbam-et-Kim;CM002004002;Ngambe-Tikar;Maboen;village
cameroun;CM002;Centre;CM002004;Mbam-et-Kim;CM002004002;Ngambe-Tikar;Mbasongo;village
cameroun;CM002;Centre;CM002004;Mbam-et-Kim;CM002004002;Ngambe-Tikar;Mango Nzoni;village
cameroun;CM002;Centre;CM002004;Mbam-et-Kim;CM002004002;Ngambe-Tikar;Ngu;village
cameroun;CM002;Centre;CM002004;Mbam-et-Kim;CM002004002;Ngambe-Tikar;Ngangui;village
cameroun;CM002;Centre;CM002004;Mbam-et-Kim;CM002004002;Ngambe-Tikar;Kong;village
cameroun;CM002;Centre;CM002004;Mbam-et-Kim;CM002004005;Yoko;Djounkiri;village
cameroun;CM002;Centre;CM002004;Mbam-et-Kim;CM002004005;Yoko;Goa;village
cameroun;CM002;Centre;CM002004;Mbam-et-Kim;CM002004005;Yoko;Goa;village
cameroun;CM002;Centre;CM002004;Mbam-et-Kim;CM002004005;Yoko;Ganmdon;village
cameroun;CM002;Centre;CM002004;Mbam-et-Kim;CM002004005;Yoko;Gadjim;village
cameroun;CM002;Centre;CM002004;Mbam-et-Kim;CM002004005;Yoko;Tiofou;village
cameroun;CM002;Centre;CM002004;Mbam-et-Kim;CM002004005;Yoko;Morkan;village
cameroun;CM002;Centre;CM002004;Mbam-et-Kim;CM002004005;Yoko;Mele;village
cameroun;CM002;Centre;CM002004;Mbam-et-Kim;CM002004005;Yoko;Lint;village
cameroun;CM002;Centre;CM002004;Mbam-et-Kim;CM002004005;Yoko;Maon;village
cameroun;CM002;Centre;CM002004;Mbam-et-Kim;CM002004005;Yoko;Dembe;village
cameroun;CM002;Centre;CM002004;Mbam-et-Kim;CM002004002;Ngambe-Tikar;Ngon;village
cameroun;CM002;Centre;CM002004;Mbam-et-Kim;CM002004002;Ngambe-Tikar;Mangon;village
cameroun;CM002;Centre;CM002004;Mbam-et-Kim;CM002004002;Ngambe-Tikar;Makan;village
cameroun;CM002;Centre;CM002004;Mbam-et-Kim;CM002004002;Ngambe-Tikar;Mandjanbo;village
cameroun;CM002;Centre;CM002004;Mbam-et-Kim;CM002004002;Ngambe-Tikar;Mandja;village
cameroun;CM002;Centre;CM002004;Mbam-et-Kim;CM002004002;Ngambe-Tikar;Mpama;village
cameroun;CM002;Centre;CM002004;Mbam-et-Kim;CM002004002;Ngambe-Tikar;Koang;village
cameroun;CM002;Centre;CM002004;Mbam-et-Kim;CM002004002;Ngambe-Tikar;Mamblang;village
cameroun;CM002;Centre;CM002004;Mbam-et-Kim;CM002004002;Ngambe-Tikar;Makan;village
cameroun;CM002;Centre;CM002004;Mbam-et-Kim;CM002004002;Ngambe-Tikar;Pamvou;village
cameroun;CM002;Centre;CM002004;Mbam-et-Kim;CM002004002;Ngambe-Tikar;Longwe;village
cameroun;CM002;Centre;CM002004;Mbam-et-Kim;CM002004002;Ngambe-Tikar;Pobiong;village
cameroun;CM002;Centre;CM002004;Mbam-et-Kim;CM002004002;Ngambe-Tikar;Lonw;village
cameroun;CM002;Centre;CM002004;Mbam-et-Kim;CM002004002;Ngambe-Tikar;Kpaing;village
cameroun;CM002;Centre;CM002004;Mbam-et-Kim;CM002004002;Ngambe-Tikar;Manga;village
cameroun;CM002;Centre;CM002004;Mbam-et-Kim;CM002004002;Ngambe-Tikar;Bengbeng;village
cameroun;CM002;Centre;CM002004;Mbam-et-Kim;CM002004002;Ngambe-Tikar;We;village
cameroun;CM002;Centre;CM002004;Mbam-et-Kim;CM002004002;Ngambe-Tikar;Ina;village
cameroun;CM001;Adamaoua;CM001003;Mayo-Banyo;CM001003001;Bankim;Tchimi Y}non;village
cameroun;CM001;Adamaoua;CM001003;Mayo-Banyo;CM001003001;Bankim;Moko;village
cameroun;CM002;Centre;CM002004;Mbam-et-Kim;CM002004002;Ngambe-Tikar;Guimbonlo;village
cameroun;CM002;Centre;CM002004;Mbam-et-Kim;CM002004002;Ngambe-Tikar;Klong;village
cameroun;CM001;Adamaoua;CM001003;Mayo-Banyo;CM001003001;Bankim;Tchimi Klong;village
cameroun;CM001;Adamaoua;CM001003;Mayo-Banyo;CM001003001;Bankim;Tchim;village
cameroun;CM001;Adamaoua;CM001003;Mayo-Banyo;CM001003001;Bankim;Nyakong;village
cameroun;CM001;Adamaoua;CM001003;Mayo-Banyo;CM001003001;Bankim;Djay;village
cameroun;CM001;Adamaoua;CM001003;Mayo-Banyo;CM001003001;Bankim;Chindap;village
cameroun;CM001;Adamaoua;CM001003;Mayo-Banyo;CM001003001;Bankim;Nyamboya;village
cameroun;CM001;Adamaoua;CM001003;Mayo-Banyo;CM001003001;Bankim;Mba;village
cameroun;CM001;Adamaoua;CM001003;Mayo-Banyo;CM001003001;Bankim;Yimbr;village
cameroun;CM001;Adamaoua;CM001003;Mayo-Banyo;CM001003003;Mayo-Darle;Titambon;village
cameroun;CM001;Adamaoua;CM001003;Mayo-Banyo;CM001003003;Mayo-Darle;Guengu;village
cameroun;CM001;Adamaoua;CM001003;Mayo-Banyo;CM001003003;Mayo-Darle;Mayo Darl;town
cameroun;CM001;Adamaoua;CM001003;Mayo-Banyo;CM001003003;Mayo-Darle;Yoli;village
cameroun;CM001;Adamaoua;CM001003;Mayo-Banyo;CM001003003;Mayo-Darle;Nyawa Kondja;village
cameroun;CM001;Adamaoua;CM001003;Mayo-Banyo;CM001003003;Mayo-Darle;Nyawa Foulb;village
cameroun;CM001;Adamaoua;CM001003;Mayo-Banyo;CM001003003;Mayo-Darle;Bambol;village
cameroun;CM001;Adamaoua;CM001003;Mayo-Banyo;CM001003003;Mayo-Darle;Bambol;village
cameroun;CM001;Adamaoua;CM001003;Mayo-Banyo;CM001003003;Mayo-Darle;Nyawa Foulb;village
cameroun;CM001;Adamaoua;CM001003;Mayo-Banyo;CM001003002;Banyo;Sirwari;village
cameroun;CM001;Adamaoua;CM001003;Mayo-Banyo;CM001003002;Banyo;Nyagoum;village
cameroun;CM001;Adamaoua;CM001003;Mayo-Banyo;CM001003002;Banyo;Guissam;village
cameroun;CM002;Centre;CM002004;Mbam-et-Kim;CM002004005;Yoko;Ndipa;village
cameroun;CM002;Centre;CM002004;Mbam-et-Kim;CM002004005;Yoko;Ponradji;village
cameroun;CM002;Centre;CM002004;Mbam-et-Kim;CM002004005;Yoko;Pokel;village
cameroun;CM002;Centre;CM002004;Mbam-et-Kim;CM002004002;Ngambe-Tikar;Samafou;village
cameroun;CM002;Centre;CM002004;Mbam-et-Kim;CM002004005;Yoko;Mbombo;village
cameroun;CM002;Centre;CM002004;Mbam-et-Kim;CM002004005;Yoko;Bassol;village
cameroun;CM002;Centre;CM002004;Mbam-et-Kim;CM002004005;Yoko;Doum;village
cameroun;CM002;Centre;CM002004;Mbam-et-Kim;CM002004005;Yoko;Mbam;village
cameroun;CM002;Centre;CM002004;Mbam-et-Kim;CM002004005;Yoko;Mvout;village
cameroun;CM001;Adamaoua;CM001001;Djrem;CM001001002;Tibati;Malimbo;village
cameroun;CM001;Adamaoua;CM001001;Djrem;CM001001002;Tibati;Sengbe;village
cameroun;CM001;Adamaoua;CM001001;Djrem;CM001001002;Tibati;Djaoro Doua;village
cameroun;CM001;Adamaoua;CM001001;Djrem;CM001001002;Tibati;Gongotoua;village
cameroun;CM001;Adamaoua;CM001001;Djrem;CM001001002;Tibati;Mbatimbang;village
cameroun;CM001;Adamaoua;CM001001;Djrem;CM001001002;Tibati;Gangtang;village
cameroun;CM001;Adamaoua;CM001001;Djrem;CM001001002;Tibati;Naskoul;village
cameroun;CM001;Adamaoua;CM001001;Djrem;CM001001002;Tibati;Boninting;village
cameroun;CM001;Adamaoua;CM001001;Djrem;CM001001002;Tibati;Makadaou;village
cameroun;CM001;Adamaoua;CM001001;Djrem;CM001001002;Tibati;Zougore;village
cameroun;CM001;Adamaoua;CM001001;Djrem;CM001001002;Tibati;Beka;village
cameroun;CM001;Adamaoua;CM001001;Djrem;CM001001002;Tibati;Sola Bitom;village
cameroun;CM001;Adamaoua;CM001001;Djrem;CM001001002;Tibati;Meidjamba;village
cameroun;CM001;Adamaoua;CM001001;Djrem;CM001001002;Tibati;Dang Haoussa;village
cameroun;CM001;Adamaoua;CM001001;Djrem;CM001001002;Tibati;Manbaria;village
cameroun;CM001;Adamaoua;CM001001;Djrem;CM001001002;Tibati;Madamdou;village
cameroun;CM001;Adamaoua;CM001001;Djrem;CM001001002;Tibati;Mengm;village
cameroun;CM001;Adamaoua;CM001001;Djrem;CM001001002;Tibati;Mbon Ha;village
cameroun;CM001;Adamaoua;CM001001;Djrem;CM001001002;Tibati;Ndouyna;village
cameroun;CM001;Adamaoua;CM001001;Djrem;CM001001002;Tibati;Malandi;village
cameroun;CM001;Adamaoua;CM001001;Djrem;CM001001002;Tibati;Larbay;village
cameroun;CM001;Adamaoua;CM001001;Djrem;CM001001002;Tibati;Zombi Mahaba;village
cameroun;CM001;Adamaoua;CM001001;Djrem;CM001001002;Tibati;Minim;village
cameroun;CM001;Adamaoua;CM001001;Djrem;CM001001002;Tibati;Mengak;village
cameroun;CM001;Adamaoua;CM001001;Djrem;CM001001002;Tibati;Mski;village
cameroun;CM001;Adamaoua;CM001001;Djrem;CM001001002;Tibati;Djoa;village
cameroun;CM001;Adamaoua;CM001001;Djrem;CM001001002;Tibati;Djarya;village
cameroun;CM001;Adamaoua;CM001001;Djrem;CM001001002;Tibati;Dankoni;village
cameroun;CM001;Adamaoua;CM001001;Djrem;CM001001002;Tibati;Sirki Samari;village
cameroun;CM001;Adamaoua;CM001001;Djrem;CM001001002;Tibati;Djaoro Mbatim;village
cameroun;CM001;Adamaoua;CM001001;Djrem;CM001001002;Tibati;Salassa;village
cameroun;CM001;Adamaoua;CM001001;Djrem;CM001001002;Tibati;Mtisi;village
cameroun;CM001;Adamaoua;CM001001;Djrem;CM001001002;Tibati;Mbikini;village
cameroun;CM001;Adamaoua;CM001001;Djrem;CM001001002;Tibati;Yaro;village
cameroun;CM001;Adamaoua;CM001001;Djrem;CM001001002;Tibati;Kota;village
cameroun;CM001;Adamaoua;CM001001;Djrem;CM001001002;Tibati;Bingari;village
cameroun;CM001;Adamaoua;CM001001;Djrem;CM001001002;Tibati;Bingari;village
cameroun;CM001;Adamaoua;CM001001;Djrem;CM001001002;Tibati;Tongo;village
cameroun;CM001;Adamaoua;CM001001;Djrem;CM001001002;Tibati;Dabr;village
cameroun;CM001;Adamaoua;CM001001;Djrem;CM001001002;Tibati;Mayo Tolor;village
cameroun;CM001;Adamaoua;CM001003;Mayo-Banyo;CM001003002;Banyo;Maloum Goura;village
cameroun;CM001;Adamaoua;CM001003;Mayo-Banyo;CM001003002;Banyo;Makam;village
cameroun;CM001;Adamaoua;CM001001;Djrem;CM001001002;Tibati;Djambala;village
cameroun;CM001;Adamaoua;CM001001;Djrem;CM001001002;Tibati;Brim;village
cameroun;CM001;Adamaoua;CM001001;Djrem;CM001001002;Tibati;Brim;village
cameroun;CM001;Adamaoua;CM001001;Djrem;CM001001002;Tibati;Fokoum;village
cameroun;CM001;Adamaoua;CM001001;Djrem;CM001001002;Tibati;Bidjan;village
cameroun;CM001;Adamaoua;CM001001;Djrem;CM001001002;Tibati;Alarba;village
cameroun;CM001;Adamaoua;CM001001;Djrem;CM001001002;Tibati;Mitim;village
cameroun;CM001;Adamaoua;CM001001;Djrem;CM001001002;Tibati;Gangoumi;village
cameroun;CM001;Adamaoua;CM001001;Djrem;CM001001002;Tibati;Gingon;village
cameroun;CM001;Adamaoua;CM001001;Djrem;CM001001002;Tibati;Ngourou;village
cameroun;CM001;Adamaoua;CM001001;Djrem;CM001001002;Tibati;Bantadje;village
cameroun;CM001;Adamaoua;CM001001;Djrem;CM001001002;Tibati;Hossere Koba;village
cameroun;CM001;Adamaoua;CM001001;Djrem;CM001001002;Tibati;Arnado Djaoul;village
cameroun;CM001;Adamaoua;CM001001;Djrem;CM001001002;Tibati;Mindjam;village
cameroun;CM001;Adamaoua;CM001002;Faro-et-Do;CM001002001;Galim-Tignere;Mayo Dankali;village
cameroun;CM001;Adamaoua;CM001002;Faro-et-Do;CM001002004;Tignere;Lompta;village
cameroun;CM001;Adamaoua;CM001001;Djrem;CM001001002;Tibati;Djaoro Sakanadj;village
cameroun;CM001;Adamaoua;CM001002;Faro-et-Do;CM001002004;Tignere;Dissa Ade;village
cameroun;CM001;Adamaoua;CM001002;Faro-et-Do;CM001002004;Tignere;Bourle;village
cameroun;CM001;Adamaoua;CM001002;Faro-et-Do;CM001002004;Tignere;Galim-Tignre;town
cameroun;CM001;Adamaoua;CM001002;Faro-et-Do;CM001002004;Tignere;Gassaguel;village
cameroun;CM001;Adamaoua;CM001003;Mayo-Banyo;CM001003002;Banyo;Makouladj;village
cameroun;CM001;Adamaoua;CM001003;Mayo-Banyo;CM001003002;Banyo;Karkay Goulko;village
cameroun;CM001;Adamaoua;CM001003;Mayo-Banyo;CM001003002;Banyo;Mba;village
cameroun;CM001;Adamaoua;CM001003;Mayo-Banyo;CM001003002;Banyo;Djoumbar;village
cameroun;CM001;Adamaoua;CM001003;Mayo-Banyo;CM001003002;Banyo;ngaoui;village
cameroun;CM001;Adamaoua;CM001003;Mayo-Banyo;CM001003002;Banyo;Sambolabo;village
cameroun;CM001;Adamaoua;CM001003;Mayo-Banyo;CM001003002;Banyo;Nastird;village
cameroun;CM001;Adamaoua;CM001003;Mayo-Banyo;CM001003002;Banyo;Mbam;village
cameroun;CM001;Adamaoua;CM001003;Mayo-Banyo;CM001003002;Banyo;Ndipel;village
cameroun;CM001;Adamaoua;CM001003;Mayo-Banyo;CM001003002;Banyo;Mayo Banyo;village
cameroun;CM001;Adamaoua;CM001003;Mayo-Banyo;CM001003002;Banyo;Nbamti;village
cameroun;CM001;Adamaoua;CM001003;Mayo-Banyo;CM001003002;Banyo;Ma Djarendi Ladd;village
cameroun;CM001;Adamaoua;CM001003;Mayo-Banyo;CM001003002;Banyo;Minguem;village
cameroun;CM001;Adamaoua;CM001003;Mayo-Banyo;CM001003002;Banyo;Less Wouroum;village
cameroun;CM001;Adamaoua;CM001003;Mayo-Banyo;CM001003002;Banyo;Ndj;village
cameroun;CM001;Adamaoua;CM001003;Mayo-Banyo;CM001003002;Banyo;Malam Adamou;village
cameroun;CM001;Adamaoua;CM001003;Mayo-Banyo;CM001003002;Banyo;Nyati;village
cameroun;CM001;Adamaoua;CM001003;Mayo-Banyo;CM001003002;Banyo;Nyati;village
cameroun;CM001;Adamaoua;CM001003;Mayo-Banyo;CM001003002;Banyo;M. Djarendi-Tbbel;village
cameroun;CM001;Adamaoua;CM001003;Mayo-Banyo;CM001003002;Banyo;Do Mayo Foourou;village
cameroun;CM001;Adamaoua;CM001003;Mayo-Banyo;CM001003002;Banyo;Mayo Ngordi;village
cameroun;CM001;Adamaoua;CM001003;Mayo-Banyo;CM001003002;Banyo;Mayo Foourou Less;village
cameroun;CM001;Adamaoua;CM001003;Mayo-Banyo;CM001003002;Banyo;Mayo Banyo Karki;village
cameroun;CM001;Adamaoua;CM001003;Mayo-Banyo;CM001003002;Banyo;M. Ndam;village
cameroun;CM001;Adamaoua;CM001003;Mayo-Banyo;CM001003002;Banyo;M. Tankouli;village
cameroun;CM001;Adamaoua;CM001003;Mayo-Banyo;CM001003002;Banyo;Sangol Soo;village
cameroun;CM001;Adamaoua;CM001003;Mayo-Banyo;CM001003002;Banyo;Gandoua Wawa;village
cameroun;CM001;Adamaoua;CM001003;Mayo-Banyo;CM001003002;Banyo;Gandoua Foulb;village
cameroun;CM001;Adamaoua;CM001003;Mayo-Banyo;CM001003002;Banyo;Ndi;village
cameroun;CM001;Adamaoua;CM001003;Mayo-Banyo;CM001003002;Banyo;Kassala Djidda;village
cameroun;CM001;Adamaoua;CM001003;Mayo-Banyo;CM001003002;Banyo;Sami;village
cameroun;CM001;Adamaoua;CM001003;Mayo-Banyo;CM001003002;Banyo;Dam;village
cameroun;CM001;Adamaoua;CM001003;Mayo-Banyo;CM001003002;Banyo;Tapawa;village
cameroun;CM001;Adamaoua;CM001003;Mayo-Banyo;CM001003002;Banyo;Tak;village
cameroun;CM001;Adamaoua;CM001003;Mayo-Banyo;CM001003002;Banyo;Oumyar Foulb;village
cameroun;CM001;Adamaoua;CM001003;Mayo-Banyo;CM001003002;Banyo;Oumyar Wawa;village
cameroun;CM001;Adamaoua;CM001003;Mayo-Banyo;CM001003002;Banyo;Mbassewa;village
cameroun;CM001;Adamaoua;CM001003;Mayo-Banyo;CM001003002;Banyo;Taram Kadark'o;village
cameroun;CM001;Adamaoua;CM001003;Mayo-Banyo;CM001003002;Banyo;Nyati;village
cameroun;CM001;Adamaoua;CM001003;Mayo-Banyo;CM001003002;Banyo;Ngoum;village
cameroun;CM001;Adamaoua;CM001003;Mayo-Banyo;CM001003002;Banyo;Allal;village
cameroun;CM001;Adamaoua;CM001003;Mayo-Banyo;CM001003002;Banyo;Mayo Boutali;village
cameroun;CM001;Adamaoua;CM001003;Mayo-Banyo;CM001003002;Banyo;Mbengudj;village
cameroun;CM001;Adamaoua;CM001003;Mayo-Banyo;CM001003002;Banyo;Toukouroua;village
cameroun;CM001;Adamaoua;CM001003;Mayo-Banyo;CM001003002;Banyo;Mouroum;village
cameroun;CM001;Adamaoua;CM001003;Mayo-Banyo;CM001003002;Banyo;Taram Badjam;village
cameroun;CM001;Adamaoua;CM001003;Mayo-Banyo;CM001003002;Banyo;Yabam Wawa;village
cameroun;CM001;Adamaoua;CM001003;Mayo-Banyo;CM001003002;Banyo;Tawa;village
cameroun;CM001;Adamaoua;CM001003;Mayo-Banyo;CM001003002;Banyo;M. Poutchi;village
cameroun;CM001;Adamaoua;CM001003;Mayo-Banyo;CM001003002;Banyo;Mbassewa;village
cameroun;CM001;Adamaoua;CM001003;Mayo-Banyo;CM001003002;Banyo;Kassala Wawa;village
cameroun;CM001;Adamaoua;CM001003;Mayo-Banyo;CM001003002;Banyo;Yabam;village
cameroun;CM001;Adamaoua;CM001003;Mayo-Banyo;CM001003002;Banyo;Nyara;village
cameroun;CM001;Adamaoua;CM001003;Mayo-Banyo;CM001003002;Banyo;Sigo;village
cameroun;CM001;Adamaoua;CM001003;Mayo-Banyo;CM001003002;Banyo;Mbengudj Foulb;village
cameroun;CM001;Adamaoua;CM001003;Mayo-Banyo;CM001003003;Mayo-Darle;Mayo Badji;village
cameroun;CM001;Adamaoua;CM001003;Mayo-Banyo;CM001003003;Mayo-Darle;Mboundo;village
cameroun;CM001;Adamaoua;CM001003;Mayo-Banyo;CM001003002;Banyo;Boundjoukoura;village
cameroun;CM001;Adamaoua;CM001003;Mayo-Banyo;CM001003002;Banyo;Njamsounr;village
cameroun;CM007;Nord-Ouest;CM007003;Donga-Mantung;CM007003005;Nwa;Gam;village
cameroun;CM007;Nord-Ouest;CM007003;Donga-Mantung;CM007003005;Nwa;Bagam;village
cameroun;CM007;Nord-Ouest;CM007003;Donga-Mantung;CM007003005;Nwa;Kwajal;village
cameroun;CM001;Adamaoua;CM001003;Mayo-Banyo;CM001003001;Bankim;Yokassala;village
cameroun;CM001;Adamaoua;CM001003;Mayo-Banyo;CM001003001;Bankim;Somi;village
cameroun;CM001;Adamaoua;CM001003;Mayo-Banyo;CM001003003;Mayo-Darle;Oussimi;village
cameroun;CM001;Adamaoua;CM001003;Mayo-Banyo;CM001003003;Mayo-Darle;Ribao;village
cameroun;CM001;Adamaoua;CM001003;Mayo-Banyo;CM001003003;Mayo-Darle;Dorofi;village
cameroun;CM001;Adamaoua;CM001003;Mayo-Banyo;CM001003001;Bankim;Kila;village
cameroun;CM001;Adamaoua;CM001003;Mayo-Banyo;CM001003001;Bankim;Atta;village
cameroun;CM001;Adamaoua;CM001003;Mayo-Banyo;CM001003001;Bankim;Fivouri;village
cameroun;CM001;Adamaoua;CM001003;Mayo-Banyo;CM001003001;Bankim;Petit Atta;village
cameroun;CM001;Adamaoua;CM001003;Mayo-Banyo;CM001003001;Bankim;Djouate;village
cameroun;CM001;Adamaoua;CM001003;Mayo-Banyo;CM001003001;Bankim;Nakang II;village
cameroun;CM001;Adamaoua;CM001003;Mayo-Banyo;CM001003001;Bankim;Lingam;village
cameroun;CM001;Adamaoua;CM001003;Mayo-Banyo;CM001003001;Bankim;Malen Amadou;village
cameroun;CM001;Adamaoua;CM001003;Mayo-Banyo;CM001003001;Bankim;Nassarao;village
cameroun;CM001;Adamaoua;CM001003;Mayo-Banyo;CM001003001;Bankim;Kouroum;village
cameroun;CM001;Adamaoua;CM001003;Mayo-Banyo;CM001003001;Bankim;Sarki Mbaka;village
cameroun;CM001;Adamaoua;CM001003;Mayo-Banyo;CM001003001;Bankim;Mbiridjom;village
cameroun;CM001;Adamaoua;CM001003;Mayo-Banyo;CM001003001;Bankim;Sonkolong;village
cameroun;CM001;Adamaoua;CM001003;Mayo-Banyo;CM001003001;Bankim;Kinkong;village
cameroun;CM008;Ouest;CM008008;Noun;CM008008006;Magba;Pwomi;village
cameroun;CM001;Adamaoua;CM001003;Mayo-Banyo;CM001003001;Bankim;Tapong;village
cameroun;CM001;Adamaoua;CM001003;Mayo-Banyo;CM001003001;Bankim;Ndoum Kassala;village
cameroun;CM001;Adamaoua;CM001003;Mayo-Banyo;CM001003001;Bankim;Mbl;village
cameroun;CM001;Adamaoua;CM001003;Mayo-Banyo;CM001003001;Bankim;Tchamba;village
cameroun;CM001;Adamaoua;CM001003;Mayo-Banyo;CM001003001;Bankim;Mbondjanga or Bodjanga;village
cameroun;CM001;Adamaoua;CM001003;Mayo-Banyo;CM001003001;Bankim;Tchimijom;village
cameroun;CM001;Adamaoua;CM001003;Mayo-Banyo;CM001003001;Bankim;Mwoumban;village
cameroun;CM001;Adamaoua;CM001003;Mayo-Banyo;CM001003001;Bankim;Bankim;town
cameroun;CM002;Centre;CM002004;Mbam-et-Kim;CM002004002;Ngambe-Tikar;Nga;village
cameroun;CM002;Centre;CM002004;Mbam-et-Kim;CM002004002;Ngambe-Tikar;Boupa;village
cameroun;CM002;Centre;CM002004;Mbam-et-Kim;CM002004002;Ngambe-Tikar;Ndoum;village
cameroun;CM002;Centre;CM002004;Mbam-et-Kim;CM002004002;Ngambe-Tikar;Mbomna II;village
cameroun;CM002;Centre;CM002004;Mbam-et-Kim;CM002004002;Ngambe-Tikar;Nbomna;village
cameroun;CM001;Adamaoua;CM001003;Mayo-Banyo;CM001003001;Bankim;Mwa;village
cameroun;CM001;Adamaoua;CM001003;Mayo-Banyo;CM001003001;Bankim;Mata Barrage;village
cameroun;CM001;Adamaoua;CM001003;Mayo-Banyo;CM001003001;Bankim;Nkopoh;village
cameroun;CM001;Adamaoua;CM001003;Mayo-Banyo;CM001003001;Bankim;Ngati;village
cameroun;CM001;Adamaoua;CM001003;Mayo-Banyo;CM001003001;Bankim;Mwinkwing;village
cameroun;CM001;Adamaoua;CM001003;Mayo-Banyo;CM001003001;Bankim;Dan;village
cameroun;CM001;Adamaoua;CM001003;Mayo-Banyo;CM001003001;Bankim;Mokoupok;village
cameroun;CM001;Adamaoua;CM001003;Mayo-Banyo;CM001003001;Bankim;Mokoupok;village
cameroun;CM008;Ouest;CM008008;Noun;CM008008006;Magba;Mamokimo;village
cameroun;CM008;Ouest;CM008008;Noun;CM008008006;Magba;Mangoyoum;village
cameroun;CM007;Nord-Ouest;CM007003;Donga-Mantung;CM007003005;Nwa;Manya;village
cameroun;CM008;Ouest;CM008008;Noun;CM008008006;Magba;Manda;village
cameroun;CM008;Ouest;CM008008;Noun;CM008008006;Magba;Ntyem;village
cameroun;CM008;Ouest;CM008008;Noun;CM008008006;Magba;Makoupa;village
cameroun;CM008;Ouest;CM008008;Noun;CM008008006;Magba;Mangambang;village
cameroun;CM008;Ouest;CM008008;Noun;CM008008006;Magba;Mbakop;village
cameroun;CM008;Ouest;CM008008;Noun;CM008008006;Magba;Mvinmb;village
cameroun;CM008;Ouest;CM008008;Noun;CM008008006;Magba;Makoupa;village
cameroun;CM008;Ouest;CM008008;Noun;CM008008006;Magba;Mant;village
cameroun;CM008;Ouest;CM008008;Noun;CM008008006;Magba;Mbonkouma;village
cameroun;CM008;Ouest;CM008008;Noun;CM008008006;Magba;Mambonkeu;village
cameroun;CM008;Ouest;CM008008;Noun;CM008008006;Magba;Mata;village
cameroun;CM008;Ouest;CM008008;Noun;CM008008006;Magba;Magba;town
cameroun;CM008;Ouest;CM008008;Noun;CM008008006;Magba;Mamboungam;village
cameroun;CM008;Ouest;CM008008;Noun;CM008008006;Magba;Ngounso;village
cameroun;CM008;Ouest;CM008008;Noun;CM008008006;Magba;Nkoula;village
cameroun;CM008;Ouest;CM008008;Noun;CM008008006;Magba;Manchoutvi;village
cameroun;CM008;Ouest;CM008008;Noun;CM008008006;Magba;Ngousso;village
cameroun;CM008;Ouest;CM008008;Noun;CM008008006;Magba;Monpen;village
cameroun;CM008;Ouest;CM008008;Noun;CM008008006;Magba;Ndanyang;village
cameroun;CM008;Ouest;CM008008;Noun;CM008008006;Magba;Ndanyang;village
cameroun;CM008;Ouest;CM008008;Noun;CM008008006;Magba;Nkoumbou;village
cameroun;CM008;Ouest;CM008008;Noun;CM008008009;Njimom;Manki II;village
cameroun;CM008;Ouest;CM008008;Noun;CM008008009;Njimom;Maloura;village
cameroun;CM008;Ouest;CM008008;Noun;CM008008009;Njimom;Makam;village
cameroun;CM008;Ouest;CM008008;Noun;CM008008006;Magba;Fouronguen;village
cameroun;CM008;Ouest;CM008008;Noun;CM008008006;Magba;Tchourou;village
cameroun;CM008;Ouest;CM008008;Noun;CM008008006;Magba;Mfeloum Mapong;village
cameroun;CM008;Ouest;CM008008;Noun;CM008008006;Magba;Mfefam;village
cameroun;CM008;Ouest;CM008008;Noun;CM008008006;Magba;Mansoum;village
cameroun;CM008;Ouest;CM008008;Noun;CM008008006;Magba;Mossamfong;village
cameroun;CM008;Ouest;CM008008;Noun;CM008008006;Magba;Mandatituop;village
cameroun;CM008;Ouest;CM008008;Noun;CM008008006;Magba;Maya;village
cameroun;CM008;Ouest;CM008008;Noun;CM008008006;Magba;Monbossoum;village
cameroun;CM008;Ouest;CM008008;Noun;CM008008006;Magba;Kouna;village
cameroun;CM008;Ouest;CM008008;Noun;CM008008006;Magba;Monbossoum;village
cameroun;CM007;Nord-Ouest;CM007003;Donga-Mantung;CM007003005;Nwa;Wannti;village
cameroun;CM007;Nord-Ouest;CM007003;Donga-Mantung;CM007003005;Nwa;Ntem;village
cameroun;CM007;Nord-Ouest;CM007003;Donga-Mantung;CM007003005;Nwa;Ngomkila;village
cameroun;CM007;Nord-Ouest;CM007003;Donga-Mantung;CM007003005;Nwa;Mbirikwa;village
cameroun;CM007;Nord-Ouest;CM007003;Donga-Mantung;CM007003005;Nwa;Nking;village
cameroun;CM007;Nord-Ouest;CM007003;Donga-Mantung;CM007003005;Nwa;Ngu;village
cameroun;CM007;Nord-Ouest;CM007003;Donga-Mantung;CM007003005;Nwa;Ngule;village
cameroun;CM008;Ouest;CM008008;Noun;CM008008006;Magba;Ngoyoum;village
cameroun;CM001;Adamaoua;CM001003;Mayo-Banyo;CM001003001;Bankim;Kimisso;village
cameroun;CM007;Nord-Ouest;CM007003;Donga-Mantung;CM007003005;Nwa;Sabongari;village
cameroun;CM007;Nord-Ouest;CM007003;Donga-Mantung;CM007003005;Nwa;Ngonnkor;village
cameroun;CM001;Adamaoua;CM001003;Mayo-Banyo;CM001003001;Bankim;Bang;village
cameroun;CM001;Adamaoua;CM001003;Mayo-Banyo;CM001003001;Bankim;Koumtchoum;village
cameroun;CM001;Adamaoua;CM001003;Mayo-Banyo;CM001003001;Bankim;Pfwabang;village
cameroun;CM001;Adamaoua;CM001003;Mayo-Banyo;CM001003001;Bankim;Djang I;village
cameroun;CM001;Adamaoua;CM001003;Mayo-Banyo;CM001003001;Bankim;Djang II;village
cameroun;CM001;Adamaoua;CM001003;Mayo-Banyo;CM001003001;Bankim;Tong;village
cameroun;CM001;Adamaoua;CM001003;Mayo-Banyo;CM001003001;Bankim;Tamnyar;village
cameroun;CM007;Nord-Ouest;CM007003;Donga-Mantung;CM007003005;Nwa;Yang;village
cameroun;CM007;Nord-Ouest;CM007003;Donga-Mantung;CM007003005;Nwa;Ntong;village
cameroun;CM007;Nord-Ouest;CM007003;Donga-Mantung;CM007003005;Nwa;Jato;village
cameroun;CM007;Nord-Ouest;CM007003;Donga-Mantung;CM007003005;Nwa;Nwa;village
cameroun;CM007;Nord-Ouest;CM007003;Donga-Mantung;CM007003005;Nwa;Mbem;village
cameroun;CM007;Nord-Ouest;CM007003;Donga-Mantung;CM007003005;Nwa;Mbwi;village
cameroun;CM007;Nord-Ouest;CM007003;Donga-Mantung;CM007003005;Nwa;Mbak;village
cameroun;CM007;Nord-Ouest;CM007003;Donga-Mantung;CM007003005;Nwa;Chye;village
cameroun;CM007;Nord-Ouest;CM007003;Donga-Mantung;CM007003005;Nwa;Ntong;village
cameroun;CM007;Nord-Ouest;CM007003;Donga-Mantung;CM007003005;Nwa;Ngung;village
cameroun;CM007;Nord-Ouest;CM007003;Donga-Mantung;CM007003005;Nwa;Ngang;village
cameroun;CM007;Nord-Ouest;CM007003;Donga-Mantung;CM007003005;Nwa;Sinyan;village
cameroun;CM007;Nord-Ouest;CM007003;Donga-Mantung;CM007003003;Ndu;Sinna;village
cameroun;CM007;Nord-Ouest;CM007003;Donga-Mantung;CM007003003;Ndu;Ntamruh;village
cameroun;CM007;Nord-Ouest;CM007003;Donga-Mantung;CM007003005;Nwa;Koffa;village
cameroun;CM007;Nord-Ouest;CM007003;Donga-Mantung;CM007003005;Nwa;Mbat;village
cameroun;CM007;Nord-Ouest;CM007003;Donga-Mantung;CM007003003;Ndu;Mbokop;village
cameroun;CM007;Nord-Ouest;CM007003;Donga-Mantung;CM007003003;Ndu;Mbemgi;village
cameroun;CM007;Nord-Ouest;CM007003;Donga-Mantung;CM007003004;Nkambe;Bomanso;village
cameroun;CM007;Nord-Ouest;CM007003;Donga-Mantung;CM007003004;Nkambe;Binka;village
cameroun;CM007;Nord-Ouest;CM007003;Donga-Mantung;CM007003004;Nkambe;Bomba;village
cameroun;CM007;Nord-Ouest;CM007003;Donga-Mantung;CM007003004;Nkambe;Bwanmbe;village
cameroun;CM007;Nord-Ouest;CM007003;Donga-Mantung;CM007003003;Ndu;Mbipgo;village
cameroun;CM007;Nord-Ouest;CM007003;Donga-Mantung;CM007003003;Ndu;Fuh;village
cameroun;CM007;Nord-Ouest;CM007003;Donga-Mantung;CM007003004;Nkambe;Barbo;village
cameroun;CM007;Nord-Ouest;CM007003;Donga-Mantung;CM007003003;Ndu;Warr;village
cameroun;CM007;Nord-Ouest;CM007003;Donga-Mantung;CM007003003;Ndu;Mbiye;village
cameroun;CM007;Nord-Ouest;CM007003;Donga-Mantung;CM007003003;Ndu;Ngarum;village
cameroun;CM007;Nord-Ouest;CM007003;Donga-Mantung;CM007003003;Ndu;Jinego;village
cameroun;CM007;Nord-Ouest;CM007003;Donga-Mantung;CM007003003;Ndu;Ndu;village
cameroun;CM007;Nord-Ouest;CM007003;Donga-Mantung;CM007003003;Ndu;Ntisaw;village
cameroun;CM007;Nord-Ouest;CM007003;Donga-Mantung;CM007003003;Ndu;Ntisso;village
cameroun;CM007;Nord-Ouest;CM007003;Donga-Mantung;CM007003003;Ndu;Ntumbo;village
cameroun;CM007;Nord-Ouest;CM007003;Donga-Mantung;CM007003003;Ndu;Manntumbo;village
cameroun;CM007;Nord-Ouest;CM007003;Donga-Mantung;CM007003003;Ndu;Kakar;village
cameroun;CM007;Nord-Ouest;CM007003;Donga-Mantung;CM007003003;Ndu;Tatum;village
cameroun;CM007;Nord-Ouest;CM007002;Bui;CM007002003;Mbven;Mbui;village
cameroun;CM007;Nord-Ouest;CM007002;Bui;CM007002003;Mbven;Kifem;village
cameroun;CM007;Nord-Ouest;CM007002;Bui;CM007002003;Mbven;Mbonso;village
cameroun;CM008;Ouest;CM008008;Noun;CM008008009;Njimom;Mfeyt;village
cameroun;CM008;Ouest;CM008008;Noun;CM008008009;Njimom;Mfelap;village
cameroun;CM008;Ouest;CM008008;Noun;CM008008009;Njimom;Nkoussam;village
cameroun;CM008;Ouest;CM008008;Noun;CM008008002;Foumban;Mandtkane;village
cameroun;CM008;Ouest;CM008008;Noun;CM008008009;Njimom;Kwetmenka;village
cameroun;CM008;Ouest;CM008008;Noun;CM008008009;Njimom;Njimom;town
cameroun;CM008;Ouest;CM008008;Noun;CM008008009;Njimom;Mayouom;village
cameroun;CM008;Ouest;CM008008;Noun;CM008008009;Njimom;Manki;village
cameroun;CM008;Ouest;CM008008;Noun;CM008008009;Njimom;Mansom;village
cameroun;CM008;Ouest;CM008008;Noun;CM008008009;Njimom;Maghet;village
cameroun;CM008;Ouest;CM008008;Noun;CM008008007;Malantouen;Machu;village
cameroun;CM008;Ouest;CM008008;Noun;CM008008007;Malantouen;Magham;village
cameroun;CM008;Ouest;CM008008;Noun;CM008008002;Foumban;Marom;village
cameroun;CM008;Ouest;CM008008;Noun;CM008008002;Foumban;Ngbassa;village
cameroun;CM008;Ouest;CM008008;Noun;CM008008007;Malantouen;Madinga;village
cameroun;CM008;Ouest;CM008008;Noun;CM008008002;Foumban;Nkoufen;village
cameroun;CM008;Ouest;CM008008;Noun;CM008008002;Foumban;Nkoundem;village
cameroun;CM008;Ouest;CM008008;Noun;CM008008008;Massangam;Mjindar;village
cameroun;CM008;Ouest;CM008008;Noun;CM008008008;Massangam;Mamenyam;village
cameroun;CM008;Ouest;CM008008;Noun;CM008008008;Massangam;Matoufa;village
cameroun;CM008;Ouest;CM008008;Noun;CM008008008;Massangam;Matam;village
cameroun;CM008;Ouest;CM008008;Noun;CM008008008;Massangam;Massangam;town
cameroun;CM008;Ouest;CM008008;Noun;CM008008008;Massangam;Manswen Foywom;village
cameroun;CM008;Ouest;CM008008;Noun;CM008008008;Massangam;Manswen Mambeng;village
cameroun;CM008;Ouest;CM008008;Noun;CM008008008;Massangam;Malanden;village
cameroun;CM008;Ouest;CM008008;Noun;CM008008008;Massangam;Mteripa;village
cameroun;CM008;Ouest;CM008008;Noun;CM008008008;Massangam;Mamben;village
cameroun;CM008;Ouest;CM008008;Noun;CM008008008;Massangam;Maloua;village
cameroun;CM008;Ouest;CM008008;Noun;CM008008008;Massangam;Mandiyang;village
cameroun;CM008;Ouest;CM008008;Noun;CM008008008;Massangam;Mankouya;village
cameroun;CM008;Ouest;CM008008;Noun;CM008008008;Massangam;Manloung;village
cameroun;CM008;Ouest;CM008008;Noun;CM008008008;Massangam;Mayakw;village
cameroun;CM008;Ouest;CM008008;Noun;CM008008008;Massangam;Makouopnsap;village
cameroun;CM002;Centre;CM002003;Mbam-et-Inoubou;CM002003003;Deuk;Mpagne;village
cameroun;CM002;Centre;CM002003;Mbam-et-Inoubou;CM002003003;Deuk;Nyanzom;village
cameroun;CM002;Centre;CM002004;Mbam-et-Kim;CM002004003;Ngoro;Nyassam;village
cameroun;CM002;Centre;CM002004;Mbam-et-Kim;CM002004003;Ngoro;Nyangwa;village
cameroun;CM002;Centre;CM002004;Mbam-et-Kim;CM002004002;Ngambe-Tikar;Nyamokok;village
cameroun;CM002;Centre;CM002004;Mbam-et-Kim;CM002004002;Ngambe-Tikar;Djinga;village
cameroun;CM002;Centre;CM002004;Mbam-et-Kim;CM002004002;Ngambe-Tikar;Nditam;village
cameroun;CM008;Ouest;CM008008;Noun;CM008008008;Massangam;Mankar;village
cameroun;CM008;Ouest;CM008008;Noun;CM008008008;Massangam;Mankakoum;village
cameroun;CM008;Ouest;CM008008;Noun;CM008008008;Massangam;Machatoum;village
cameroun;CM008;Ouest;CM008008;Noun;CM008008008;Massangam;Mankouombi;village
cameroun;CM008;Ouest;CM008008;Noun;CM008008007;Malantouen;Makpa;village
cameroun;CM008;Ouest;CM008008;Noun;CM008008007;Malantouen;Mangiembou;village
cameroun;CM008;Ouest;CM008008;Noun;CM008008007;Malantouen;Mankoutmbou;village
cameroun;CM008;Ouest;CM008008;Noun;CM008008007;Malantouen;Manjouom;village
cameroun;CM008;Ouest;CM008008;Noun;CM008008007;Malantouen;Makpa;village
cameroun;CM008;Ouest;CM008008;Noun;CM008008007;Malantouen;Mtkouop;village
cameroun;CM008;Ouest;CM008008;Noun;CM008008007;Malantouen;Manjenkoutou;village
cameroun;CM008;Ouest;CM008008;Noun;CM008008007;Malantouen;Makoutam;village
cameroun;CM008;Ouest;CM008008;Noun;CM008008007;Malantouen;Mamtouati;village
cameroun;CM008;Ouest;CM008008;Noun;CM008008007;Malantouen;Marapndoum;village
cameroun;CM008;Ouest;CM008008;Noun;CM008008007;Malantouen;Mayo;village
cameroun;CM008;Ouest;CM008008;Noun;CM008008007;Malantouen;Mayo;village
cameroun;CM008;Ouest;CM008008;Noun;CM008008007;Malantouen;Matyapon;village
cameroun;CM008;Ouest;CM008008;Noun;CM008008007;Malantouen;Malentouen;town
cameroun;CM008;Ouest;CM008008;Noun;CM008008007;Malantouen;Matoupou;village
cameroun;CM008;Ouest;CM008008;Noun;CM008008007;Malantouen;Matachouom;village
cameroun;CM008;Ouest;CM008008;Noun;CM008008007;Malantouen;Mawa;village
cameroun;CM008;Ouest;CM008008;Noun;CM008008007;Malantouen;Mankounmvi;village
cameroun;CM008;Ouest;CM008008;Noun;CM008008007;Malantouen;Mawa;village
cameroun;CM008;Ouest;CM008008;Noun;CM008008007;Malantouen;Manda;village
cameroun;CM008;Ouest;CM008008;Noun;CM008008007;Malantouen;Mambicham;village
cameroun;CM008;Ouest;CM008008;Noun;CM008008007;Malantouen;Mapou;village
cameroun;CM008;Ouest;CM008008;Noun;CM008008007;Malantouen;Mantoum - Palais;village
cameroun;CM008;Ouest;CM008008;Noun;CM008008007;Malantouen;Mantoum;village
cameroun;CM002;Centre;CM002004;Mbam-et-Kim;CM002004002;Ngambe-Tikar;Ngoum;village
cameroun;CM002;Centre;CM002004;Mbam-et-Kim;CM002004002;Ngambe-Tikar;Gwenze;village
cameroun;CM002;Centre;CM002004;Mbam-et-Kim;CM002004002;Ngambe-Tikar;Mbgoto;village
cameroun;CM008;Ouest;CM008008;Noun;CM008008007;Malantouen;Bioko;village
cameroun;CM002;Centre;CM002004;Mbam-et-Kim;CM002004002;Ngambe-Tikar;Ga;village
cameroun;CM002;Centre;CM002004;Mbam-et-Kim;CM002004002;Ngambe-Tikar;Mbe;village
cameroun;CM002;Centre;CM002004;Mbam-et-Kim;CM002004002;Ngambe-Tikar;Manso;village
cameroun;CM002;Centre;CM002004;Mbam-et-Kim;CM002004002;Ngambe-Tikar;Sonkou;village
cameroun;CM002;Centre;CM002004;Mbam-et-Kim;CM002004002;Ngambe-Tikar;Ngamb Tikar;town
cameroun;CM002;Centre;CM002004;Mbam-et-Kim;CM002004002;Ngambe-Tikar;Mankan;village
cameroun;CM002;Centre;CM002004;Mbam-et-Kim;CM002004002;Ngambe-Tikar;Mande;village
cameroun;CM002;Centre;CM002004;Mbam-et-Kim;CM002004002;Ngambe-Tikar;Chake;village
cameroun;CM002;Centre;CM002004;Mbam-et-Kim;CM002004002;Ngambe-Tikar;Makoudouk;village
cameroun;CM002;Centre;CM002004;Mbam-et-Kim;CM002004002;Ngambe-Tikar;Gandi;village
cameroun;CM002;Centre;CM002004;Mbam-et-Kim;CM002004002;Ngambe-Tikar;Mboutou;village
cameroun;CM002;Centre;CM002004;Mbam-et-Kim;CM002004002;Ngambe-Tikar;Mbond;village
cameroun;CM002;Centre;CM002004;Mbam-et-Kim;CM002004002;Ngambe-Tikar;Manka;village
cameroun;CM002;Centre;CM002004;Mbam-et-Kim;CM002004002;Ngambe-Tikar;Kpwagan;village
cameroun;CM002;Centre;CM002004;Mbam-et-Kim;CM002004002;Ngambe-Tikar;Akouen;village
cameroun;CM002;Centre;CM002004;Mbam-et-Kim;CM002004002;Ngambe-Tikar;Mandw;village
cameroun;CM002;Centre;CM002004;Mbam-et-Kim;CM002004002;Ngambe-Tikar;Manbioko;village
cameroun;CM002;Centre;CM002004;Mbam-et-Kim;CM002004002;Ngambe-Tikar;Akouen;village
cameroun;CM002;Centre;CM002004;Mbam-et-Kim;CM002004002;Ngambe-Tikar;Mbe;village
cameroun;CM002;Centre;CM002004;Mbam-et-Kim;CM002004002;Ngambe-Tikar;Nche;village
cameroun;CM002;Centre;CM002004;Mbam-et-Kim;CM002004002;Ngambe-Tikar;Mbond;village
cameroun;CM002;Centre;CM002004;Mbam-et-Kim;CM002004003;Ngoro;Yassem;village
cameroun;CM002;Centre;CM002004;Mbam-et-Kim;CM002004003;Ngoro;Nyamwa;village
cameroun;CM002;Centre;CM002004;Mbam-et-Kim;CM002004003;Ngoro;Nyanton;village
cameroun;CM002;Centre;CM002004;Mbam-et-Kim;CM002004003;Ngoro;Ngila;village
cameroun;CM002;Centre;CM002004;Mbam-et-Kim;CM002004003;Ngoro;Nyamoko;village
cameroun;CM002;Centre;CM002004;Mbam-et-Kim;CM002004003;Ngoro;Nyabidi;village
cameroun;CM002;Centre;CM002004;Mbam-et-Kim;CM002004003;Ngoro;Nyafianga;village
cameroun;CM002;Centre;CM002004;Mbam-et-Kim;CM002004003;Ngoro;Nyafianga;village
cameroun;CM002;Centre;CM002004;Mbam-et-Kim;CM002004005;Yoko;Mitsimi;village
cameroun;CM002;Centre;CM002004;Mbam-et-Kim;CM002004005;Yoko;Kpa;village
cameroun;CM002;Centre;CM002004;Mbam-et-Kim;CM002004005;Yoko;Mindja;village
cameroun;CM002;Centre;CM002004;Mbam-et-Kim;CM002004003;Ngoro;Yangba;village
cameroun;CM002;Centre;CM002004;Mbam-et-Kim;CM002004003;Ngoro;Niandjon;village
cameroun;CM002;Centre;CM002004;Mbam-et-Kim;CM002004003;Ngoro;Labo;village
cameroun;CM002;Centre;CM002004;Mbam-et-Kim;CM002004003;Ngoro;Taoutia;village
cameroun;CM002;Centre;CM002004;Mbam-et-Kim;CM002004003;Ngoro;Angoazimrt;village
cameroun;CM002;Centre;CM002003;Mbam-et-Inoubou;CM002003001;Bafia;Ibana;village
cameroun;CM002;Centre;CM002003;Mbam-et-Inoubou;CM002003003;Deuk;Nyamongo;village
cameroun;CM002;Centre;CM002004;Mbam-et-Kim;CM002004003;Ngoro;Egona;village
cameroun;CM002;Centre;CM002003;Mbam-et-Inoubou;CM002003003;Deuk;Tchango;village
cameroun;CM002;Centre;CM002003;Mbam-et-Inoubou;CM002003003;Deuk;Banda;village
cameroun;CM002;Centre;CM002004;Mbam-et-Kim;CM002004003;Ngoro;Ndiamtsouroung;village
cameroun;CM002;Centre;CM002004;Mbam-et-Kim;CM002004003;Ngoro;Ngoro;town
cameroun;CM002;Centre;CM002004;Mbam-et-Kim;CM002004003;Ngoro;Serere;village
cameroun;CM002;Centre;CM002004;Mbam-et-Kim;CM002004003;Ngoro;Nyakengeng;village
cameroun;CM002;Centre;CM002004;Mbam-et-Kim;CM002004003;Ngoro;Nyandingi;village
cameroun;CM002;Centre;CM002003;Mbam-et-Inoubou;CM002003003;Deuk;Fian;village
cameroun;CM002;Centre;CM002003;Mbam-et-Inoubou;CM002003003;Deuk;Ngan;village
cameroun;CM002;Centre;CM002003;Mbam-et-Inoubou;CM002003003;Deuk;Deuk;town
cameroun;CM002;Centre;CM002003;Mbam-et-Inoubou;CM002003003;Deuk;Dombou;village
cameroun;CM002;Centre;CM002003;Mbam-et-Inoubou;CM002003003;Deuk;Boko;village
cameroun;CM002;Centre;CM002003;Mbam-et-Inoubou;CM002003003;Deuk;Djok;village
cameroun;CM002;Centre;CM002003;Mbam-et-Inoubou;CM002003003;Deuk;Djok;village
cameroun;CM002;Centre;CM002003;Mbam-et-Inoubou;CM002003003;Deuk;Byandon;village
cameroun;CM002;Centre;CM002003;Mbam-et-Inoubou;CM002003003;Deuk;Mpouga;village
cameroun;CM002;Centre;CM002003;Mbam-et-Inoubou;CM002003003;Deuk;Ba;village
cameroun;CM002;Centre;CM002003;Mbam-et-Inoubou;CM002003003;Deuk;Kop;village
cameroun;CM002;Centre;CM002003;Mbam-et-Inoubou;CM002003003;Deuk;Bape;village
cameroun;CM002;Centre;CM002003;Mbam-et-Inoubou;CM002003003;Deuk;Ga;village
cameroun;CM002;Centre;CM002003;Mbam-et-Inoubou;CM002003003;Deuk;Ndambi;village
cameroun;CM002;Centre;CM002003;Mbam-et-Inoubou;CM002003003;Deuk;Nkoubou;village
cameroun;CM002;Centre;CM002003;Mbam-et-Inoubou;CM002003003;Deuk;Zakan;village
cameroun;CM002;Centre;CM002003;Mbam-et-Inoubou;CM002003003;Deuk;Som;village
cameroun;CM002;Centre;CM002003;Mbam-et-Inoubou;CM002003005;Kon Yambetta;Kalong;village
cameroun;CM002;Centre;CM002003;Mbam-et-Inoubou;CM002003005;Kon Yambetta;Bayomen;village
cameroun;CM002;Centre;CM002003;Mbam-et-Inoubou;CM002003005;Kon Yambetta;Bamoko;village
cameroun;CM002;Centre;CM002003;Mbam-et-Inoubou;CM002003005;Kon Yambetta;Liyinn;village
cameroun;CM002;Centre;CM002003;Mbam-et-Inoubou;CM002003003;Deuk;Diomo;village
cameroun;CM002;Centre;CM002003;Mbam-et-Inoubou;CM002003005;Kon Yambetta;Keulott;village
cameroun;CM002;Centre;CM002003;Mbam-et-Inoubou;CM002003005;Kon Yambetta;Bayafan;village
cameroun;CM002;Centre;CM002003;Mbam-et-Inoubou;CM002003005;Kon Yambetta;Yambeta;village
cameroun;CM002;Centre;CM002003;Mbam-et-Inoubou;CM002003005;Kon Yambetta;Kon-Yambetta;town
cameroun;CM002;Centre;CM002003;Mbam-et-Inoubou;CM002003005;Kon Yambetta;Ninguessen;village
cameroun;CM002;Centre;CM002003;Mbam-et-Inoubou;CM002003005;Kon Yambetta;MBAMOKOUTE;village
cameroun;CM002;Centre;CM002003;Mbam-et-Inoubou;CM002003005;Kon Yambetta;Konne-kidoun;village
cameroun;CM002;Centre;CM002003;Mbam-et-Inoubou;CM002003005;Kon Yambetta;Konne-Madon;village
cameroun;CM002;Centre;CM002003;Mbam-et-Inoubou;CM002003005;Kon Yambetta;Niambaye;village
cameroun;CM002;Centre;CM002003;Mbam-et-Inoubou;CM002003004;Kiiki;Baki;village
cameroun;CM002;Centre;CM002003;Mbam-et-Inoubou;CM002003004;Kiiki;Babilim;village
cameroun;CM002;Centre;CM002003;Mbam-et-Inoubou;CM002003005;Kon Yambetta;Bbisse;village
cameroun;CM002;Centre;CM002003;Mbam-et-Inoubou;CM002003005;Kon Yambetta;Di;village
cameroun;CM002;Centre;CM002003;Mbam-et-Inoubou;CM002003005;Kon Yambetta;Tchowab;village
cameroun;CM002;Centre;CM002003;Mbam-et-Inoubou;CM002003005;Kon Yambetta;Nokam;village
cameroun;CM002;Centre;CM002003;Mbam-et-Inoubou;CM002003004;Kiiki;Roum;village
cameroun;CM002;Centre;CM002003;Mbam-et-Inoubou;CM002003005;Kon Yambetta;Ktong;village
cameroun;CM002;Centre;CM002003;Mbam-et-Inoubou;CM002003001;Bafia;Biamo;village
cameroun;CM002;Centre;CM002003;Mbam-et-Inoubou;CM002003001;Bafia;Sanam;village
cameroun;CM002;Centre;CM002003;Mbam-et-Inoubou;CM002003001;Bafia;Lapouang;village
cameroun;CM002;Centre;CM002003;Mbam-et-Inoubou;CM002003005;Kon Yambetta;Lakpah;village
cameroun;CM002;Centre;CM002003;Mbam-et-Inoubou;CM002003005;Kon Yambetta;Diodiar;village
cameroun;CM002;Centre;CM002003;Mbam-et-Inoubou;CM002003001;Bafia;Nloatehok;village
cameroun;CM002;Centre;CM002003;Mbam-et-Inoubou;CM002003005;Kon Yambetta;Tombe;village
cameroun;CM002;Centre;CM002003;Mbam-et-Inoubou;CM002003005;Kon Yambetta;Lal;village
cameroun;CM002;Centre;CM002003;Mbam-et-Inoubou;CM002003005;Kon Yambetta;Balaktam;village
cameroun;CM002;Centre;CM002003;Mbam-et-Inoubou;CM002003005;Kon Yambetta;Gah;village
cameroun;CM002;Centre;CM002003;Mbam-et-Inoubou;CM002003005;Kon Yambetta;Denk;village
cameroun;CM002;Centre;CM002003;Mbam-et-Inoubou;CM002003005;Kon Yambetta;Kn;village
cameroun;CM002;Centre;CM002003;Mbam-et-Inoubou;CM002003003;Deuk;Kong;village
cameroun;CM002;Centre;CM002003;Mbam-et-Inoubou;CM002003003;Deuk;Mbe;village
cameroun;CM002;Centre;CM002003;Mbam-et-Inoubou;CM002003003;Deuk;Mouzi;village
cameroun;CM002;Centre;CM002003;Mbam-et-Inoubou;CM002003003;Deuk;Bong;village
cameroun;CM002;Centre;CM002003;Mbam-et-Inoubou;CM002003003;Deuk;Nkang;village
cameroun;CM002;Centre;CM002003;Mbam-et-Inoubou;CM002003003;Deuk;Zakan;village
cameroun;CM002;Centre;CM002003;Mbam-et-Inoubou;CM002003003;Deuk;Djaga;village
cameroun;CM002;Centre;CM002003;Mbam-et-Inoubou;CM002003003;Deuk;Zok;village
cameroun;CM002;Centre;CM002003;Mbam-et-Inoubou;CM002003003;Deuk;Mbassess;village
cameroun;CM002;Centre;CM002003;Mbam-et-Inoubou;CM002003003;Deuk;Gouf;village
cameroun;CM002;Centre;CM002003;Mbam-et-Inoubou;CM002003001;Bafia;Rimis;village
cameroun;CM002;Centre;CM002003;Mbam-et-Inoubou;CM002003001;Bafia;Tamboro;village
cameroun;CM002;Centre;CM002003;Mbam-et-Inoubou;CM002003001;Bafia;Gondon;village
cameroun;CM002;Centre;CM002003;Mbam-et-Inoubou;CM002003001;Bafia;Quartier Bami;village
cameroun;CM002;Centre;CM002003;Mbam-et-Inoubou;CM002003001;Bafia;Wandala;village
cameroun;CM002;Centre;CM002003;Mbam-et-Inoubou;CM002003001;Bafia;Plateau Macchia;village
cameroun;CM002;Centre;CM002003;Mbam-et-Inoubou;CM002003001;Bafia;Quartier Residentiel;village
cameroun;CM002;Centre;CM002003;Mbam-et-Inoubou;CM002003001;Bafia;Centre Administratif;village
cameroun;CM002;Centre;CM002003;Mbam-et-Inoubou;CM002003001;Bafia;Ndengue;village
cameroun;CM002;Centre;CM002003;Mbam-et-Inoubou;CM002003001;Bafia;Labl;village
cameroun;CM002;Centre;CM002003;Mbam-et-Inoubou;CM002003001;Bafia;Nyamsong;village
cameroun;CM002;Centre;CM002003;Mbam-et-Inoubou;CM002003001;Bafia;Dagno;village
cameroun;CM002;Centre;CM002003;Mbam-et-Inoubou;CM002003001;Bafia;Gedo;village
cameroun;CM002;Centre;CM002003;Mbam-et-Inoubou;CM002003001;Bafia;Bigna;village
cameroun;CM002;Centre;CM002003;Mbam-et-Inoubou;CM002003001;Bafia;Biab Yakan;village
cameroun;CM002;Centre;CM002003;Mbam-et-Inoubou;CM002003001;Bafia;Tchoki Djadong;village
cameroun;CM002;Centre;CM002003;Mbam-et-Inoubou;CM002003001;Bafia;Messangsang;village
cameroun;CM002;Centre;CM002003;Mbam-et-Inoubou;CM002003001;Bafia;Biabertom;village
cameroun;CM002;Centre;CM002003;Mbam-et-Inoubou;CM002003001;Bafia;Riboati;village
cameroun;CM002;Centre;CM002003;Mbam-et-Inoubou;CM002003001;Bafia;Rigama;village
cameroun;CM002;Centre;CM002003;Mbam-et-Inoubou;CM002003001;Bafia;Boefine;village
cameroun;CM002;Centre;CM002003;Mbam-et-Inoubou;CM002003001;Bafia;Goufan II;village
cameroun;CM002;Centre;CM002003;Mbam-et-Inoubou;CM002003004;Kiiki;Goufan;village
cameroun;CM002;Centre;CM002003;Mbam-et-Inoubou;CM002003009;Ombessa;Ossimbi;village
cameroun;CM002;Centre;CM002003;Mbam-et-Inoubou;CM002003009;Ombessa;Boyaban;village
cameroun;CM002;Centre;CM002003;Mbam-et-Inoubou;CM002003009;Ombessa;Boyognano II;village
cameroun;CM002;Centre;CM002003;Mbam-et-Inoubou;CM002003009;Ombessa;Essend;village
cameroun;CM002;Centre;CM002003;Mbam-et-Inoubou;CM002003009;Ombessa;Paroisse;village
cameroun;CM002;Centre;CM002003;Mbam-et-Inoubou;CM002003009;Ombessa;Boyognano I;village
cameroun;CM002;Centre;CM002003;Mbam-et-Inoubou;CM002003009;Ombessa;Guetsing II;village
cameroun;CM002;Centre;CM002003;Mbam-et-Inoubou;CM002003009;Ombessa;Boyabogo;village
cameroun;CM002;Centre;CM002003;Mbam-et-Inoubou;CM002003009;Ombessa;Gnintsing;village
cameroun;CM002;Centre;CM002003;Mbam-et-Inoubou;CM002003009;Ombessa;Boyedong I;village
cameroun;CM002;Centre;CM002003;Mbam-et-Inoubou;CM002003009;Ombessa;Quartier Latin;village
cameroun;CM002;Centre;CM002003;Mbam-et-Inoubou;CM002003009;Ombessa;Boyedong II;village
cameroun;CM002;Centre;CM002003;Mbam-et-Inoubou;CM002003009;Ombessa;Boalong;village
cameroun;CM002;Centre;CM002003;Mbam-et-Inoubou;CM002003009;Ombessa;Edan;village
cameroun;CM002;Centre;CM002003;Mbam-et-Inoubou;CM002003009;Ombessa;Nguessogo;village
cameroun;CM002;Centre;CM002003;Mbam-et-Inoubou;CM002003009;Ombessa;Ombessa;town
cameroun;CM002;Centre;CM002003;Mbam-et-Inoubou;CM002003009;Ombessa;Biguind;village
cameroun;CM002;Centre;CM002003;Mbam-et-Inoubou;CM002003009;Ombessa;Eloa;village
cameroun;CM002;Centre;CM002003;Mbam-et-Inoubou;CM002003009;Ombessa;Gufigue;village
cameroun;CM002;Centre;CM002003;Mbam-et-Inoubou;CM002003004;Kiiki;Guboba;village
cameroun;CM002;Centre;CM002003;Mbam-et-Inoubou;CM002003009;Ombessa;Boyedolo;village
cameroun;CM002;Centre;CM002003;Mbam-et-Inoubou;CM002003009;Ombessa;Bombang;village
cameroun;CM002;Centre;CM002003;Mbam-et-Inoubou;CM002003009;Ombessa;Hiola;village
cameroun;CM002;Centre;CM002003;Mbam-et-Inoubou;CM002003004;Kiiki;Bonbang;village
cameroun;CM002;Centre;CM002003;Mbam-et-Inoubou;CM002003004;Kiiki;Ritchogni;village
cameroun;CM002;Centre;CM002003;Mbam-et-Inoubou;CM002003004;Kiiki;Assala II;village
cameroun;CM002;Centre;CM002003;Mbam-et-Inoubou;CM002003004;Kiiki;Bitang;village
cameroun;CM002;Centre;CM002003;Mbam-et-Inoubou;CM002003004;Kiiki;Assala I;village
cameroun;CM002;Centre;CM002003;Mbam-et-Inoubou;CM002003002;Bokito;Bakoa;village
cameroun;CM002;Centre;CM002003;Mbam-et-Inoubou;CM002003002;Bokito;Boufan I;village
cameroun;CM002;Centre;CM002003;Mbam-et-Inoubou;CM002003002;Bokito;Abanda;village
cameroun;CM002;Centre;CM002003;Mbam-et-Inoubou;CM002003002;Bokito;Gouif;village
cameroun;CM002;Centre;CM002003;Mbam-et-Inoubou;CM002003004;Kiiki;Ribang;village
cameroun;CM002;Centre;CM002003;Mbam-et-Inoubou;CM002003004;Kiiki;Ribong;village
cameroun;CM002;Centre;CM002003;Mbam-et-Inoubou;CM002003004;Kiiki;Kiiki;town
cameroun;CM002;Centre;CM002003;Mbam-et-Inoubou;CM002003001;Bafia;Rimbabaye;village
cameroun;CM002;Centre;CM002003;Mbam-et-Inoubou;CM002003004;Kiiki;Mouko;village
cameroun;CM002;Centre;CM002003;Mbam-et-Inoubou;CM002003001;Bafia;Rionong;village
cameroun;CM002;Centre;CM002003;Mbam-et-Inoubou;CM002003001;Bafia;Doguem;village
cameroun;CM002;Centre;CM002003;Mbam-et-Inoubou;CM002003001;Bafia;Gbaram;village
cameroun;CM002;Centre;CM002003;Mbam-et-Inoubou;CM002003001;Bafia;Yakan;village
cameroun;CM002;Centre;CM002003;Mbam-et-Inoubou;CM002003001;Bafia;Mouken;village
cameroun;CM002;Centre;CM002003;Mbam-et-Inoubou;CM002003004;Kiiki;Kadan;village
cameroun;CM002;Centre;CM002003;Mbam-et-Inoubou;CM002003004;Kiiki;Biames;village
cameroun;CM002;Centre;CM002003;Mbam-et-Inoubou;CM002003004;Kiiki;Kon Kidoum;village
cameroun;CM002;Centre;CM002003;Mbam-et-Inoubou;CM002003004;Kiiki;Bongol;village
cameroun;CM002;Centre;CM002003;Mbam-et-Inoubou;CM002003002;Bokito;Tchkan;village
cameroun;CM002;Centre;CM002003;Mbam-et-Inoubou;CM002003002;Bokito;Konne II;village
cameroun;CM002;Centre;CM002003;Mbam-et-Inoubou;CM002003004;Kiiki;Omeng;village
cameroun;CM002;Centre;CM002003;Mbam-et-Inoubou;CM002003002;Bokito;Tchkos;village
cameroun;CM002;Centre;CM002003;Mbam-et-Inoubou;CM002003002;Bokito;Okolo;village
cameroun;CM002;Centre;CM002003;Mbam-et-Inoubou;CM002003004;Kiiki;Goutan II;village
cameroun;CM002;Centre;CM002003;Mbam-et-Inoubou;CM002003002;Bokito;Bokaka;village
cameroun;CM002;Centre;CM002003;Mbam-et-Inoubou;CM002003002;Bokito;Bokaga;village
cameroun;CM002;Centre;CM002003;Mbam-et-Inoubou;CM002003002;Bokito;Bokito;town
cameroun;CM002;Centre;CM002003;Mbam-et-Inoubou;CM002003002;Bokito;Yoro;village
cameroun;CM002;Centre;CM002003;Mbam-et-Inoubou;CM002003002;Bokito;Bongando;village
cameroun;CM002;Centre;CM002003;Mbam-et-Inoubou;CM002003002;Bokito;Mbola;village
cameroun;CM002;Centre;CM002003;Mbam-et-Inoubou;CM002003002;Bokito;Kdia;village
cameroun;CM002;Centre;CM002003;Mbam-et-Inoubou;CM002003002;Bokito;Tobagne Village;village
cameroun;CM002;Centre;CM002003;Mbam-et-Inoubou;CM002003002;Bokito;Ediolomo;village
cameroun;CM002;Centre;CM002003;Mbam-et-Inoubou;CM002003002;Bokito;Salala;village
cameroun;CM002;Centre;CM002003;Mbam-et-Inoubou;CM002003002;Bokito;Yangben;village
cameroun;CM002;Centre;CM002003;Mbam-et-Inoubou;CM002003002;Bokito;Bamama;village
cameroun;CM002;Centre;CM002003;Mbam-et-Inoubou;CM002003002;Bokito;Ebat;village
cameroun;CM002;Centre;CM002003;Mbam-et-Inoubou;CM002003002;Bokito;Bouyong;village
cameroun;CM002;Centre;CM002003;Mbam-et-Inoubou;CM002003002;Bokito;Buonomama;village
cameroun;CM002;Centre;CM002003;Mbam-et-Inoubou;CM002003002;Bokito;Kalongbat;village
cameroun;CM002;Centre;CM002003;Mbam-et-Inoubou;CM002003002;Bokito;Ebaya;village
cameroun;CM002;Centre;CM002003;Mbam-et-Inoubou;CM002003002;Bokito;Batanga;village
cameroun;CM002;Centre;CM002003;Mbam-et-Inoubou;CM002003002;Bokito;Mtik;village
cameroun;CM002;Centre;CM002003;Mbam-et-Inoubou;CM002003002;Bokito;Bwanana;village
cameroun;CM002;Centre;CM002003;Mbam-et-Inoubou;CM002003002;Bokito;Omend;village
cameroun;CM002;Centre;CM002003;Mbam-et-Inoubou;CM002003002;Bokito;Nassak;village
cameroun;CM002;Centre;CM002003;Mbam-et-Inoubou;CM002003002;Bokito;Bwoto;village
cameroun;CM002;Centre;CM002003;Mbam-et-Inoubou;CM002003002;Bokito;Kan;village
cameroun;CM002;Centre;CM002003;Mbam-et-Inoubou;CM002003002;Bokito;Keota;village
cameroun;CM002;Centre;CM002003;Mbam-et-Inoubou;CM002003002;Bokito;Bounyangbala;village
cameroun;CM002;Centre;CM002003;Mbam-et-Inoubou;CM002003002;Bokito;Bgni;village
cameroun;CM002;Centre;CM002003;Mbam-et-Inoubou;CM002003002;Bokito;Assaka;village
cameroun;CM002;Centre;CM002003;Mbam-et-Inoubou;CM002003002;Bokito;Botombo;village
cameroun;CM002;Centre;CM002003;Mbam-et-Inoubou;CM002003002;Bokito;Bassolo;village
cameroun;CM002;Centre;CM002003;Mbam-et-Inoubou;CM002003002;Bokito;Bounol;village
cameroun;CM002;Centre;CM002003;Mbam-et-Inoubou;CM002003009;Ombessa;Yambassa;village
cameroun;CM002;Centre;CM002003;Mbam-et-Inoubou;CM002003002;Bokito;Bouniongo;village
cameroun;CM002;Centre;CM002003;Mbam-et-Inoubou;CM002003002;Bokito;Bombato;village
cameroun;CM002;Centre;CM002003;Mbam-et-Inoubou;CM002003002;Bokito;Balamba II;village
cameroun;CM002;Centre;CM002003;Mbam-et-Inoubou;CM002003002;Bokito;Balamba I;village
cameroun;CM002;Centre;CM002003;Mbam-et-Inoubou;CM002003002;Bokito;Boalondo;village
cameroun;CM002;Centre;CM002003;Mbam-et-Inoubou;CM002003002;Bokito;Bomana;village
cameroun;CM002;Centre;CM002003;Mbam-et-Inoubou;CM002003002;Bokito;Botatango;village
cameroun;CM002;Centre;CM002002;Leki;CM002002002;Ebebda;Ebomzout;village
cameroun;CM002;Centre;CM002002;Leki;CM002002002;Ebebda;Mlen-Mgam;village
cameroun;CM002;Centre;CM002002;Leki;CM002002002;Ebebda;Lenyong;village
cameroun;CM002;Centre;CM002002;Leki;CM002002002;Ebebda;Song-Adjanga;village
cameroun;CM002;Centre;CM002002;Leki;CM002002002;Ebebda;Song-Ebassa;village
cameroun;CM002;Centre;CM002002;Leki;CM002002002;Ebebda;Nkomesse;village
cameroun;CM002;Centre;CM002002;Leki;CM002002002;Ebebda;Nkom II;village
cameroun;CM002;Centre;CM002002;Leki;CM002002002;Ebebda;Nsingak;village
cameroun;CM002;Centre;CM002002;Leki;CM002002009;Saa;Ka;village
cameroun;CM002;Centre;CM002002;Leki;CM002002009;Saa;Ekalounminkoul;village
cameroun;CM002;Centre;CM002002;Leki;CM002002009;Saa;Ekoumdouma;village
cameroun;CM002;Centre;CM002002;Leki;CM002002009;Saa;Elessogu;village
cameroun;CM002;Centre;CM002002;Leki;CM002002002;Ebebda;Nkom I;village
cameroun;CM002;Centre;CM002002;Leki;CM002002002;Ebebda;Nkol-Eba;village
cameroun;CM002;Centre;CM002002;Leki;CM002002002;Ebebda;Nkol-Av;village
cameroun;CM002;Centre;CM002002;Leki;CM002002002;Ebebda;Eyn;village
cameroun;CM002;Centre;CM002002;Leki;CM002002002;Ebebda;Mvog-Eloungou;village
cameroun;CM002;Centre;CM002002;Leki;CM002002002;Ebebda;Ekoutpkass;village
cameroun;CM002;Centre;CM002002;Leki;CM002002002;Ebebda;Nkollouga;village
cameroun;CM002;Centre;CM002002;Leki;CM002002002;Ebebda;Nkang Efok;village
cameroun;CM002;Centre;CM002002;Leki;CM002002002;Ebebda;Ndounda;village
cameroun;CM002;Centre;CM002002;Leki;CM002002002;Ebebda;Bikogo;village
cameroun;CM002;Centre;CM002004;Mbam-et-Kim;CM002004001;Mbangassina;Mbenega;village
cameroun;CM002;Centre;CM002002;Leki;CM002002002;Ebebda;Mbilmana;village
cameroun;CM002;Centre;CM002002;Leki;CM002002002;Ebebda;Nkolndzomo;village
cameroun;CM002;Centre;CM002004;Mbam-et-Kim;CM002004001;Mbangassina;Nyambala;village
cameroun;CM002;Centre;CM002004;Mbam-et-Kim;CM002004001;Mbangassina;Biatenguena;village
cameroun;CM002;Centre;CM002004;Mbam-et-Kim;CM002004001;Mbangassina;Mbangassina;town
cameroun;CM002;Centre;CM002004;Mbam-et-Kim;CM002004001;Mbangassina;Yabokolo;village
cameroun;CM002;Centre;CM002003;Mbam-et-Inoubou;CM002003009;Ombessa;Nyambala;village
cameroun;CM002;Centre;CM002003;Mbam-et-Inoubou;CM002003009;Ombessa;Bitombo;village
cameroun;CM002;Centre;CM002003;Mbam-et-Inoubou;CM002003009;Ombessa;Biatola;village
cameroun;CM002;Centre;CM002003;Mbam-et-Inoubou;CM002003009;Ombessa;Ybkolo;village
cameroun;CM002;Centre;CM002003;Mbam-et-Inoubou;CM002003009;Ombessa;Boudoumou;village
cameroun;CM002;Centre;CM002003;Mbam-et-Inoubou;CM002003002;Bokito;Kssl;village
cameroun;CM002;Centre;CM002003;Mbam-et-Inoubou;CM002003009;Ombessa;Yanga;village
cameroun;CM002;Centre;CM002003;Mbam-et-Inoubou;CM002003009;Ombessa;Boyabidi;village
cameroun;CM002;Centre;CM002003;Mbam-et-Inoubou;CM002003009;Ombessa;Bogondo;village
cameroun;CM002;Centre;CM002003;Mbam-et-Inoubou;CM002003009;Ombessa;Niamanga II;village
cameroun;CM002;Centre;CM002003;Mbam-et-Inoubou;CM002003009;Ombessa;Baliama;village
cameroun;CM002;Centre;CM002003;Mbam-et-Inoubou;CM002003009;Ombessa;Tiho;village
cameroun;CM002;Centre;CM002003;Mbam-et-Inoubou;CM002003009;Ombessa;Guetsing I;village
cameroun;CM002;Centre;CM002003;Mbam-et-Inoubou;CM002003009;Ombessa;Baningoan;village
cameroun;CM002;Centre;CM002003;Mbam-et-Inoubou;CM002003009;Ombessa;Nengoang;village
cameroun;CM002;Centre;CM002003;Mbam-et-Inoubou;CM002003009;Ombessa;Bouraka;village
cameroun;CM002;Centre;CM002003;Mbam-et-Inoubou;CM002003001;Bafia;Tchkan;village
cameroun;CM002;Centre;CM002003;Mbam-et-Inoubou;CM002003001;Bafia;Guetta;village
cameroun;CM002;Centre;CM002003;Mbam-et-Inoubou;CM002003001;Bafia;Donenkeng II;village
cameroun;CM002;Centre;CM002003;Mbam-et-Inoubou;CM002003001;Bafia;Donenkeng I;village
cameroun;CM002;Centre;CM002003;Mbam-et-Inoubou;CM002003001;Bafia;Egoma I;village
cameroun;CM002;Centre;CM002003;Mbam-et-Inoubou;CM002003009;Ombessa;Boura I;village
cameroun;CM002;Centre;CM002003;Mbam-et-Inoubou;CM002003009;Ombessa;Boura II;village
cameroun;CM002;Centre;CM002003;Mbam-et-Inoubou;CM002003009;Ombessa;Badissa;village
cameroun;CM002;Centre;CM002003;Mbam-et-Inoubou;CM002003009;Ombessa;Asola;village
cameroun;CM002;Centre;CM002003;Mbam-et-Inoubou;CM002003009;Ombessa;Bougnassa;village
cameroun;CM002;Centre;CM002003;Mbam-et-Inoubou;CM002003009;Ombessa;Bilomo;village
cameroun;CM002;Centre;CM002003;Mbam-et-Inoubou;CM002003009;Ombessa;Enangana;village
cameroun;CM002;Centre;CM002004;Mbam-et-Kim;CM002004001;Mbangassina;Maelho;village
cameroun;CM002;Centre;CM002004;Mbam-et-Kim;CM002004001;Mbangassina;Talba;village
cameroun;CM002;Centre;CM002004;Mbam-et-Kim;CM002004004;Ntui;Bindamongo;village
cameroun;CM002;Centre;CM002004;Mbam-et-Kim;CM002004004;Ntui;Koro;village
cameroun;CM002;Centre;CM002004;Mbam-et-Kim;CM002004001;Mbangassina;Biakoa;village
cameroun;CM002;Centre;CM002004;Mbam-et-Kim;CM002004001;Mbangassina;Goura;village
cameroun;CM002;Centre;CM002002;Leki;CM002002009;Saa;Ndong-Elang;village
cameroun;CM002;Centre;CM002002;Leki;CM002002009;Saa;Nkolawono;village
cameroun;CM002;Centre;CM002002;Leki;CM002002009;Saa;Elang;village
cameroun;CM002;Centre;CM002002;Leki;CM002002009;Saa;Nkolessong;village
cameroun;CM002;Centre;CM002002;Leki;CM002002009;Saa;Nlongzok;village
cameroun;CM002;Centre;CM002002;Leki;CM002002009;Saa;Ntsan-Mendouga;village
cameroun;CM002;Centre;CM002002;Leki;CM002002009;Saa;Nkolbouma;village
cameroun;CM002;Centre;CM002002;Leki;CM002002009;Saa;Koko;village
cameroun;CM002;Centre;CM002002;Leki;CM002002009;Saa;Mbassila;village
cameroun;CM002;Centre;CM002002;Leki;CM002002009;Saa;Mbassila II;village
cameroun;CM002;Centre;CM002002;Leki;CM002002002;Ebebda;Mbl;village
cameroun;CM002;Centre;CM002002;Leki;CM002002009;Saa;Nkolo;village
cameroun;CM002;Centre;CM002002;Leki;CM002002009;Saa;Ndovolo;village
cameroun;CM002;Centre;CM002002;Leki;CM002002009;Saa;Polo;village
cameroun;CM002;Centre;CM002002;Leki;CM002002009;Saa;Mendouga-Mokala;village
cameroun;CM002;Centre;CM002002;Leki;CM002002009;Saa;Nkolmbanga;village
cameroun;CM002;Centre;CM002002;Leki;CM002002009;Saa;Lvazam;village
cameroun;CM002;Centre;CM002002;Leki;CM002002009;Saa;Nkolbilon;village
cameroun;CM002;Centre;CM002002;Leki;CM002002009;Saa;Ovoabang;village
cameroun;CM002;Centre;CM002002;Leki;CM002002009;Saa;Nlolmelen;village
cameroun;CM002;Centre;CM002002;Leki;CM002002009;Saa;Lengoung;village
cameroun;CM002;Centre;CM002002;Leki;CM002002009;Saa;Ebang-Minala;village
cameroun;CM002;Centre;CM002002;Leki;CM002002009;Saa;Lekoudek;village
cameroun;CM002;Centre;CM002002;Leki;CM002002009;Saa;Nkolangoung;village
cameroun;CM002;Centre;CM002002;Leki;CM002002009;Saa;Mengon;village
cameroun;CM002;Centre;CM002002;Leki;CM002002009;Saa;Nkolmgbana;village
cameroun;CM002;Centre;CM002002;Leki;CM002002009;Saa;Lkoubek;village
cameroun;CM002;Centre;CM002002;Leki;CM002002009;Saa;Mlik;village
cameroun;CM002;Centre;CM002002;Leki;CM002002009;Saa;Nkolossomo;village
cameroun;CM002;Centre;CM002002;Leki;CM002002009;Saa;Momo;village
cameroun;CM002;Centre;CM002002;Leki;CM002002009;Saa;Nkolang II;village
cameroun;CM002;Centre;CM002002;Leki;CM002002009;Saa;Nkang-Otom;village
cameroun;CM002;Centre;CM002002;Leki;CM002002009;Saa;Nkolang I;village
cameroun;CM002;Centre;CM002002;Leki;CM002002009;Saa;Ebl;village
cameroun;CM002;Centre;CM002004;Mbam-et-Kim;CM002004004;Ntui;Kla;village
cameroun;CM002;Centre;CM002002;Leki;CM002002009;Saa;Nkolbogo II;village
cameroun;CM002;Centre;CM002004;Mbam-et-Kim;CM002004004;Ntui;Btamba;village
cameroun;CM002;Centre;CM002004;Mbam-et-Kim;CM002004004;Ntui;Koundoung;village
cameroun;CM002;Centre;CM002004;Mbam-et-Kim;CM002004004;Ntui;Bilanga;village
cameroun;CM002;Centre;CM002004;Mbam-et-Kim;CM002004004;Ntui;Komb;village
cameroun;CM002;Centre;CM002004;Mbam-et-Kim;CM002004004;Ntui;Bilanga;village
cameroun;CM002;Centre;CM002004;Mbam-et-Kim;CM002004004;Ntui;Bivouna;village
cameroun;CM002;Centre;CM002004;Mbam-et-Kim;CM002004004;Ntui;Bindalima I;village
cameroun;CM002;Centre;CM002004;Mbam-et-Kim;CM002004004;Ntui;Odon;village
cameroun;CM002;Centre;CM002004;Mbam-et-Kim;CM002004004;Ntui;Biatsota I;village
cameroun;CM002;Centre;CM002004;Mbam-et-Kim;CM002004004;Ntui;Nzam;village
cameroun;CM002;Centre;CM002004;Mbam-et-Kim;CM002004004;Ntui;Otomkangana;village
cameroun;CM002;Centre;CM002004;Mbam-et-Kim;CM002004004;Ntui;Ehondo;village
cameroun;CM002;Centre;CM002004;Mbam-et-Kim;CM002004004;Ntui;Biatsota II;village
cameroun;CM002;Centre;CM002004;Mbam-et-Kim;CM002004004;Ntui;Mekoulmi;village
cameroun;CM002;Centre;CM002004;Mbam-et-Kim;CM002004004;Ntui;Dorbe;village
cameroun;CM002;Centre;CM002004;Mbam-et-Kim;CM002004004;Ntui;Dakoa;village
cameroun;CM002;Centre;CM002001;Haute-Sanaga;CM002001003;Mbandjock;Ndokoa;village
cameroun;CM002;Centre;CM002001;Haute-Sanaga;CM002001003;Mbandjock;Ondko;village
cameroun;CM002;Centre;CM002004;Mbam-et-Kim;CM002004004;Ntui;Ndimi;village
cameroun;CM002;Centre;CM002004;Mbam-et-Kim;CM002004004;Ntui;Yalongo;village
cameroun;CM002;Centre;CM002004;Mbam-et-Kim;CM002004003;Ngoro;Nguila-Babout;village
cameroun;CM002;Centre;CM002004;Mbam-et-Kim;CM002004004;Ntui;Salakounou;village
cameroun;CM002;Centre;CM002004;Mbam-et-Kim;CM002004005;Yoko;Donga;village
cameroun;CM002;Centre;CM002004;Mbam-et-Kim;CM002004005;Yoko;Mengong;village
cameroun;CM002;Centre;CM002004;Mbam-et-Kim;CM002004005;Yoko;Nyem;village
cameroun;CM002;Centre;CM002004;Mbam-et-Kim;CM002004005;Yoko;Bompteing;village
cameroun;CM002;Centre;CM002004;Mbam-et-Kim;CM002004005;Yoko;Mankim;village
cameroun;CM002;Centre;CM002004;Mbam-et-Kim;CM002004005;Yoko;Mekoassim;village
cameroun;CM002;Centre;CM002004;Mbam-et-Kim;CM002004005;Yoko;Guervoum;village
cameroun;CM002;Centre;CM002004;Mbam-et-Kim;CM002004005;Yoko;Dong;village
cameroun;CM002;Centre;CM002004;Mbam-et-Kim;CM002004005;Yoko;Mbembeing;village
cameroun;CM002;Centre;CM002004;Mbam-et-Kim;CM002004005;Yoko;Ndim;village
cameroun;CM002;Centre;CM002004;Mbam-et-Kim;CM002004005;Yoko;Njol;village
cameroun;CM002;Centre;CM002001;Haute-Sanaga;CM002001005;Nanga-Eboko;Ngonovea;village
cameroun;CM002;Centre;CM002001;Haute-Sanaga;CM002001005;Nanga-Eboko;Bifoul;village
cameroun;CM002;Centre;CM002001;Haute-Sanaga;CM002001005;Nanga-Eboko;Mbengueni;village
cameroun;CM002;Centre;CM002001;Haute-Sanaga;CM002001005;Nanga-Eboko;Btkl;village
cameroun;CM002;Centre;CM002001;Haute-Sanaga;CM002001005;Nanga-Eboko;Bikonjok;village
cameroun;CM002;Centre;CM002001;Haute-Sanaga;CM002001005;Nanga-Eboko;Tamai;village
cameroun;CM002;Centre;CM002001;Haute-Sanaga;CM002001005;Nanga-Eboko;Ekok;village
cameroun;CM002;Centre;CM002001;Haute-Sanaga;CM002001003;Mbandjock;Gomsan;village
cameroun;CM002;Centre;CM002001;Haute-Sanaga;CM002001003;Mbandjock;Ngaound;village
cameroun;CM002;Centre;CM002001;Haute-Sanaga;CM002001003;Mbandjock;Njor;village
cameroun;CM002;Centre;CM002001;Haute-Sanaga;CM002001003;Mbandjock;Bell;village
cameroun;CM002;Centre;CM002001;Haute-Sanaga;CM002001003;Mbandjock;Nkolmkong;village
cameroun;CM002;Centre;CM002001;Haute-Sanaga;CM002001003;Mbandjock;Odoik;village
cameroun;CM002;Centre;CM002001;Haute-Sanaga;CM002001003;Mbandjock;Nkomeng;village
cameroun;CM002;Centre;CM002001;Haute-Sanaga;CM002001003;Mbandjock;Adjaa;village
cameroun;CM005;Littoral;CM005004;Wouri;CM005004005;Douala 5e;Bassa;village
cameroun;CM005;Littoral;CM005004;Wouri;CM005004003;Douala 3e;Bessengue;village
cameroun;CM005;Littoral;CM005004;Wouri;CM005004003;Douala 3e;Japoma;village
cameroun;CM006;Nord;CM006001;Bnou;CM006001007;Garoua 3e;Pitoayel;village
cameroun;CM006;Nord;CM006001;Bnou;CM006001010;Pitoa;Loumbol;village
cameroun;CM006;Nord;CM006001;Bnou;CM006001010;Pitoa;Chefferie de Lawane Gnobi;village
cameroun;CM006;Nord;CM006001;Bnou;CM006001010;Pitoa;Cheferie de Bouli Mango;village
cameroun;CM006;Nord;CM006001;Bnou;CM006001010;Pitoa;Dengui;village
cameroun;CM006;Nord;CM006001;Bnou;CM006001010;Pitoa;Sirlawe;village
cameroun;CM006;Nord;CM006001;Bnou;CM006001010;Pitoa;Tappa;village
cameroun;CM006;Nord;CM006001;Bnou;CM006001010;Pitoa;Cheferie de Bouli Mal Alim;village
cameroun;CM006;Nord;CM006001;Bnou;CM006001010;Pitoa;lawanat de Langui;village
cameroun;CM006;Nord;CM006001;Bnou;CM006001010;Pitoa;Chefferie deLangui;village
cameroun;CM006;Nord;CM006001;Bnou;CM006001010;Pitoa;Langui;village
cameroun;CM006;Nord;CM006001;Bnou;CM006001010;Pitoa;Langui Gourore;village
cameroun;CM006;Nord;CM006001;Bnou;CM006001010;Pitoa;Langui Social;village
cameroun;CM006;Nord;CM006001;Bnou;CM006001010;Pitoa;Langui Mahol;village
cameroun;CM006;Nord;CM006001;Bnou;CM006001010;Pitoa;Langui Kadouna;village
cameroun;CM006;Nord;CM006001;Bnou;CM006001010;Pitoa;Ouro Kondong;village
cameroun;CM006;Nord;CM006001;Bnou;CM006001010;Pitoa;Langui Mballare;village
cameroun;CM006;Nord;CM006001;Bnou;CM006001010;Pitoa;Mbalare;village
cameroun;CM006;Nord;CM006001;Bnou;CM006001010;Pitoa;Langui Be;village
cameroun;CM006;Nord;CM006001;Bnou;CM006001010;Pitoa;Langui Kondong;village
cameroun;CM006;Nord;CM006001;Bnou;CM006001010;Pitoa;Langui Tcheboa;village
cameroun;CM006;Nord;CM006001;Bnou;CM006001010;Pitoa;Langui Differgol;village
cameroun;CM006;Nord;CM006001;Bnou;CM006001002;Bibemi;Ngourore;village
cameroun;CM006;Nord;CM006001;Bnou;CM006001002;Bibemi;Ngargou;village
cameroun;CM006;Nord;CM006001;Bnou;CM006001002;Bibemi;Tilale;village
cameroun;CM006;Nord;CM006001;Bnou;CM006001002;Bibemi;Yondigui;village
cameroun;CM006;Nord;CM006001;Bnou;CM006001002;Bibemi;Doualare;village
cameroun;CM006;Nord;CM006001;Bnou;CM006001002;Bibemi;Yarndo;village
cameroun;CM006;Nord;CM006001;Bnou;CM006001002;Bibemi;Kalfai 2;village
cameroun;CM006;Nord;CM006001;Bnou;CM006001002;Bibemi;Nadoura;village
cameroun;CM006;Nord;CM006001;Bnou;CM006001002;Bibemi;Aboumre;village
cameroun;CM006;Nord;CM006001;Bnou;CM006001002;Bibemi;Kalfai 1;village
cameroun;CM006;Nord;CM006001;Bnou;CM006001002;Bibemi;Nadoura;village
cameroun;CM006;Nord;CM006001;Bnou;CM006001002;Bibemi;Keni;village
cameroun;CM006;Nord;CM006001;Bnou;CM006001008;Lagdo;Djoulol;village
cameroun;CM006;Nord;CM006001;Bnou;CM006001008;Lagdo;Ouro Labbo_2;village
cameroun;CM006;Nord;CM006001;Bnou;CM006001011;Tcheboa;Harande Bame;village
cameroun;CM006;Nord;CM006001;Bnou;CM006001011;Tcheboa;Ouro Labbo I;village
cameroun;CM006;Nord;CM006001;Bnou;CM006001011;Tcheboa;Karewa;village
cameroun;CM006;Nord;CM006001;Bnou;CM006001011;Tcheboa;Ouro Dongori;village
cameroun;CM006;Nord;CM006001;Bnou;CM006001011;Tcheboa;Lainde Karewa;village
cameroun;CM006;Nord;CM006001;Bnou;CM006001011;Tcheboa;Ouro_donka_2;village
cameroun;CM006;Nord;CM006001;Bnou;CM006001011;Tcheboa;Hossere Kilbou;village
cameroun;CM006;Nord;CM006001;Bnou;CM006001011;Tcheboa;Lainde Soulede;village
cameroun;CM006;Nord;CM006001;Bnou;CM006001008;Lagdo;Ouro_labbo_3;village
cameroun;CM006;Nord;CM006001;Bnou;CM006001008;Lagdo;Ouro Dandi;village
cameroun;CM006;Nord;CM006001;Bnou;CM006001011;Tcheboa;Lainde Balda;village
cameroun;CM006;Nord;CM006001;Bnou;CM006001011;Tcheboa;Sanguere_bame_2;village
cameroun;CM006;Nord;CM006001;Bnou;CM006001008;Lagdo;Tchita;village
cameroun;CM006;Nord;CM006001;Bnou;CM006001008;Lagdo;Nassarao Bame;village
cameroun;CM006;Nord;CM006001;Bnou;CM006001011;Tcheboa;Yoldeo;village
cameroun;CM006;Nord;CM006001;Bnou;CM006001011;Tcheboa;Lougol;village
cameroun;CM006;Nord;CM006001;Bnou;CM006001008;Lagdo;Ouro_bogno_1;village
cameroun;CM006;Nord;CM006001;Bnou;CM006001008;Lagdo;Ouro Bogno;village
cameroun;CM006;Nord;CM006001;Bnou;CM006001008;Lagdo;Lainde Bame;village
cameroun;CM006;Nord;CM006001;Bnou;CM006001008;Lagdo;Mayo_barka;village
cameroun;CM006;Nord;CM006001;Bnou;CM006001008;Lagdo;Sabongari(lagdo);village
cameroun;CM006;Nord;CM006001;Bnou;CM006001008;Lagdo;Sabongari;village
cameroun;CM006;Nord;CM006001;Bnou;CM006001008;Lagdo;Bame 2;village
cameroun;CM006;Nord;CM006001;Bnou;CM006001008;Lagdo;Bame 3;village
cameroun;CM006;Nord;CM006001;Bnou;CM006001008;Lagdo;Bame_1;village
cameroun;CM006;Nord;CM006001;Bnou;CM006001008;Lagdo;Bame 1;village
cameroun;CM006;Nord;CM006001;Bnou;CM006001008;Lagdo;Bame Mafa;village
cameroun;CM006;Nord;CM006001;Bnou;CM006001008;Lagdo;Bame Touboro;village
cameroun;CM006;Nord;CM006001;Bnou;CM006001008;Lagdo;Mayo Djarendi;village
cameroun;CM006;Nord;CM006001;Bnou;CM006001008;Lagdo;Kouroungou;village
cameroun;CM006;Nord;CM006001;Bnou;CM006001008;Lagdo;Napanla;village
cameroun;CM006;Nord;CM006001;Bnou;CM006001008;Lagdo;Bamsi;village
cameroun;CM006;Nord;CM006001;Bnou;CM006001008;Lagdo;Bobi Lagdo 3;village
cameroun;CM006;Nord;CM006001;Bnou;CM006001008;Lagdo;Bakona 1;village
cameroun;CM006;Nord;CM006001;Bnou;CM006001008;Lagdo;Bakona 2;village
cameroun;CM006;Nord;CM006001;Bnou;CM006001008;Lagdo;Bamere;village
cameroun;CM006;Nord;CM006001;Bnou;CM006001008;Lagdo;Ouro_garga;village
cameroun;CM006;Nord;CM006001;Bnou;CM006001008;Lagdo;Do Boulel 2;village
cameroun;CM006;Nord;CM006001;Bnou;CM006001008;Lagdo;Do Boulel;village
cameroun;CM006;Nord;CM006001;Bnou;CM006001008;Lagdo;Do Boulel 3;village
cameroun;CM006;Nord;CM006001;Bnou;CM006001008;Lagdo;Garwawo;village
cameroun;CM006;Nord;CM006001;Bnou;CM006001008;Lagdo;Rabinga;village
cameroun;CM006;Nord;CM006001;Bnou;CM006001008;Lagdo;Mokolo;village
cameroun;CM006;Nord;CM006001;Bnou;CM006001008;Lagdo;Balane;village
cameroun;CM006;Nord;CM006001;Bnou;CM006001008;Lagdo;Lamoudan;village
cameroun;CM006;Nord;CM006001;Bnou;CM006001011;Tcheboa;Ouro Djidda;village
cameroun;CM006;Nord;CM006001;Bnou;CM006001011;Tcheboa;Koubadje;village
cameroun;CM006;Nord;CM006001;Bnou;CM006001011;Tcheboa;Ngong_3;village
cameroun;CM006;Nord;CM006001;Bnou;CM006001011;Tcheboa;Longo_1;village
cameroun;CM006;Nord;CM006001;Bnou;CM006001011;Tcheboa;Adamaoua-lougguere;village
cameroun;CM006;Nord;CM006001;Bnou;CM006001011;Tcheboa;Ouro_tamounde_2;village
cameroun;CM006;Nord;CM006001;Bnou;CM006001011;Tcheboa;Ngong_2;village
cameroun;CM006;Nord;CM006001;Bnou;CM006001011;Tcheboa;Winde_ngong;village
cameroun;CM006;Nord;CM006001;Bnou;CM006001011;Tcheboa;Mbolta;village
cameroun;CM006;Nord;CM006001;Bnou;CM006001011;Tcheboa;Boumedje_tcheboa_1;village
cameroun;CM006;Nord;CM006001;Bnou;CM006001011;Tcheboa;Kone-2;village
cameroun;CM006;Nord;CM006001;Bnou;CM006001011;Tcheboa;Ouganda;village
cameroun;CM006;Nord;CM006001;Bnou;CM006001011;Tcheboa;Ouro_malloum_2;village
cameroun;CM006;Nord;CM006001;Bnou;CM006001011;Tcheboa;Ouro Malloum;village
cameroun;CM006;Nord;CM006001;Bnou;CM006001011;Tcheboa;Koubadje;village
cameroun;CM006;Nord;CM006001;Bnou;CM006001008;Lagdo;Ouro_djidda;village
cameroun;CM006;Nord;CM006001;Bnou;CM006001011;Tcheboa;Kaiwan 2;village
cameroun;CM006;Nord;CM006001;Bnou;CM006001011;Tcheboa;Kaiwan 1;village
cameroun;CM006;Nord;CM006001;Bnou;CM006001008;Lagdo;Tongo;village
cameroun;CM006;Nord;CM006001;Bnou;CM006001008;Lagdo;Ouro Andre;village
cameroun;CM006;Nord;CM006001;Bnou;CM006001008;Lagdo;Nelbi;village
cameroun;CM006;Nord;CM006001;Bnou;CM006001008;Lagdo;Ouro Manda;village
cameroun;CM006;Nord;CM006001;Bnou;CM006001008;Lagdo;Winde Djaman;village
cameroun;CM006;Nord;CM006001;Bnou;CM006001008;Lagdo;Dore;village
cameroun;CM006;Nord;CM006001;Bnou;CM006001011;Tcheboa;Mapto;village
cameroun;CM006;Nord;CM006001;Bnou;CM006001011;Tcheboa;Ouro Lawane_2;village
cameroun;CM006;Nord;CM006001;Bnou;CM006001011;Tcheboa;Boumedje Gra_1;village
cameroun;CM006;Nord;CM006001;Bnou;CM006001011;Tcheboa;Ouro Lawane_1;village
cameroun;CM006;Nord;CM006001;Bnou;CM006001011;Tcheboa;Nassarao Ngong;village
cameroun;CM006;Nord;CM006001;Bnou;CM006001011;Tcheboa;Boumedje_garoua_2;village
cameroun;CM006;Nord;CM006001;Bnou;CM006001011;Tcheboa;Boumedje Gra_2;village
cameroun;CM006;Nord;CM006001;Bnou;CM006001011;Tcheboa;Gainako;village
cameroun;CM006;Nord;CM006001;Bnou;CM006001011;Tcheboa;Douka Gainako;village
cameroun;CM006;Nord;CM006001;Bnou;CM006001011;Tcheboa;Lougguere;village
cameroun;CM006;Nord;CM006001;Bnou;CM006001011;Tcheboa;Tamounde;village
cameroun;CM006;Nord;CM006001;Bnou;CM006001011;Tcheboa;Ouro Tamounde;village
cameroun;CM006;Nord;CM006001;Bnou;CM006001011;Tcheboa;Douka Longo;village
cameroun;CM006;Nord;CM006001;Bnou;CM006001011;Tcheboa;Longo 2;village
cameroun;CM006;Nord;CM006001;Bnou;CM006001011;Tcheboa;Mayo Bangai;village
cameroun;CM006;Nord;CM006001;Bnou;CM006001011;Tcheboa;Sabongari;village
cameroun;CM006;Nord;CM006001;Bnou;CM006001011;Tcheboa;Adamaoua 2;village
cameroun;CM006;Nord;CM006001;Bnou;CM006001011;Tcheboa;Adamaoua 2;village
cameroun;CM006;Nord;CM006001;Bnou;CM006001011;Tcheboa;Adamaoua 1;village
cameroun;CM006;Nord;CM006001;Bnou;CM006001011;Tcheboa;Ndouguiri;village
cameroun;CM006;Nord;CM006001;Bnou;CM006001011;Tcheboa;Ouro Djalo;village
cameroun;CM006;Nord;CM006001;Bnou;CM006001011;Tcheboa;Winde Ngong;village
cameroun;CM006;Nord;CM006001;Bnou;CM006001011;Tcheboa;Ouro Adamou;village
cameroun;CM006;Nord;CM006001;Bnou;CM006001011;Tcheboa;Ngong;town
cameroun;CM006;Nord;CM006001;Bnou;CM006001011;Tcheboa;Ouro Dellem;village
cameroun;CM006;Nord;CM006001;Bnou;CM006001011;Tcheboa;Ngong_1;village
cameroun;CM006;Nord;CM006001;Bnou;CM006001011;Tcheboa;Fignole_2;village
cameroun;CM006;Nord;CM006001;Bnou;CM006001011;Tcheboa;Lakare;village
cameroun;CM006;Nord;CM006001;Bnou;CM006001011;Tcheboa;Ouro Gao;village
cameroun;CM006;Nord;CM006001;Bnou;CM006001011;Tcheboa;Ouro Gao;village
cameroun;CM006;Nord;CM006001;Bnou;CM006001011;Tcheboa;Passame;village
cameroun;CM006;Nord;CM006001;Bnou;CM006001011;Tcheboa;Ouro Passeme;village
cameroun;CM006;Nord;CM006001;Bnou;CM006001011;Tcheboa;Ndjola Kapsiki;village
cameroun;CM006;Nord;CM006001;Bnou;CM006001011;Tcheboa;Lainde Kaoutal;village
cameroun;CM006;Nord;CM006001;Bnou;CM006001011;Tcheboa;Mayo Lope;village
cameroun;CM006;Nord;CM006001;Bnou;CM006001011;Tcheboa;Lainde Diga;village
cameroun;CM006;Nord;CM006001;Bnou;CM006001011;Tcheboa;Ngaoubara;village
cameroun;CM006;Nord;CM006001;Bnou;CM006001011;Tcheboa;Lainde Djika;village
cameroun;CM006;Nord;CM006001;Bnou;CM006001011;Tcheboa;Tapare;village
cameroun;CM006;Nord;CM006001;Bnou;CM006001011;Tcheboa;Lainde_kawtal;village
cameroun;CM006;Nord;CM006001;Bnou;CM006001011;Tcheboa;Lainde Massa;village
cameroun;CM006;Nord;CM006001;Bnou;CM006001011;Tcheboa;Ndjola;village
cameroun;CM006;Nord;CM006001;Bnou;CM006001011;Tcheboa;Lainde Mbana;village
cameroun;CM006;Nord;CM006001;Bnou;CM006001011;Tcheboa;Ouro_donka_1;village
cameroun;CM006;Nord;CM006001;Bnou;CM006001011;Tcheboa;Ouro Donka;village
cameroun;CM006;Nord;CM006001;Bnou;CM006001011;Tcheboa;Ouro Ndemri 2;village
cameroun;CM006;Nord;CM006001;Bnou;CM006001011;Tcheboa;Ouro Ndemri 1;village
cameroun;CM006;Nord;CM006001;Bnou;CM006001011;Tcheboa;Djefatou;village
cameroun;CM006;Nord;CM006001;Bnou;CM006001011;Tcheboa;Manang;village
cameroun;CM006;Nord;CM006001;Bnou;CM006001011;Tcheboa;Gobara;village
cameroun;CM006;Nord;CM006001;Bnou;CM006001011;Tcheboa;Normandie;village
cameroun;CM006;Nord;CM006001;Bnou;CM006001011;Tcheboa;Normandie;village
cameroun;CM006;Nord;CM006001;Bnou;CM006001011;Tcheboa;Kawtal;village
cameroun;CM006;Nord;CM006001;Bnou;CM006001011;Tcheboa;Iware;village
cameroun;CM006;Nord;CM006001;Bnou;CM006001011;Tcheboa;Pintchire;village
cameroun;CM006;Nord;CM006001;Bnou;CM006001011;Tcheboa;Bibol;village
cameroun;CM006;Nord;CM006001;Bnou;CM006001011;Tcheboa;Maissanou;village
cameroun;CM006;Nord;CM006001;Bnou;CM006001011;Tcheboa;Marba;village
cameroun;CM006;Nord;CM006001;Bnou;CM006001011;Tcheboa;Lainde Garga;village
cameroun;CM006;Nord;CM006001;Bnou;CM006001011;Tcheboa;Kone;village
cameroun;CM006;Nord;CM006001;Bnou;CM006001011;Tcheboa;Boundjoumi;village
cameroun;CM006;Nord;CM006001;Bnou;CM006001011;Tcheboa;Malla;village
cameroun;CM006;Nord;CM006001;Bnou;CM006001011;Tcheboa;Biliel Namdji;village
cameroun;CM006;Nord;CM006001;Bnou;CM006001011;Tcheboa;Lainde Tcheboa;village
cameroun;CM006;Nord;CM006001;Bnou;CM006001011;Tcheboa;Ouro_hairou;village
cameroun;CM006;Nord;CM006001;Bnou;CM006001011;Tcheboa;Djouta Ledde;village
cameroun;CM006;Nord;CM006001;Bnou;CM006001011;Tcheboa;Madagascar;village
cameroun;CM006;Nord;CM006001;Bnou;CM006001011;Tcheboa;Bangandje;village
cameroun;CM006;Nord;CM006001;Bnou;CM006001011;Tcheboa;Danedjam;village
cameroun;CM006;Nord;CM006001;Bnou;CM006001011;Tcheboa;Djoutta Ledde;village
cameroun;CM006;Nord;CM006001;Bnou;CM006001011;Tcheboa;Ouro Ladda;village
cameroun;CM006;Nord;CM006001;Bnou;CM006001011;Tcheboa;Jagogi;village
cameroun;CM006;Nord;CM006001;Bnou;CM006001011;Tcheboa;Baleri;village
cameroun;CM006;Nord;CM006001;Bnou;CM006001011;Tcheboa;Kollere_tcheboa;village
cameroun;CM006;Nord;CM006001;Bnou;CM006001011;Tcheboa;Tcheboa;town
cameroun;CM006;Nord;CM006001;Bnou;CM006001011;Tcheboa;Mafa Tcheboa;village
cameroun;CM006;Nord;CM006001;Bnou;CM006001009;Mayo-Hourna;Malape;village
cameroun;CM006;Nord;CM006001;Bnou;CM006001011;Tcheboa;Kokoumi;village
cameroun;CM006;Nord;CM006001;Bnou;CM006001009;Mayo-Hourna;Ndaou;village
cameroun;CM006;Nord;CM006001;Bnou;CM006001009;Mayo-Hourna;Tcharatche;village
cameroun;CM006;Nord;CM006001;Bnou;CM006001009;Mayo-Hourna;Ouro Dadjam;village
cameroun;CM006;Nord;CM006001;Bnou;CM006001009;Mayo-Hourna;Bangli;village
cameroun;CM006;Nord;CM006001;Bnou;CM006001011;Tcheboa;Djim;village
cameroun;CM006;Nord;CM006001;Bnou;CM006001011;Tcheboa;Baroume;village
cameroun;CM006;Nord;CM006001;Bnou;CM006001011;Tcheboa;Selifa;village
cameroun;CM006;Nord;CM006001;Bnou;CM006001011;Tcheboa;Baroumi;village
cameroun;CM006;Nord;CM006001;Bnou;CM006001009;Mayo-Hourna;Ouro Ardo;village
cameroun;CM006;Nord;CM006001;Bnou;CM006001009;Mayo-Hourna;Djamtari;village
cameroun;CM006;Nord;CM006001;Bnou;CM006001009;Mayo-Hourna;Mboulmbouldire;village
cameroun;CM006;Nord;CM006001;Bnou;CM006001009;Mayo-Hourna;Ouro Garga;village
cameroun;CM006;Nord;CM006001;Bnou;CM006001011;Tcheboa;Hayga_djewa;village
cameroun;CM006;Nord;CM006001;Bnou;CM006001011;Tcheboa;Sarki;village
cameroun;CM006;Nord;CM006001;Bnou;CM006001007;Garoua 3e;Sellifa;village
cameroun;CM006;Nord;CM006001;Bnou;CM006001007;Garoua 3e;Djamboutou-djal;village
cameroun;CM006;Nord;CM006001;Bnou;CM006001005;Garoua 1er;Garoua Winde;village
cameroun;CM006;Nord;CM006001;Bnou;CM006001009;Mayo-Hourna;Mayo Djarendi;village
cameroun;CM006;Nord;CM006001;Bnou;CM006001009;Mayo-Hourna;Kousmo;village
cameroun;CM006;Nord;CM006001;Bnou;CM006001009;Mayo-Hourna;Pakete;village
cameroun;CM006;Nord;CM006001;Bnou;CM006001009;Mayo-Hourna;Ouro Bobbo;village
cameroun;CM006;Nord;CM006001;Bnou;CM006001005;Garoua 1er;Ouro Moufou;village
cameroun;CM006;Nord;CM006001;Bnou;CM006001005;Garoua 1er;Hodango;village
cameroun;CM006;Nord;CM006001;Bnou;CM006001004;Demsa;Pomla Petel;village
cameroun;CM006;Nord;CM006001;Bnou;CM006001004;Demsa;Pomla Hamayero;village
cameroun;CM006;Nord;CM006001;Bnou;CM006001004;Demsa;Tingiling;village
cameroun;CM006;Nord;CM006001;Bnou;CM006001009;Mayo-Hourna;Ouro_harissou;village
cameroun;CM006;Nord;CM006001;Bnou;CM006001009;Mayo-Hourna;Ouro_gadji;village
cameroun;CM006;Nord;CM006001;Bnou;CM006001009;Mayo-Hourna;Hossere Forou;village
cameroun;CM006;Nord;CM006001;Bnou;CM006001009;Mayo-Hourna;Bangli;village
cameroun;CM006;Nord;CM006001;Bnou;CM006001009;Mayo-Hourna;Nakong;village
cameroun;CM006;Nord;CM006001;Bnou;CM006001004;Demsa;Ouro Tchaka;village
cameroun;CM006;Nord;CM006001;Bnou;CM006001005;Garoua 1er;Pomla_manga;village
cameroun;CM006;Nord;CM006001;Bnou;CM006001005;Garoua 1er;Lomoudou;village
cameroun;CM006;Nord;CM006001;Bnou;CM006001004;Demsa;Bogare;village
cameroun;CM006;Nord;CM006001;Bnou;CM006001005;Garoua 1er;Gaschiga_guiziga;village
cameroun;CM006;Nord;CM006001;Bnou;CM006001005;Garoua 1er;Gaschiga_fulbe;village
cameroun;CM006;Nord;CM006001;Bnou;CM006001004;Demsa;Gashiga;town
cameroun;CM006;Nord;CM006001;Bnou;CM006001004;Demsa;Ngalaba;village
cameroun;CM006;Nord;CM006001;Bnou;CM006001004;Demsa;Tapare;village
cameroun;CM006;Nord;CM006001;Bnou;CM006001004;Demsa;Tapare;village
cameroun;CM002;Centre;CM002007;Mfoundi;CM002007007;Yaounde 7e;Minkoameyos;village
cameroun;CM002;Centre;CM002002;Leki;CM002002008;Okola;Ozom II;village
cameroun;CM002;Centre;CM002002;Leki;CM002002008;Okola;Etoud;village
cameroun;CM002;Centre;CM002002;Leki;CM002002008;Okola;Lboth;village
cameroun;CM002;Centre;CM002002;Leki;CM002002008;Okola;Nouma;village
cameroun;CM002;Centre;CM002002;Leki;CM002002008;Okola;Ngoya 1;village
cameroun;CM002;Centre;CM002002;Leki;CM002002008;Okola;Nkong;village
cameroun;CM002;Centre;CM002002;Leki;CM002002008;Okola;Obak;village
cameroun;CM002;Centre;CM002002;Leki;CM002002008;Okola;Ygassi;village
cameroun;CM002;Centre;CM002002;Leki;CM002002008;Okola;Ebot;village
cameroun;CM002;Centre;CM002002;Leki;CM002002008;Okola;Ekong;village
cameroun;CM002;Centre;CM002002;Leki;CM002002008;Okola;Mtak;village
cameroun;CM002;Centre;CM002002;Leki;CM002002008;Okola;Leboudi II;village
cameroun;CM002;Centre;CM002002;Leki;CM002002008;Okola;Ngoya II;village
cameroun;CM002;Centre;CM002002;Leki;CM002002008;Okola;Leboudi I;village
cameroun;CM002;Centre;CM002002;Leki;CM002002008;Okola;Ngoya III;village
cameroun;CM002;Centre;CM002002;Leki;CM002002008;Okola;Nkol Ngon;village
cameroun;CM002;Centre;CM002007;Mfoundi;CM002007001;Yaounde 1er;Nkolondon II;village
cameroun;CM002;Centre;CM002002;Leki;CM002002008;Okola;Nkolessong;village
cameroun;CM002;Centre;CM002002;Leki;CM002002008;Okola;Nkolondom;village
cameroun;CM002;Centre;CM002002;Leki;CM002002008;Okola;Mintotomo;village
cameroun;CM002;Centre;CM002007;Mfoundi;CM002007001;Yaounde 1er;Nyom II;village
cameroun;CM002;Centre;CM002007;Mfoundi;CM002007001;Yaounde 1er;Olemb I;village
cameroun;CM002;Centre;CM002007;Mfoundi;CM002007001;Yaounde 1er;Ekombiti;village
cameroun;CM002;Centre;CM002007;Mfoundi;CM002007001;Yaounde 1er;Nyom I;village
cameroun;CM002;Centre;CM002007;Mfoundi;CM002007001;Yaounde 1er;Tongola-Assi;village
cameroun;CM002;Centre;CM002007;Mfoundi;CM002007001;Yaounde 1er;Mbala;village
cameroun;CM002;Centre;CM002007;Mfoundi;CM002007001;Yaounde 1er;Nkol-Etonn;village
cameroun;CM004;Extrme-Nord;CM004003;Mayo-Danay;CM004003011;Yagoua;Kalak;village
cameroun;CM004;Extrme-Nord;CM004003;Mayo-Danay;CM004003011;Yagoua;Marao;village
cameroun;CM004;Extrme-Nord;CM004003;Mayo-Danay;CM004003011;Yagoua;Zb;village
cameroun;CM004;Extrme-Nord;CM004003;Mayo-Danay;CM004003011;Yagoua;Vounaloum;village
cameroun;CM004;Extrme-Nord;CM004003;Mayo-Danay;CM004003009;Vele;Sortie Yagoua;village
cameroun;CM004;Extrme-Nord;CM004002;Logone-et-Chari;CM004002007;Logone-Birni;Karam;village
cameroun;CM004;Extrme-Nord;CM004002;Logone-et-Chari;CM004002007;Logone-Birni;Damrou;village
cameroun;CM004;Extrme-Nord;CM004002;Logone-et-Chari;CM004002007;Logone-Birni;Dogdri;village
cameroun;CM004;Extrme-Nord;CM004002;Logone-et-Chari;CM004002007;Logone-Birni;Nmboudoufka;village
cameroun;CM004;Extrme-Nord;CM004002;Logone-et-Chari;CM004002007;Logone-Birni;Safan;village
cameroun;CM004;Extrme-Nord;CM004002;Logone-et-Chari;CM004002007;Logone-Birni;Olga;village
cameroun;CM004;Extrme-Nord;CM004002;Logone-et-Chari;CM004002007;Logone-Birni;Bagu;village
cameroun;CM004;Extrme-Nord;CM004002;Logone-et-Chari;CM004002007;Logone-Birni;Khalkoussam;village
cameroun;CM004;Extrme-Nord;CM004002;Logone-et-Chari;CM004002007;Logone-Birni;Mre;village
cameroun;CM004;Extrme-Nord;CM004002;Logone-et-Chari;CM004002007;Logone-Birni;Mourak;village
cameroun;CM004;Extrme-Nord;CM004002;Logone-et-Chari;CM004002007;Logone-Birni;Zimado;town
cameroun;CM004;Extrme-Nord;CM004002;Logone-et-Chari;CM004002007;Logone-Birni;Kalgoulou;village
cameroun;CM004;Extrme-Nord;CM004002;Logone-et-Chari;CM004002007;Logone-Birni;Hinal;town
cameroun;CM004;Extrme-Nord;CM004002;Logone-et-Chari;CM004002007;Logone-Birni;hinal;village
cameroun;CM004;Extrme-Nord;CM004002;Logone-et-Chari;CM004002007;Logone-Birni;Mahanna;village
cameroun;CM004;Extrme-Nord;CM004002;Logone-et-Chari;CM004002007;Logone-Birni;Mandab;village
cameroun;CM004;Extrme-Nord;CM004002;Logone-et-Chari;CM004002007;Logone-Birni;Go;village
cameroun;CM004;Extrme-Nord;CM004002;Logone-et-Chari;CM004002007;Logone-Birni;Khounangar;village
cameroun;CM004;Extrme-Nord;CM004002;Logone-et-Chari;CM004002007;Logone-Birni;Saha Goulou;village
cameroun;CM004;Extrme-Nord;CM004002;Logone-et-Chari;CM004002010;Zina;Iviy;village
cameroun;CM004;Extrme-Nord;CM004002;Logone-et-Chari;CM004002007;Logone-Birni;Bangaliya;village
cameroun;CM004;Extrme-Nord;CM004002;Logone-et-Chari;CM004002007;Logone-Birni;Goznakeu;village
cameroun;CM004;Extrme-Nord;CM004002;Logone-et-Chari;CM004002007;Logone-Birni;Moudia;village
cameroun;CM004;Extrme-Nord;CM004002;Logone-et-Chari;CM004002010;Zina;Zina;town
cameroun;CM004;Extrme-Nord;CM004002;Logone-et-Chari;CM004002010;Zina;Mazgeu;village
cameroun;CM004;Extrme-Nord;CM004002;Logone-et-Chari;CM004002010;Zina;Chafa;village
cameroun;CM004;Extrme-Nord;CM004002;Logone-et-Chari;CM004002010;Zina;Doulo;village
cameroun;CM004;Extrme-Nord;CM004002;Logone-et-Chari;CM004002010;Zina;Nkarsa;village
cameroun;CM004;Extrme-Nord;CM004002;Logone-et-Chari;CM004002010;Zina;Nkhodeuni;village
cameroun;CM004;Extrme-Nord;CM004002;Logone-et-Chari;CM004002010;Zina;Oudio;village
cameroun;CM004;Extrme-Nord;CM004002;Logone-et-Chari;CM004002010;Zina;Marona;village
cameroun;CM004;Extrme-Nord;CM004002;Logone-et-Chari;CM004002010;Zina;Garl;village
cameroun;CM004;Extrme-Nord;CM004002;Logone-et-Chari;CM004002009;Waza;Lougouma;village
cameroun;CM004;Extrme-Nord;CM004002;Logone-et-Chari;CM004002010;Zina;Dagueum;village
cameroun;CM004;Extrme-Nord;CM004002;Logone-et-Chari;CM004002010;Zina;Tchidi;village
cameroun;CM004;Extrme-Nord;CM004002;Logone-et-Chari;CM004002010;Zina;Andirni;village
cameroun;CM004;Extrme-Nord;CM004002;Logone-et-Chari;CM004002009;Waza;Mada;village
cameroun;CM004;Extrme-Nord;CM004002;Logone-et-Chari;CM004002009;Waza;Bl;village
cameroun;CM004;Extrme-Nord;CM004002;Logone-et-Chari;CM004002009;Waza;Kaoussen;village
cameroun;CM004;Extrme-Nord;CM004002;Logone-et-Chari;CM004002007;Logone-Birni;Ngame;village
cameroun;CM004;Extrme-Nord;CM004002;Logone-et-Chari;CM004002007;Logone-Birni;Ndjamena;village
cameroun;CM004;Extrme-Nord;CM004002;Logone-et-Chari;CM004002004;Goulfey;Diam 2;village
cameroun;CM004;Extrme-Nord;CM004002;Logone-et-Chari;CM004002007;Logone-Birni;Kashal (Kasal);village
cameroun;CM004;Extrme-Nord;CM004002;Logone-et-Chari;CM004002004;Goulfey;Dague (Dakcle);village
cameroun;CM004;Extrme-Nord;CM004002;Logone-et-Chari;CM004002004;Goulfey;Fourkouri;village
cameroun;CM004;Extrme-Nord;CM004002;Logone-et-Chari;CM004002007;Logone-Birni;Mouladok;village
cameroun;CM004;Extrme-Nord;CM004002;Logone-et-Chari;CM004002007;Logone-Birni;Andom;village
cameroun;CM004;Extrme-Nord;CM004002;Logone-et-Chari;CM004002007;Logone-Birni;Kala Kafra;town
cameroun;CM004;Extrme-Nord;CM004002;Logone-et-Chari;CM004002004;Goulfey;Lakta 1;village
cameroun;CM004;Extrme-Nord;CM004002;Logone-et-Chari;CM004002004;Goulfey;Abou Kano;village
cameroun;CM004;Extrme-Nord;CM004002;Logone-et-Chari;CM004002006;Kousseri;Machouffa;village
cameroun;CM004;Extrme-Nord;CM004002;Logone-et-Chari;CM004002007;Logone-Birni;BamKala;village
cameroun;CM004;Extrme-Nord;CM004002;Logone-et-Chari;CM004002007;Logone-Birni;Kala Gana (Kara Gana);village
cameroun;CM004;Extrme-Nord;CM004002;Logone-et-Chari;CM004002007;Logone-Birni;Hile Waya 1;village
cameroun;CM004;Extrme-Nord;CM004002;Logone-et-Chari;CM004002006;Kousseri;Lakta 3;village
cameroun;CM004;Extrme-Nord;CM004002;Logone-et-Chari;CM004002006;Kousseri;Nigue;village
cameroun;CM004;Extrme-Nord;CM004002;Logone-et-Chari;CM004002006;Kousseri;Marako;village
cameroun;CM004;Extrme-Nord;CM004002;Logone-et-Chari;CM004002007;Logone-Birni;Hile Waya 2;village
cameroun;CM004;Extrme-Nord;CM004002;Logone-et-Chari;CM004002007;Logone-Birni;Oulouf;town
cameroun;CM004;Extrme-Nord;CM004002;Logone-et-Chari;CM004002007;Logone-Birni;Goudjeri;village
cameroun;CM004;Extrme-Nord;CM004002;Logone-et-Chari;CM004002007;Logone-Birni;Mouskat;village
cameroun;CM004;Extrme-Nord;CM004002;Logone-et-Chari;CM004002007;Logone-Birni;Mounkeu;village
cameroun;CM004;Extrme-Nord;CM004002;Logone-et-Chari;CM004002007;Logone-Birni;Alark;village
cameroun;CM004;Extrme-Nord;CM004002;Logone-et-Chari;CM004002007;Logone-Birni;Bourgouma;town
cameroun;CM004;Extrme-Nord;CM004002;Logone-et-Chari;CM004002007;Logone-Birni;Bilabiline;village
cameroun;CM004;Extrme-Nord;CM004002;Logone-et-Chari;CM004002007;Logone-Birni;Kabela;village
cameroun;CM004;Extrme-Nord;CM004002;Logone-et-Chari;CM004002007;Logone-Birni;Ngawama;village
cameroun;CM004;Extrme-Nord;CM004002;Logone-et-Chari;CM004002007;Logone-Birni;Kidam;village
cameroun;CM004;Extrme-Nord;CM004002;Logone-et-Chari;CM004002007;Logone-Birni;Logone-Birni;town
cameroun;CM004;Extrme-Nord;CM004002;Logone-et-Chari;CM004002007;Logone-Birni;Kabe;village
cameroun;CM004;Extrme-Nord;CM004002;Logone-et-Chari;CM004002007;Logone-Birni;Ngawana;village
cameroun;CM004;Extrme-Nord;CM004002;Logone-et-Chari;CM004002007;Logone-Birni;Sabakali;village
cameroun;CM004;Extrme-Nord;CM004002;Logone-et-Chari;CM004002007;Logone-Birni;Houlouf;village
cameroun;CM004;Extrme-Nord;CM004002;Logone-et-Chari;CM004002007;Logone-Birni;Ndjarangogu;village
cameroun;CM004;Extrme-Nord;CM004002;Logone-et-Chari;CM004002006;Kousseri;Ouada;village
cameroun;CM004;Extrme-Nord;CM004002;Logone-et-Chari;CM004002007;Logone-Birni;Abendourwa;village
cameroun;CM004;Extrme-Nord;CM004002;Logone-et-Chari;CM004002006;Kousseri;Njagar;village
cameroun;CM004;Extrme-Nord;CM004002;Logone-et-Chari;CM004002006;Kousseri;Masaki;village
cameroun;CM004;Extrme-Nord;CM004002;Logone-et-Chari;CM004002004;Goulfey;Dirbe;village
cameroun;CM004;Extrme-Nord;CM004002;Logone-et-Chari;CM004002004;Goulfey;Gourle;village
cameroun;CM004;Extrme-Nord;CM004002;Logone-et-Chari;CM004002004;Goulfey;Ardb;village
cameroun;CM004;Extrme-Nord;CM004002;Logone-et-Chari;CM004002004;Goulfey;Moulouang;village
cameroun;CM004;Extrme-Nord;CM004002;Logone-et-Chari;CM004002004;Goulfey;Grindim;village
cameroun;CM004;Extrme-Nord;CM004002;Logone-et-Chari;CM004002004;Goulfey;Toungoura;village
cameroun;CM004;Extrme-Nord;CM004002;Logone-et-Chari;CM004002004;Goulfey;Amourichade;village
cameroun;CM004;Extrme-Nord;CM004002;Logone-et-Chari;CM004002004;Goulfey;Nimia;village
cameroun;CM004;Extrme-Nord;CM004002;Logone-et-Chari;CM004002004;Goulfey;Toulous;village
cameroun;CM004;Extrme-Nord;CM004002;Logone-et-Chari;CM004002004;Goulfey;Ndjamena;village
cameroun;CM004;Extrme-Nord;CM004002;Logone-et-Chari;CM004002004;Goulfey;Bida;village
cameroun;CM004;Extrme-Nord;CM004002;Logone-et-Chari;CM004002004;Goulfey;Nara;village
cameroun;CM004;Extrme-Nord;CM004002;Logone-et-Chari;CM004002004;Goulfey;Goulfey;town
cameroun;CM004;Extrme-Nord;CM004002;Logone-et-Chari;CM004002004;Goulfey;Djambang;village
cameroun;CM004;Extrme-Nord;CM004002;Logone-et-Chari;CM004002004;Goulfey;Mougalam;village
cameroun;CM004;Extrme-Nord;CM004002;Logone-et-Chari;CM004002004;Goulfey;Djum;village
cameroun;CM004;Extrme-Nord;CM004002;Logone-et-Chari;CM004002004;Goulfey;Dro;village
cameroun;CM004;Extrme-Nord;CM004002;Logone-et-Chari;CM004002004;Goulfey;Garmatjo;village
cameroun;CM004;Extrme-Nord;CM004002;Logone-et-Chari;CM004002004;Goulfey;Mara ;village
cameroun;CM004;Extrme-Nord;CM004002;Logone-et-Chari;CM004002004;Goulfey;Fadje;village
cameroun;CM004;Extrme-Nord;CM004002;Logone-et-Chari;CM004002004;Goulfey;Hilguim;village
cameroun;CM004;Extrme-Nord;CM004002;Logone-et-Chari;CM004002004;Goulfey;Andourman;village
cameroun;CM004;Extrme-Nord;CM004002;Logone-et-Chari;CM004002004;Goulfey;Amkefa;village
cameroun;CM004;Extrme-Nord;CM004002;Logone-et-Chari;CM004002004;Goulfey;Djagala;village
cameroun;CM004;Extrme-Nord;CM004002;Logone-et-Chari;CM004002004;Goulfey;Bassana;village
cameroun;CM004;Extrme-Nord;CM004002;Logone-et-Chari;CM004002004;Goulfey;Dro Banana;village
cameroun;CM004;Extrme-Nord;CM004002;Logone-et-Chari;CM004002004;Goulfey;Sao;village
cameroun;CM004;Extrme-Nord;CM004002;Logone-et-Chari;CM004002004;Goulfey;Djinene;village
cameroun;CM004;Extrme-Nord;CM004002;Logone-et-Chari;CM004002004;Goulfey;Maltam;village
cameroun;CM004;Extrme-Nord;CM004002;Logone-et-Chari;CM004002008;Makary;Deyma;village
cameroun;CM004;Extrme-Nord;CM004002;Logone-et-Chari;CM004002004;Goulfey;Ambakala;village
cameroun;CM004;Extrme-Nord;CM004002;Logone-et-Chari;CM004002004;Goulfey;Mougda;village
cameroun;CM004;Extrme-Nord;CM004002;Logone-et-Chari;CM004002004;Goulfey;Takoulouwb;village
cameroun;CM004;Extrme-Nord;CM004002;Logone-et-Chari;CM004002004;Goulfey;Tan;village
cameroun;CM004;Extrme-Nord;CM004002;Logone-et-Chari;CM004002004;Goulfey;Ahoudourwa;village
cameroun;CM004;Extrme-Nord;CM004002;Logone-et-Chari;CM004002004;Goulfey;Gly;village
cameroun;CM004;Extrme-Nord;CM004002;Logone-et-Chari;CM004002004;Goulfey;Almabraka;village
cameroun;CM004;Extrme-Nord;CM004002;Logone-et-Chari;CM004002004;Goulfey;Amsamka;village
cameroun;CM004;Extrme-Nord;CM004002;Logone-et-Chari;CM004002004;Goulfey;Trboule;village
cameroun;CM004;Extrme-Nord;CM004002;Logone-et-Chari;CM004002004;Goulfey;Choloba;village
cameroun;CM004;Extrme-Nord;CM004002;Logone-et-Chari;CM004002004;Goulfey;Tchor;village
cameroun;CM004;Extrme-Nord;CM004002;Logone-et-Chari;CM004002004;Goulfey;Amsera;village
cameroun;CM004;Extrme-Nord;CM004002;Logone-et-Chari;CM004002004;Goulfey;Abougoudout;village
cameroun;CM004;Extrme-Nord;CM004002;Logone-et-Chari;CM004002004;Goulfey;Kundue;village
cameroun;CM004;Extrme-Nord;CM004002;Logone-et-Chari;CM004002001;Blangoua;Kobro;village
cameroun;CM004;Extrme-Nord;CM004002;Logone-et-Chari;CM004002001;Blangoua;Zafaya;village
cameroun;CM004;Extrme-Nord;CM004002;Logone-et-Chari;CM004002004;Goulfey;Koudou;village
cameroun;CM004;Extrme-Nord;CM004002;Logone-et-Chari;CM004002004;Goulfey;Hilel;village
cameroun;CM004;Extrme-Nord;CM004002;Logone-et-Chari;CM004002004;Goulfey;Douban Arabe;village
cameroun;CM004;Extrme-Nord;CM004002;Logone-et-Chari;CM004002004;Goulfey;Doro;village
cameroun;CM004;Extrme-Nord;CM004002;Logone-et-Chari;CM004002004;Goulfey;Fadj;village
cameroun;CM004;Extrme-Nord;CM004002;Logone-et-Chari;CM004002004;Goulfey;Mala;village
cameroun;CM004;Extrme-Nord;CM004002;Logone-et-Chari;CM004002004;Goulfey;Goulfey Gana;village
cameroun;CM004;Extrme-Nord;CM004002;Logone-et-Chari;CM004002004;Goulfey;Dilepti;village
cameroun;CM004;Extrme-Nord;CM004002;Logone-et-Chari;CM004002004;Goulfey;Molodia;village
cameroun;CM004;Extrme-Nord;CM004002;Logone-et-Chari;CM004002004;Goulfey;Midekhine;village
cameroun;CM004;Extrme-Nord;CM004002;Logone-et-Chari;CM004002004;Goulfey;Ardb;village
cameroun;CM004;Extrme-Nord;CM004003;Mayo-Danay;CM004003002;Gobo;Dobona;village
cameroun;CM004;Extrme-Nord;CM004003;Mayo-Danay;CM004003002;Gobo;Naikissia;village
cameroun;CM004;Extrme-Nord;CM004003;Mayo-Danay;CM004003002;Gobo;Bastebe_centre;village
cameroun;CM004;Extrme-Nord;CM004003;Mayo-Danay;CM004003002;Gobo;Massa Vounsoumna;village
cameroun;CM004;Extrme-Nord;CM004003;Mayo-Danay;CM004003002;Gobo;Nouldeina Dabana;village
cameroun;CM004;Extrme-Nord;CM004003;Mayo-Danay;CM004003002;Gobo;Gadambe;village
cameroun;CM004;Extrme-Nord;CM004003;Mayo-Danay;CM004003002;Gobo;Moulvoudaye;village
cameroun;CM004;Extrme-Nord;CM004003;Mayo-Danay;CM004003002;Gobo;Bastebe Doubana;village
cameroun;CM004;Extrme-Nord;CM004003;Mayo-Danay;CM004003002;Gobo;Nouldaina Centre;village
cameroun;CM004;Extrme-Nord;CM004003;Mayo-Danay;CM004003002;Gobo;Bastebe Yakreo;village
cameroun;CM004;Extrme-Nord;CM004003;Mayo-Danay;CM004003002;Gobo;Galappa;village
cameroun;CM004;Extrme-Nord;CM004003;Mayo-Danay;CM004003002;Gobo;Bastebe Gononda;village
cameroun;CM004;Extrme-Nord;CM004003;Mayo-Danay;CM004003002;Gobo;Moukzoulou;village
cameroun;CM004;Extrme-Nord;CM004003;Mayo-Danay;CM004003002;Gobo;Matchamandi;village
cameroun;CM004;Extrme-Nord;CM004003;Mayo-Danay;CM004003002;Gobo;Polgue;village
cameroun;CM004;Extrme-Nord;CM004003;Mayo-Danay;CM004003002;Gobo;Beksou;village
cameroun;CM004;Extrme-Nord;CM004003;Mayo-Danay;CM004003002;Gobo;Kaina;village
cameroun;CM004;Extrme-Nord;CM004003;Mayo-Danay;CM004003002;Gobo;Baiga;village
cameroun;CM004;Extrme-Nord;CM004003;Mayo-Danay;CM004003002;Gobo;Malla;village
cameroun;CM004;Extrme-Nord;CM004003;Mayo-Danay;CM004003002;Gobo;Karam;village
cameroun;CM004;Extrme-Nord;CM004003;Mayo-Danay;CM004003002;Gobo;Mislippi;village
cameroun;CM004;Extrme-Nord;CM004003;Mayo-Danay;CM004003003;Guere;Gounougang Centre;village
cameroun;CM004;Extrme-Nord;CM004003;Mayo-Danay;CM004003003;Guere;Warkalak;village
cameroun;CM004;Extrme-Nord;CM004003;Mayo-Danay;CM004003011;Yagoua;Souwaye;village
cameroun;CM004;Extrme-Nord;CM004003;Mayo-Danay;CM004003003;Guere;Nahaide;village
cameroun;CM004;Extrme-Nord;CM004003;Mayo-Danay;CM004003003;Guere;Djougoumta;village
cameroun;CM004;Extrme-Nord;CM004003;Mayo-Danay;CM004003003;Guere;Mouka;village
cameroun;CM004;Extrme-Nord;CM004003;Mayo-Danay;CM004003003;Guere;Holom_kouloumba;village
cameroun;CM004;Extrme-Nord;CM004003;Mayo-Danay;CM004003003;Guere;Ardaf Holom;village
cameroun;CM004;Extrme-Nord;CM004003;Mayo-Danay;CM004003003;Guere;Ardaf;village
cameroun;CM004;Extrme-Nord;CM004003;Mayo-Danay;CM004003003;Guere;Guere;town
cameroun;CM004;Extrme-Nord;CM004003;Mayo-Danay;CM004003003;Guere;Moutang;village
cameroun;CM004;Extrme-Nord;CM004003;Mayo-Danay;CM004003003;Guere;Loko Grand;village
cameroun;CM004;Extrme-Nord;CM004003;Mayo-Danay;CM004003003;Guere;Loko;village
cameroun;CM004;Extrme-Nord;CM004003;Mayo-Danay;CM004003003;Guere;Gaoyang;village
cameroun;CM004;Extrme-Nord;CM004003;Mayo-Danay;CM004003003;Guere;Djamboutou;village
cameroun;CM004;Extrme-Nord;CM004003;Mayo-Danay;CM004003003;Guere;Harkouna;village
cameroun;CM004;Extrme-Nord;CM004003;Mayo-Danay;CM004003003;Guere;Guiriou 2;village
cameroun;CM004;Extrme-Nord;CM004003;Mayo-Danay;CM004003002;Gobo;Holom;village
cameroun;CM004;Extrme-Nord;CM004003;Mayo-Danay;CM004003002;Gobo;Gadissou;village
cameroun;CM004;Extrme-Nord;CM004003;Mayo-Danay;CM004003003;Guere;Nguering 2;village
cameroun;CM004;Extrme-Nord;CM004003;Mayo-Danay;CM004003003;Guere;Bourou;village
cameroun;CM004;Extrme-Nord;CM004003;Mayo-Danay;CM004003002;Gobo;Nguering_1;village
cameroun;CM004;Extrme-Nord;CM004003;Mayo-Danay;CM004003002;Gobo;Guiriou Centre;village
cameroun;CM004;Extrme-Nord;CM004003;Mayo-Danay;CM004003002;Gobo;Guiriou;village
cameroun;CM004;Extrme-Nord;CM004003;Mayo-Danay;CM004003002;Gobo;Bigui;village
cameroun;CM004;Extrme-Nord;CM004003;Mayo-Danay;CM004003002;Gobo;Gobo Kaigue;village
cameroun;CM004;Extrme-Nord;CM004003;Mayo-Danay;CM004003002;Gobo;Mongui_mbassa;village
cameroun;CM004;Extrme-Nord;CM004003;Mayo-Danay;CM004003002;Gobo;Mongui Centre;village
cameroun;CM004;Extrme-Nord;CM004003;Mayo-Danay;CM004003002;Gobo;Galam_centre;village
cameroun;CM004;Extrme-Nord;CM004003;Mayo-Danay;CM004003002;Gobo;Galam Masta;village
cameroun;CM004;Extrme-Nord;CM004003;Mayo-Danay;CM004003002;Gobo;Dom_moudoumara;village
cameroun;CM004;Extrme-Nord;CM004003;Mayo-Danay;CM004003002;Gobo;Dom Tchantoko;village
cameroun;CM004;Extrme-Nord;CM004003;Mayo-Danay;CM004003002;Gobo;Dom Pya;village
cameroun;CM004;Extrme-Nord;CM004003;Mayo-Danay;CM004003002;Gobo;Dom Tchangdoum;village
cameroun;CM004;Extrme-Nord;CM004003;Mayo-Danay;CM004003002;Gobo;Guimri 1;village
cameroun;CM004;Extrme-Nord;CM004003;Mayo-Danay;CM004003002;Gobo;Guimri 2;village
cameroun;CM004;Extrme-Nord;CM004003;Mayo-Danay;CM004003002;Gobo;Dom Soulkou;village
cameroun;CM004;Extrme-Nord;CM004003;Mayo-Danay;CM004003002;Gobo;Dom Aidi;village
cameroun;CM004;Extrme-Nord;CM004003;Mayo-Danay;CM004003002;Gobo;Gobo Centre;village
cameroun;CM004;Extrme-Nord;CM004003;Mayo-Danay;CM004003002;Gobo;Gobo;town
cameroun;CM004;Extrme-Nord;CM004003;Mayo-Danay;CM004003002;Gobo;Gobo Yerima;village
cameroun;CM004;Extrme-Nord;CM004003;Mayo-Danay;CM004003002;Gobo;Dongo_1;village
cameroun;CM004;Extrme-Nord;CM004003;Mayo-Danay;CM004003002;Gobo;Gobo_tcheketa;village
cameroun;CM004;Extrme-Nord;CM004003;Mayo-Danay;CM004003002;Gobo;Bosso;village
cameroun;CM004;Extrme-Nord;CM004003;Mayo-Danay;CM004003002;Gobo;Dongo 2;village
cameroun;CM004;Extrme-Nord;CM004003;Mayo-Danay;CM004003002;Gobo;Nouldeina Dongo;village
cameroun;CM004;Extrme-Nord;CM004003;Mayo-Danay;CM004003002;Gobo;Massa Kouweita;village
cameroun;CM004;Extrme-Nord;CM004003;Mayo-Danay;CM004003002;Gobo;Groum-kanounaye;village
cameroun;CM004;Extrme-Nord;CM004003;Mayo-Danay;CM004003002;Gobo;Goulmouda;village
cameroun;CM004;Extrme-Nord;CM004003;Mayo-Danay;CM004003002;Gobo;Djelme;village
cameroun;CM004;Extrme-Nord;CM004003;Mayo-Danay;CM004003002;Gobo;Bosso_lak;village
cameroun;CM004;Extrme-Nord;CM004003;Mayo-Danay;CM004003002;Gobo;Moungui-foulda;village
cameroun;CM004;Extrme-Nord;CM004003;Mayo-Danay;CM004003002;Gobo;Ess;village
cameroun;CM004;Extrme-Nord;CM004003;Mayo-Danay;CM004003002;Gobo;Dziguileo;village
cameroun;CM004;Extrme-Nord;CM004003;Mayo-Danay;CM004003003;Guere;Gasta;village
cameroun;CM004;Extrme-Nord;CM004003;Mayo-Danay;CM004003002;Gobo;Danigue;village
cameroun;CM004;Extrme-Nord;CM004003;Mayo-Danay;CM004003002;Gobo;Kanonaye;village
cameroun;CM004;Extrme-Nord;CM004003;Mayo-Danay;CM004003002;Gobo;Fourgana;village
cameroun;CM004;Extrme-Nord;CM004003;Mayo-Danay;CM004003002;Gobo;Djarwidi;village
cameroun;CM009;Sud;CM009003;Ocan;CM009003009;Niete;Bifa;village
cameroun;CM009;Sud;CM009003;Ocan;CM009003009;Niete;Zingui;village
cameroun;CM009;Sud;CM009003;Ocan;CM009003009;Niete;Adjap;village
cameroun;CM009;Sud;CM009003;Ocan;CM009003009;Niete;doudouma;village
cameroun;CM009;Sud;CM009003;Ocan;CM009003009;Niete;Akom I;village
cameroun;CM009;Sud;CM009003;Ocan;CM009003009;Niete;Nlozok;village
cameroun;CM009;Sud;CM009003;Ocan;CM009003009;Niete;Angal;village
cameroun;CM009;Sud;CM009003;Ocan;CM009003009;Niete;Nit;town
cameroun;CM009;Sud;CM009003;Ocan;CM009003009;Niete;Bidou III;village
cameroun;CM009;Sud;CM009003;Ocan;CM009003009;Niete;Nko'olong;village
cameroun;CM009;Sud;CM009003;Ocan;CM009003006;Lokoundje;Pongo;village
cameroun;CM009;Sud;CM009003;Ocan;CM009003006;Lokoundje;Bidou II;village
cameroun;CM009;Sud;CM009003;Ocan;CM009003004;Kribi 1er;Nalea;village
cameroun;CM009;Sud;CM009003;Ocan;CM009003004;Kribi 1er;Loumdi;village
cameroun;CM009;Sud;CM009003;Ocan;CM009003006;Lokoundje;Mabenanga;village
cameroun;CM009;Sud;CM009003;Ocan;CM009003006;Lokoundje;Eboungangomo;village
cameroun;CM009;Sud;CM009003;Ocan;CM009003006;Lokoundje;Ndoumal;village
cameroun;CM009;Sud;CM009003;Ocan;CM009003004;Kribi 1er;Mabenanga;village
cameroun;CM009;Sud;CM009003;Ocan;CM009003004;Kribi 1er;Mbeka'a;village
cameroun;CM009;Sud;CM009003;Ocan;CM009003004;Kribi 1er;Bwamb;village
cameroun;CM009;Sud;CM009003;Ocan;CM009003004;Kribi 1er;Lob;village
cameroun;CM009;Sud;CM009003;Ocan;CM009003004;Kribi 1er;Grand Batanga I;village
cameroun;CM009;Sud;CM009003;Ocan;CM009003004;Kribi 1er;Ikik;village
cameroun;CM009;Sud;CM009003;Ocan;CM009003004;Kribi 1er;Grand Batanga II;village
cameroun;CM009;Sud;CM009003;Ocan;CM009003004;Kribi 1er;Eboundja I;village
cameroun;CM009;Sud;CM009003;Ocan;CM009003004;Kribi 1er;Nlend Dib;village
cameroun;CM009;Sud;CM009003;Ocan;CM009003004;Kribi 1er;Mboro;village
cameroun;CM009;Sud;CM009003;Ocan;CM009003004;Kribi 1er;Boussibelika;village
cameroun;CM009;Sud;CM009003;Ocan;CM009003004;Kribi 1er;Mbod;village
cameroun;CM009;Sud;CM009003;Ocan;CM009003003;Campo;Likado;village
cameroun;CM009;Sud;CM009003;Ocan;CM009003003;Campo;Biyo;village
cameroun;CM009;Sud;CM009003;Ocan;CM009003004;Kribi 1er;Lohendje;village
cameroun;CM009;Sud;CM009003;Ocan;CM009003004;Kribi 1er;Lolab;village
cameroun;CM009;Sud;CM009003;Ocan;CM009003003;Campo;bodj;village
cameroun;CM009;Sud;CM009003;Ocan;CM009003003;Campo;Mbendji;village
cameroun;CM009;Sud;CM009003;Ocan;CM009003003;Campo;Pand;village
cameroun;CM009;Sud;CM009003;Ocan;CM009003003;Campo;Doum Essmendjang;village
cameroun;CM009;Sud;CM009003;Ocan;CM009003003;Campo;Bwendjo;village
cameroun;CM009;Sud;CM009003;Ocan;CM009003003;Campo;Campo;town
cameroun;CM009;Sud;CM009003;Ocan;CM009003003;Campo;Bokomb;village
cameroun;CM009;Sud;CM009003;Ocan;CM009003003;Campo;Campo Beach;village
cameroun;CM009;Sud;CM009003;Ocan;CM009003003;Campo;Ro Campo;village
cameroun;CM009;Sud;CM009003;Ocan;CM009003003;Campo;Mintom;village
cameroun;CM009;Sud;CM009003;Ocan;CM009003003;Campo;tond;village
cameroun;CM009;Sud;CM009003;Ocan;CM009003003;Campo;Tondfon;village
cameroun;CM009;Sud;CM009003;Ocan;CM009003003;Campo;Abamenyoum;village
cameroun;CM009;Sud;CM009003;Ocan;CM009003003;Campo;tond Fang;village
cameroun;CM009;Sud;CM009003;Ocan;CM009003003;Campo;Mbanga;village
cameroun;CM009;Sud;CM009003;Ocan;CM009003003;Campo;Afan;village
cameroun;CM009;Sud;CM009003;Ocan;CM009003003;Campo;Zong;village
cameroun;CM009;Sud;CM009003;Ocan;CM009003003;Campo;Melabe;village
cameroun;CM009;Sud;CM009003;Ocan;CM009003003;Campo;Otou;village
cameroun;CM009;Sud;CM009003;Ocan;CM009003003;Campo;Nko'Olong;village
cameroun;CM009;Sud;CM009003;Ocan;CM009003003;Campo;Doum Essamebenga;village
cameroun;CM009;Sud;CM009003;Ocan;CM009003003;Campo;Bitand Assok;village
cameroun;CM009;Sud;CM009003;Ocan;CM009003003;Campo;Nko'adjap;village
cameroun;CM009;Sud;CM009003;Ocan;CM009003003;Campo;Nazareth;village
cameroun;CM009;Sud;CM009003;Ocan;CM009003003;Campo;Mabiogo;village
cameroun;CM009;Sud;CM009003;Ocan;CM009003003;Campo;Ipono;village
cameroun;CM009;Sud;CM009004;Valle-du-Ntem;CM009004003;Maan;Mekondom;village
cameroun;CM009;Sud;CM009004;Valle-du-Ntem;CM009004003;Maan;Evouzok;village
cameroun;CM009;Sud;CM009004;Valle-du-Ntem;CM009004003;Maan;Aloum II;village
cameroun;CM009;Sud;CM009004;Valle-du-Ntem;CM009004003;Maan;Nsengou;village
cameroun;CM009;Sud;CM009004;Valle-du-Ntem;CM009004004;Olamze;Mbourango'a;village
cameroun;CM009;Sud;CM009004;Valle-du-Ntem;CM009004003;Maan;Ma'an;town
cameroun;CM009;Sud;CM009004;Valle-du-Ntem;CM009004003;Maan;Bitoto;village
cameroun;CM009;Sud;CM009004;Valle-du-Ntem;CM009004003;Maan;ngundjang;village
cameroun;CM009;Sud;CM009004;Valle-du-Ntem;CM009004003;Maan;Bidjap;village
cameroun;CM009;Sud;CM009004;Valle-du-Ntem;CM009004003;Maan;Tcha'assono;village
cameroun;CM009;Sud;CM009004;Valle-du-Ntem;CM009004003;Maan;Minkan Mengal;village
cameroun;CM009;Sud;CM009004;Valle-du-Ntem;CM009004003;Maan;Meyontem;village
cameroun;CM009;Sud;CM009004;Valle-du-Ntem;CM009004003;Maan;Alen;village
cameroun;CM009;Sud;CM009004;Valle-du-Ntem;CM009004003;Maan;Asseng;village
cameroun;CM009;Sud;CM009004;Valle-du-Ntem;CM009004003;Maan;Mvi'ilimengal;village
cameroun;CM009;Sud;CM009004;Valle-du-Ntem;CM009004003;Maan;Akom;village
cameroun;CM009;Sud;CM009004;Valle-du-Ntem;CM009004003;Maan;Tom;village
cameroun;CM009;Sud;CM009003;Ocan;CM009003001;Akom 2;Nkonmekak;village
cameroun;CM009;Sud;CM009003;Ocan;CM009003001;Akom 2;Nyabitand;village
cameroun;CM009;Sud;CM009003;Ocan;CM009003001;Akom 2;Nkolbewo'o;village
cameroun;CM009;Sud;CM009003;Ocan;CM009003001;Akom 2;Akom II;town
cameroun;CM009;Sud;CM009003;Ocan;CM009003001;Akom 2;Ekowong;village
cameroun;CM009;Sud;CM009003;Ocan;CM009003001;Akom 2;Tchengue;village
cameroun;CM009;Sud;CM009003;Ocan;CM009003001;Akom 2;Bikop;village
cameroun;CM009;Sud;CM009003;Ocan;CM009003001;Akom 2;Nnemeyong;village
cameroun;CM009;Sud;CM009003;Ocan;CM009003001;Akom 2;Biboulemam;village
cameroun;CM009;Sud;CM009003;Ocan;CM009003001;Akom 2;Biboulemam;village
cameroun;CM009;Sud;CM009003;Ocan;CM009003001;Akom 2;Ngon;village
cameroun;CM009;Sud;CM009002;Mvila;CM009002004;Ebolowa 2e;Aloum;village
cameroun;CM009;Sud;CM009002;Mvila;CM009002004;Ebolowa 2e;Nkoloveng;village
cameroun;CM009;Sud;CM009002;Mvila;CM009002004;Ebolowa 2e;Aloum;village
cameroun;CM009;Sud;CM009003;Ocan;CM009003001;Akom 2;Aloum II;village
cameroun;CM009;Sud;CM009004;Valle-du-Ntem;CM009004003;Maan;Aloum II;village
cameroun;CM009;Sud;CM009004;Valle-du-Ntem;CM009004003;Maan;Mbekomo;village
cameroun;CM009;Sud;CM009004;Valle-du-Ntem;CM009004003;Maan;Afan;village
cameroun;CM009;Sud;CM009004;Valle-du-Ntem;CM009004003;Maan;Afan;village
cameroun;CM009;Sud;CM009004;Valle-du-Ntem;CM009004003;Maan;Messama III;village
cameroun;CM009;Sud;CM009004;Valle-du-Ntem;CM009004003;Maan;Messama II;village
cameroun;CM009;Sud;CM009004;Valle-du-Ntem;CM009004003;Maan;Bindem;village
cameroun;CM009;Sud;CM009004;Valle-du-Ntem;CM009004003;Maan;Metondo;village
cameroun;CM009;Sud;CM009004;Valle-du-Ntem;CM009004003;Maan;Odin Oto;village
cameroun;CM009;Sud;CM009004;Valle-du-Ntem;CM009004003;Maan;Zouameyong;village
cameroun;CM009;Sud;CM009002;Mvila;CM009002004;Ebolowa 2e;Nn}lefoup;village
cameroun;CM009;Sud;CM009002;Mvila;CM009002004;Ebolowa 2e;Elon;village
cameroun;CM009;Sud;CM009002;Mvila;CM009002004;Ebolowa 2e;Mefo;village
cameroun;CM009;Sud;CM009002;Mvila;CM009002004;Ebolowa 2e;Nkolbewo'o;village
cameroun;CM009;Sud;CM009002;Mvila;CM009002004;Ebolowa 2e;Mefo;village
cameroun;CM009;Sud;CM009002;Mvila;CM009002004;Ebolowa 2e;Sidjakon;village
cameroun;CM009;Sud;CM009002;Mvila;CM009002004;Ebolowa 2e;Sidjakon;village
cameroun;CM009;Sud;CM009004;Valle-du-Ntem;CM009004003;Maan;Messama I;village
cameroun;CM009;Sud;CM009002;Mvila;CM009002004;Ebolowa 2e;Abomvomba;village
cameroun;CM009;Sud;CM009002;Mvila;CM009002004;Ebolowa 2e;Biton;village
cameroun;CM009;Sud;CM009002;Mvila;CM009002004;Ebolowa 2e;Nkolmefoutada'a;village
cameroun;CM009;Sud;CM009002;Mvila;CM009002003;Ebolowa 1er;Foulassi I;village
cameroun;CM009;Sud;CM009002;Mvila;CM009002004;Ebolowa 2e;Nkol}nyeng;village
cameroun;CM009;Sud;CM009002;Mvila;CM009002004;Ebolowa 2e;Edoum;village
cameroun;CM009;Sud;CM009002;Mvila;CM009002003;Ebolowa 1er;Foulassi I;village
cameroun;CM009;Sud;CM009002;Mvila;CM009002003;Ebolowa 1er;Zingui;village
cameroun;CM009;Sud;CM009002;Mvila;CM009002003;Ebolowa 1er;Zingui;village
cameroun;CM009;Sud;CM009002;Mvila;CM009002003;Ebolowa 1er;Bikou'ou;village
cameroun;CM009;Sud;CM009002;Mvila;CM009002003;Ebolowa 1er;Sonkot;village
cameroun;CM009;Sud;CM009004;Valle-du-Ntem;CM009004003;Maan;Nko'ondo'o;village
cameroun;CM009;Sud;CM009004;Valle-du-Ntem;CM009004003;Maan;Ndjazeng;village
cameroun;CM009;Sud;CM009004;Valle-du-Ntem;CM009004003;Maan;Okong;village
cameroun;CM009;Sud;CM009004;Valle-du-Ntem;CM009004001;Ambam;Nkpavol;village
cameroun;CM009;Sud;CM009004;Valle-du-Ntem;CM009004001;Ambam;Zalom;village
cameroun;CM009;Sud;CM009004;Valle-du-Ntem;CM009004001;Ambam;Ekoumedoum;village
cameroun;CM009;Sud;CM009004;Valle-du-Ntem;CM009004001;Ambam;Oveng;village
cameroun;CM009;Sud;CM009004;Valle-du-Ntem;CM009004003;Maan;Evindissi;village
cameroun;CM009;Sud;CM009004;Valle-du-Ntem;CM009004003;Maan;Mekok;village
cameroun;CM009;Sud;CM009004;Valle-du-Ntem;CM009004003;Maan;Biyan;village
cameroun;CM009;Sud;CM009004;Valle-du-Ntem;CM009004003;Maan;Assam;village
cameroun;CM009;Sud;CM009004;Valle-du-Ntem;CM009004003;Maan;Mfoua;village
cameroun;CM009;Sud;CM009004;Valle-du-Ntem;CM009004003;Maan;vol;village
cameroun;CM009;Sud;CM009004;Valle-du-Ntem;CM009004003;Maan;Angal;village
cameroun;CM009;Sud;CM009004;Valle-du-Ntem;CM009004003;Maan;Nsomessok;village
cameroun;CM009;Sud;CM009004;Valle-du-Ntem;CM009004004;Olamze;Bindom;village
cameroun;CM009;Sud;CM009004;Valle-du-Ntem;CM009004004;Olamze;Bekw;village
cameroun;CM009;Sud;CM009004;Valle-du-Ntem;CM009004004;Olamze;Engonlozok;village
cameroun;CM009;Sud;CM009004;Valle-du-Ntem;CM009004003;Maan;Son;village
cameroun;CM009;Sud;CM009004;Valle-du-Ntem;CM009004003;Maan;keke;village
cameroun;CM009;Sud;CM009004;Valle-du-Ntem;CM009004003;Maan;Mebang;village
cameroun;CM009;Sud;CM009004;Valle-du-Ntem;CM009004003;Maan;Minkan;village
cameroun;CM009;Sud;CM009004;Valle-du-Ntem;CM009004004;Olamze;Mekomo;village
cameroun;CM009;Sud;CM009004;Valle-du-Ntem;CM009004004;Olamze;Meka'a Minkoumou;village
cameroun;CM009;Sud;CM009004;Valle-du-Ntem;CM009004004;Olamze;Meyo Biboulou;town
cameroun;CM009;Sud;CM009004;Valle-du-Ntem;CM009004004;Olamze;Mbedoumsi;village
cameroun;CM009;Sud;CM009004;Valle-du-Ntem;CM009004004;Olamze;Mbe;village
cameroun;CM009;Sud;CM009004;Valle-du-Ntem;CM009004004;Olamze;Biyii;village
cameroun;CM009;Sud;CM009004;Valle-du-Ntem;CM009004004;Olamze;Mb-Biyii;village
cameroun;CM009;Sud;CM009004;Valle-du-Ntem;CM009004004;Olamze;Obang;village
cameroun;CM009;Sud;CM009004;Valle-du-Ntem;CM009004004;Olamze;Yos;village
cameroun;CM009;Sud;CM009004;Valle-du-Ntem;CM009004004;Olamze;Andok;village
cameroun;CM009;Sud;CM009004;Valle-du-Ntem;CM009004004;Olamze;Ata'antem;village
cameroun;CM009;Sud;CM009004;Valle-du-Ntem;CM009004003;Maan;Ngbwa Akom;village
cameroun;CM009;Sud;CM009004;Valle-du-Ntem;CM009004004;Olamze;Ma'an;village
cameroun;CM009;Sud;CM009004;Valle-du-Ntem;CM009004004;Olamze;Ata'a Ntem;village
cameroun;CM009;Sud;CM009004;Valle-du-Ntem;CM009004001;Ambam;Ndong;village
cameroun;CM009;Sud;CM009004;Valle-du-Ntem;CM009004001;Ambam;Oveng;village
cameroun;CM009;Sud;CM009004;Valle-du-Ntem;CM009004004;Olamze;Eyinantoum;village
cameroun;CM009;Sud;CM009004;Valle-du-Ntem;CM009004004;Olamze;Meko Ossi II;village
cameroun;CM009;Sud;CM009004;Valle-du-Ntem;CM009004004;Olamze;Meko Ossi I;village
cameroun;CM009;Sud;CM009004;Valle-du-Ntem;CM009004004;Olamze;Nkine Vele;village
cameroun;CM009;Sud;CM009004;Valle-du-Ntem;CM009004004;Olamze;Olamz;town
cameroun;CM009;Sud;CM009004;Valle-du-Ntem;CM009004004;Olamze;Meka'a;village
cameroun;CM009;Sud;CM009004;Valle-du-Ntem;CM009004004;Olamze;Medjo Koumou;village
cameroun;CM009;Sud;CM009004;Valle-du-Ntem;CM009004004;Olamze;Bile Bila;village
cameroun;CM009;Sud;CM009004;Valle-du-Ntem;CM009004004;Olamze;Bivae;village
cameroun;CM009;Sud;CM009004;Valle-du-Ntem;CM009004004;Olamze;Olang;village
cameroun;CM009;Sud;CM009004;Valle-du-Ntem;CM009004002;Kye-Ossi;Nsezang;village
cameroun;CM009;Sud;CM009004;Valle-du-Ntem;CM009004002;Kye-Ossi;Ebengon;village
cameroun;CM009;Sud;CM009004;Valle-du-Ntem;CM009004002;Kye-Ossi;Olang Le;village
cameroun;CM009;Sud;CM009004;Valle-du-Ntem;CM009004002;Kye-Ossi;Metou;village
cameroun;CM009;Sud;CM009004;Valle-du-Ntem;CM009004002;Kye-Ossi;Mimbemenga;village
cameroun;CM009;Sud;CM009004;Valle-du-Ntem;CM009004002;Kye-Ossi;Somo;village
cameroun;CM009;Sud;CM009004;Valle-du-Ntem;CM009004002;Kye-Ossi;Bibein;village
cameroun;CM009;Sud;CM009004;Valle-du-Ntem;CM009004002;Kye-Ossi;Ncumadyap;village
cameroun;CM009;Sud;CM009004;Valle-du-Ntem;CM009004002;Kye-Ossi;Mekomo I;village
cameroun;CM009;Sud;CM009004;Valle-du-Ntem;CM009004002;Kye-Ossi;Mekomo II;village
cameroun;CM009;Sud;CM009004;Valle-du-Ntem;CM009004002;Kye-Ossi;Minyon;village
cameroun;CM009;Sud;CM009004;Valle-du-Ntem;CM009004002;Kye-Ossi;Nkan;village
cameroun;CM009;Sud;CM009004;Valle-du-Ntem;CM009004002;Kye-Ossi;Nsana;village
cameroun;CM009;Sud;CM009004;Valle-du-Ntem;CM009004002;Kye-Ossi;Mendong;village
cameroun;CM009;Sud;CM009004;Valle-du-Ntem;CM009004002;Kye-Ossi;Ongozok;village
cameroun;CM009;Sud;CM009004;Valle-du-Ntem;CM009004004;Olamze;Meko'Omengona;village
cameroun;CM009;Sud;CM009004;Valle-du-Ntem;CM009004001;Ambam;Mfoulekok;village
cameroun;CM009;Sud;CM009004;Valle-du-Ntem;CM009004001;Ambam;Too;village
cameroun;CM009;Sud;CM009004;Valle-du-Ntem;CM009004001;Ambam;Mbolomam;village
cameroun;CM009;Sud;CM009004;Valle-du-Ntem;CM009004001;Ambam;Bilik Bi Yama;village
cameroun;CM009;Sud;CM009004;Valle-du-Ntem;CM009004001;Ambam;Yama;village
cameroun;CM009;Sud;CM009004;Valle-du-Ntem;CM009004001;Ambam;Zaminkan;village
cameroun;CM009;Sud;CM009004;Valle-du-Ntem;CM009004001;Ambam;Yama;village
cameroun;CM009;Sud;CM009004;Valle-du-Ntem;CM009004001;Ambam;Nganki;village
cameroun;CM009;Sud;CM009004;Valle-du-Ntem;CM009004001;Ambam;Nkoumkek;village
cameroun;CM009;Sud;CM009004;Valle-du-Ntem;CM009004001;Ambam;Meko;village
cameroun;CM009;Sud;CM009004;Valle-du-Ntem;CM009004001;Ambam;Bikon;village
cameroun;CM009;Sud;CM009004;Valle-du-Ntem;CM009004001;Ambam;Meyo Elie;village
cameroun;CM009;Sud;CM009004;Valle-du-Ntem;CM009004001;Ambam;Bilok;village
cameroun;CM009;Sud;CM009004;Valle-du-Ntem;CM009004001;Ambam;Biyii;village
cameroun;CM009;Sud;CM009004;Valle-du-Ntem;CM009004001;Ambam;Nyzam;village
cameroun;CM009;Sud;CM009004;Valle-du-Ntem;CM009004001;Ambam;Ngom;village
cameroun;CM009;Sud;CM009004;Valle-du-Ntem;CM009004001;Ambam;Akonky;village
cameroun;CM009;Sud;CM009004;Valle-du-Ntem;CM009004001;Ambam;Ngom Adjap;village
cameroun;CM009;Sud;CM009004;Valle-du-Ntem;CM009004001;Ambam;Andom;village
cameroun;CM009;Sud;CM009004;Valle-du-Ntem;CM009004001;Ambam;Nsessoum;village
cameroun;CM009;Sud;CM009004;Valle-du-Ntem;CM009004001;Ambam;Akak Mtom;village
cameroun;CM009;Sud;CM009004;Valle-du-Ntem;CM009004001;Ambam;Minsele;village
cameroun;CM009;Sud;CM009004;Valle-du-Ntem;CM009004001;Ambam;Memvim;village
cameroun;CM009;Sud;CM009004;Valle-du-Ntem;CM009004001;Ambam;Akina;village
cameroun;CM009;Sud;CM009004;Valle-du-Ntem;CM009004001;Ambam;Meyo Centre;village
cameroun;CM009;Sud;CM009004;Valle-du-Ntem;CM009004001;Ambam;Nkoadjedjo;village
cameroun;CM009;Sud;CM009004;Valle-du-Ntem;CM009004001;Ambam;Abang Btel;village
cameroun;CM009;Sud;CM009004;Valle-du-Ntem;CM009004001;Ambam;Mengomo;village
cameroun;CM009;Sud;CM009004;Valle-du-Ntem;CM009004001;Ambam;Mfenadoum;village
cameroun;CM009;Sud;CM009004;Valle-du-Ntem;CM009004001;Ambam;Nkan;village
cameroun;CM009;Sud;CM009004;Valle-du-Ntem;CM009004001;Ambam;Nkoroveng;village
cameroun;CM009;Sud;CM009004;Valle-du-Ntem;CM009004001;Ambam;Nnzam;village
cameroun;CM009;Sud;CM009004;Valle-du-Ntem;CM009004001;Ambam;Nyazanga;village
cameroun;CM009;Sud;CM009004;Valle-du-Ntem;CM009004001;Ambam;Abouta;village
cameroun;CM009;Sud;CM009004;Valle-du-Ntem;CM009004001;Ambam;Elon;village
cameroun;CM009;Sud;CM009004;Valle-du-Ntem;CM009004001;Ambam;Nkomelen;village
cameroun;CM009;Sud;CM009004;Valle-du-Ntem;CM009004001;Ambam;Mindimioveng;village
cameroun;CM009;Sud;CM009004;Valle-du-Ntem;CM009004001;Ambam;Mimba'a;village
cameroun;CM009;Sud;CM009002;Mvila;CM009002004;Ebolowa 2e;Avoulsobo;village
cameroun;CM009;Sud;CM009004;Valle-du-Ntem;CM009004001;Ambam;Mefoup;village
cameroun;CM009;Sud;CM009002;Mvila;CM009002004;Ebolowa 2e;Oveng;village
cameroun;CM009;Sud;CM009002;Mvila;CM009002004;Ebolowa 2e;Ekoumdoum;village
cameroun;CM009;Sud;CM009002;Mvila;CM009002004;Ebolowa 2e;Mvam Ytom;village
cameroun;CM009;Sud;CM009002;Mvila;CM009002003;Ebolowa 1er;Efoulan;town
cameroun;CM009;Sud;CM009002;Mvila;CM009002003;Ebolowa 1er;Meyo Essako;village
cameroun;CM009;Sud;CM009002;Mvila;CM009002003;Ebolowa 1er;Menya'a;village
cameroun;CM009;Sud;CM009002;Mvila;CM009002003;Ebolowa 1er;Yem Ndong;village
cameroun;CM009;Sud;CM009002;Mvila;CM009002003;Ebolowa 1er;Engom II;village
cameroun;CM009;Sud;CM009002;Mvila;CM009002003;Ebolowa 1er;Mvila;village
cameroun;CM009;Sud;CM009002;Mvila;CM009002003;Ebolowa 1er;Engom I;village
cameroun;CM009;Sud;CM009002;Mvila;CM009002003;Ebolowa 1er;Biwong-Bulu;town
cameroun;CM009;Sud;CM009002;Mvila;CM009002003;Ebolowa 1er;Ando'o;village
cameroun;CM009;Sud;CM009002;Mvila;CM009002003;Ebolowa 1er;Konda Essaebeng;village
cameroun;CM009;Sud;CM009002;Mvila;CM009002003;Ebolowa 1er;Nkoulemakong;village
cameroun;CM009;Sud;CM009002;Mvila;CM009002003;Ebolowa 1er;Azem;village
cameroun;CM009;Sud;CM009002;Mvila;CM009002003;Ebolowa 1er;Monenlam;village
cameroun;CM009;Sud;CM009002;Mvila;CM009002004;Ebolowa 2e;Essako;village
cameroun;CM009;Sud;CM009002;Mvila;CM009002004;Ebolowa 2e;Biyeyem;village
cameroun;CM009;Sud;CM009002;Mvila;CM009002004;Ebolowa 2e;Asso'osseng;village
cameroun;CM009;Sud;CM009002;Mvila;CM009002004;Ebolowa 2e;Nko'mvon;village
cameroun;CM009;Sud;CM009002;Mvila;CM009002004;Ebolowa 2e;Alen;village
cameroun;CM009;Sud;CM009002;Mvila;CM009002004;Ebolowa 2e;Ndengue;village
cameroun;CM009;Sud;CM009002;Mvila;CM009002004;Ebolowa 2e;Mbout;village
cameroun;CM009;Sud;CM009002;Mvila;CM009002004;Ebolowa 2e;Biba II;village
cameroun;CM009;Sud;CM009002;Mvila;CM009002004;Ebolowa 2e;Biba I;village
cameroun;CM009;Sud;CM009002;Mvila;CM009002004;Ebolowa 2e;Ma'amezam;village
cameroun;CM009;Sud;CM009002;Mvila;CM009002004;Ebolowa 2e;Afanengong Yessok;village
cameroun;CM009;Sud;CM009002;Mvila;CM009002004;Ebolowa 2e;Nkong Adjom;village
cameroun;CM009;Sud;CM009002;Mvila;CM009002004;Ebolowa 2e;Nkolandom;village
cameroun;CM009;Sud;CM009002;Mvila;CM009002004;Ebolowa 2e;Mvam;village
cameroun;CM009;Sud;CM009002;Mvila;CM009002004;Ebolowa 2e;Mvoula;village
cameroun;CM009;Sud;CM009002;Mvila;CM009002004;Ebolowa 2e;Metyikpwale;village
cameroun;CM009;Sud;CM009002;Mvila;CM009002004;Ebolowa 2e;Zouameyong;village
cameroun;CM009;Sud;CM009002;Mvila;CM009002004;Ebolowa 2e;Bikpwae;village
cameroun;CM009;Sud;CM009002;Mvila;CM009002004;Ebolowa 2e;Ebolakoun;village
cameroun;CM009;Sud;CM009002;Mvila;CM009002004;Ebolowa 2e;Ndjafop;village
cameroun;CM009;Sud;CM009002;Mvila;CM009002004;Ebolowa 2e;Mbako'o;village
cameroun;CM009;Sud;CM009002;Mvila;CM009002004;Ebolowa 2e;Ngalan III;village
cameroun;CM009;Sud;CM009002;Mvila;CM009002006;Mengong;Akak Yvol;village
cameroun;CM009;Sud;CM009002;Mvila;CM009002006;Mengong;Biboulemam;village
cameroun;CM009;Sud;CM009002;Mvila;CM009002006;Mengong;Nkong Edjom;village
cameroun;CM009;Sud;CM009002;Mvila;CM009002004;Ebolowa 2e;Meyos;village
cameroun;CM009;Sud;CM009002;Mvila;CM009002002;Biwong-Bulu;Eminemvom;village
cameroun;CM009;Sud;CM009002;Mvila;CM009002004;Ebolowa 2e;Mbilntangan;village
cameroun;CM009;Sud;CM009002;Mvila;CM009002004;Ebolowa 2e;Eyek;village
cameroun;CM009;Sud;CM009002;Mvila;CM009002004;Ebolowa 2e;Fe'eyop;village
cameroun;CM009;Sud;CM009002;Mvila;CM009002004;Ebolowa 2e;Adjap;village
cameroun;CM009;Sud;CM009002;Mvila;CM009002004;Ebolowa 2e;Nkolemvon;village
cameroun;CM009;Sud;CM009002;Mvila;CM009002004;Ebolowa 2e;Akok;village
cameroun;CM009;Sud;CM009002;Mvila;CM009002004;Ebolowa 2e;Amvam;village
cameroun;CM009;Sud;CM009002;Mvila;CM009002004;Ebolowa 2e;Ako'okas;village
cameroun;CM009;Sud;CM009004;Valle-du-Ntem;CM009004001;Ambam;Ngom Essaobam;village
cameroun;CM009;Sud;CM009004;Valle-du-Ntem;CM009004001;Ambam;Bindameyos;village
cameroun;CM009;Sud;CM009004;Valle-du-Ntem;CM009004001;Ambam;Nsakoua;village
cameroun;CM009;Sud;CM009004;Valle-du-Ntem;CM009004001;Ambam;Akam Messi;village
cameroun;CM009;Sud;CM009004;Valle-du-Ntem;CM009004001;Ambam;Adjap;village
cameroun;CM009;Sud;CM009002;Mvila;CM009002004;Ebolowa 2e;Nko'adjap I;village
cameroun;CM009;Sud;CM009002;Mvila;CM009002004;Ebolowa 2e;Mvoman;village
cameroun;CM009;Sud;CM009002;Mvila;CM009002004;Ebolowa 2e;Akom;village
cameroun;CM009;Sud;CM009002;Mvila;CM009002004;Ebolowa 2e;Otel;village
cameroun;CM009;Sud;CM009002;Mvila;CM009002004;Ebolowa 2e;Mekomo;village
cameroun;CM009;Sud;CM009002;Mvila;CM009002004;Ebolowa 2e;Nkondongo;village
cameroun;CM009;Sud;CM009002;Mvila;CM009002004;Ebolowa 2e;Bissobinlam;village
cameroun;CM009;Sud;CM009002;Mvila;CM009002004;Ebolowa 2e;Nkowaba II;village
cameroun;CM009;Sud;CM009002;Mvila;CM009002004;Ebolowa 2e;Minkok;village
cameroun;CM009;Sud;CM009002;Mvila;CM009002004;Ebolowa 2e;Bikpwa;village
cameroun;CM009;Sud;CM009002;Mvila;CM009002004;Ebolowa 2e;Minto Fang;village
cameroun;CM009;Sud;CM009002;Mvila;CM009002004;Ebolowa 2e;Vema;village
cameroun;CM009;Sud;CM009002;Mvila;CM009002004;Ebolowa 2e;Ako'okas;village
cameroun;CM009;Sud;CM009002;Mvila;CM009002002;Biwong-Bulu;Sonkw;village
cameroun;CM009;Sud;CM009002;Mvila;CM009002002;Biwong-Bulu;Biba;village
cameroun;CM009;Sud;CM009002;Mvila;CM009002002;Biwong-Bulu;Akom;village
cameroun;CM009;Sud;CM009002;Mvila;CM009002006;Mengong;Nko'ty;village
cameroun;CM009;Sud;CM009002;Mvila;CM009002006;Mengong;Adjap;village
cameroun;CM009;Sud;CM009002;Mvila;CM009002006;Mengong;Ntyilok;village
cameroun;CM009;Sud;CM009002;Mvila;CM009002006;Mengong;Koungoulou Ngo;village
cameroun;CM009;Sud;CM009002;Mvila;CM009002006;Mengong;Nkolebity;village
cameroun;CM009;Sud;CM009002;Mvila;CM009002006;Mengong;Ndjana;village
cameroun;CM009;Sud;CM009002;Mvila;CM009002002;Biwong-Bulu;Mang;village
cameroun;CM009;Sud;CM009002;Mvila;CM009002002;Biwong-Bulu;Nkongmedjap;village
cameroun;CM009;Sud;CM009002;Mvila;CM009002002;Biwong-Bulu;Biwong-Bulu;village
cameroun;CM009;Sud;CM009002;Mvila;CM009002002;Biwong-Bulu;Nkolabouk;village
cameroun;CM009;Sud;CM009002;Mvila;CM009002002;Biwong-Bulu;Ongol;village
cameroun;CM009;Sud;CM009002;Mvila;CM009002002;Biwong-Bulu;Nkpwaba I;village
cameroun;CM009;Sud;CM009002;Mvila;CM009002002;Biwong-Bulu;Mameny;village
cameroun;CM009;Sud;CM009002;Mvila;CM009002002;Biwong-Bulu;Mbmang;village
cameroun;CM009;Sud;CM009002;Mvila;CM009002002;Biwong-Bulu;Doumba'azok;village
cameroun;CM009;Sud;CM009002;Mvila;CM009002002;Biwong-Bulu;Ngomeden;village
cameroun;CM009;Sud;CM009002;Mvila;CM009002006;Mengong;Mdoum;village
cameroun;CM009;Sud;CM009002;Mvila;CM009002006;Mengong;Minkpwele;village
cameroun;CM009;Sud;CM009002;Mvila;CM009002006;Mengong;Metyikpwale;village
cameroun;CM009;Sud;CM009002;Mvila;CM009002006;Mengong;Essangong;village
cameroun;CM009;Sud;CM009002;Mvila;CM009002002;Biwong-Bulu;Abiete Yendjock;village
cameroun;CM009;Sud;CM009002;Mvila;CM009002002;Biwong-Bulu;Nkon;village
cameroun;CM009;Sud;CM009002;Mvila;CM009002002;Biwong-Bulu;Nkon;village
cameroun;CM009;Sud;CM009002;Mvila;CM009002002;Biwong-Bulu;Nkolnyeng;village
cameroun;CM009;Sud;CM009002;Mvila;CM009002002;Biwong-Bulu;Nkolban;village
cameroun;CM009;Sud;CM009002;Mvila;CM009002004;Ebolowa 2e;Mekok;village
cameroun;CM009;Sud;CM009002;Mvila;CM009002004;Ebolowa 2e;Mevous;village
cameroun;CM009;Sud;CM009002;Mvila;CM009002004;Ebolowa 2e;Ebae;village
cameroun;CM009;Sud;CM009002;Mvila;CM009002004;Ebolowa 2e;Nloubessa Fang;village
cameroun;CM009;Sud;CM009002;Mvila;CM009002004;Ebolowa 2e;Eba;village
cameroun;CM009;Sud;CM009002;Mvila;CM009002004;Ebolowa 2e;Essodjap;village
cameroun;CM009;Sud;CM009002;Mvila;CM009002004;Ebolowa 2e;Adjap II;village
cameroun;CM009;Sud;CM009002;Mvila;CM009002004;Ebolowa 2e;Assok;village
cameroun;CM009;Sud;CM009002;Mvila;CM009002004;Ebolowa 2e;Nko'adjap II;village
cameroun;CM009;Sud;CM009002;Mvila;CM009002004;Ebolowa 2e;Bissam;village
cameroun;CM009;Sud;CM009002;Mvila;CM009002004;Ebolowa 2e;Nsendom;village
cameroun;CM009;Sud;CM009004;Valle-du-Ntem;CM009004001;Ambam;Meka'a;village
cameroun;CM009;Sud;CM009004;Valle-du-Ntem;CM009004001;Ambam;Nko'olong;village
cameroun;CM009;Sud;CM009004;Valle-du-Ntem;CM009004001;Ambam;Nkolkon;village
cameroun;CM009;Sud;CM009004;Valle-du-Ntem;CM009004001;Ambam;Bitet;village
cameroun;CM009;Sud;CM009004;Valle-du-Ntem;CM009004001;Ambam;Akam Bitam;village
cameroun;CM009;Sud;CM009004;Valle-du-Ntem;CM009004001;Ambam;Ajap;village
cameroun;CM009;Sud;CM009004;Valle-du-Ntem;CM009004001;Ambam;Minkok;village
cameroun;CM009;Sud;CM009004;Valle-du-Ntem;CM009004001;Ambam;Nkobiyo;village
cameroun;CM009;Sud;CM009004;Valle-du-Ntem;CM009004001;Ambam;Bilessi;village
cameroun;CM009;Sud;CM009004;Valle-du-Ntem;CM009004001;Ambam;Bikak;village
cameroun;CM009;Sud;CM009004;Valle-du-Ntem;CM009004001;Ambam;Ebozi;village
cameroun;CM009;Sud;CM009004;Valle-du-Ntem;CM009004001;Ambam;Ma'an;village
cameroun;CM009;Sud;CM009004;Valle-du-Ntem;CM009004001;Ambam;Nslang;village
cameroun;CM009;Sud;CM009004;Valle-du-Ntem;CM009004001;Ambam;Mendjimi;village
cameroun;CM009;Sud;CM009004;Valle-du-Ntem;CM009004001;Ambam;Nkol Efoulan;village
cameroun;CM009;Sud;CM009004;Valle-du-Ntem;CM009004001;Ambam;Too;village
cameroun;CM009;Sud;CM009004;Valle-du-Ntem;CM009004001;Ambam;Yos Ma'an;village
cameroun;CM009;Sud;CM009004;Valle-du-Ntem;CM009004001;Ambam;Nslang;village
cameroun;CM009;Sud;CM009004;Valle-du-Ntem;CM009004001;Ambam;Afenan;village
cameroun;CM009;Sud;CM009004;Valle-du-Ntem;CM009004001;Ambam;Akom Bikak;village
cameroun;CM009;Sud;CM009004;Valle-du-Ntem;CM009004001;Ambam;Akoulouzok;village
cameroun;CM009;Sud;CM009004;Valle-du-Ntem;CM009004001;Ambam;Minyin;village
cameroun;CM009;Sud;CM009004;Valle-du-Ntem;CM009004001;Ambam;Mekaman;village
cameroun;CM009;Sud;CM009004;Valle-du-Ntem;CM009004001;Ambam;Mekomo;village
cameroun;CM009;Sud;CM009004;Valle-du-Ntem;CM009004001;Ambam;Aveng Aba;village
cameroun;CM009;Sud;CM009004;Valle-du-Ntem;CM009004001;Ambam;Assandjik;village
cameroun;CM009;Sud;CM009004;Valle-du-Ntem;CM009004001;Ambam;Andong;village
cameroun;CM009;Sud;CM009004;Valle-du-Ntem;CM009004001;Ambam;Nlono;village
cameroun;CM009;Sud;CM009004;Valle-du-Ntem;CM009004001;Ambam;Too;village
cameroun;CM009;Sud;CM009004;Valle-du-Ntem;CM009004002;Kye-Ossi;Adjou'ou;village
cameroun;CM009;Sud;CM009004;Valle-du-Ntem;CM009004002;Kye-Ossi;Meyo Nkoulou;village
cameroun;CM009;Sud;CM009004;Valle-du-Ntem;CM009004001;Ambam;Too;village
cameroun;CM009;Sud;CM009004;Valle-du-Ntem;CM009004001;Ambam;Meyo Nyaka;village
cameroun;CM009;Sud;CM009004;Valle-du-Ntem;CM009004002;Kye-Ossi;Ngoazik;village
cameroun;CM009;Sud;CM009004;Valle-du-Ntem;CM009004002;Kye-Ossi;Nsa;village
cameroun;CM009;Sud;CM009004;Valle-du-Ntem;CM009004002;Kye-Ossi;Edomo;village
cameroun;CM009;Sud;CM009004;Valle-du-Ntem;CM009004002;Kye-Ossi;Nsangbwang;village
cameroun;CM009;Sud;CM009004;Valle-du-Ntem;CM009004002;Kye-Ossi;Konofonossi;village
cameroun;CM009;Sud;CM009004;Valle-du-Ntem;CM009004002;Kye-Ossi;Metet;village
cameroun;CM009;Sud;CM009004;Valle-du-Ntem;CM009004002;Kye-Ossi;Bingong;village
cameroun;CM009;Sud;CM009004;Valle-du-Ntem;CM009004002;Kye-Ossi;Ky-Ossi;town
cameroun;CM009;Sud;CM009004;Valle-du-Ntem;CM009004002;Kye-Ossi;Akonangui;village
cameroun;CM009;Sud;CM009004;Valle-du-Ntem;CM009004002;Kye-Ossi;Mefoup;village
cameroun;CM009;Sud;CM009004;Valle-du-Ntem;CM009004001;Ambam;Meko'assi;village
cameroun;CM009;Sud;CM009004;Valle-du-Ntem;CM009004001;Ambam;Abang Minko'o;village
cameroun;CM009;Sud;CM009004;Valle-du-Ntem;CM009004001;Ambam;Ntemsi;village
cameroun;CM009;Sud;CM009004;Valle-du-Ntem;CM009004001;Ambam;Abang Minko'o;village
cameroun;CM009;Sud;CM009004;Valle-du-Ntem;CM009004001;Ambam;Messi Messi;village
cameroun;CM009;Sud;CM009004;Valle-du-Ntem;CM009004001;Ambam;Mebe Ntem;village
cameroun;CM009;Sud;CM009001;Dja-et-Lobo;CM009001006;Oveng;Mebang;village
cameroun;CM009;Sud;CM009001;Dja-et-Lobo;CM009001006;Oveng;Akoabas;village
cameroun;CM009;Sud;CM009001;Dja-et-Lobo;CM009001006;Oveng;Zotl;village
cameroun;CM009;Sud;CM009001;Dja-et-Lobo;CM009001006;Oveng;Ngoudjieng;village
cameroun;CM009;Sud;CM009001;Dja-et-Lobo;CM009001006;Oveng;Ekowong;village
cameroun;CM009;Sud;CM009001;Dja-et-Lobo;CM009001006;Oveng;Endon;village
cameroun;CM009;Sud;CM009001;Dja-et-Lobo;CM009001006;Oveng;Eboman;village
cameroun;CM009;Sud;CM009001;Dja-et-Lobo;CM009001006;Oveng;Mvam;village
cameroun;CM009;Sud;CM009001;Dja-et-Lobo;CM009001006;Oveng;Oveng;town
cameroun;CM009;Sud;CM009001;Dja-et-Lobo;CM009001006;Oveng;Mvam;village
cameroun;CM009;Sud;CM009001;Dja-et-Lobo;CM009001006;Oveng;Mebassa;village
cameroun;CM009;Sud;CM009001;Dja-et-Lobo;CM009001006;Oveng;Akom;village
cameroun;CM009;Sud;CM009001;Dja-et-Lobo;CM009001006;Oveng;Adjap;village
cameroun;CM009;Sud;CM009001;Dja-et-Lobo;CM009001006;Oveng;Medjang;village
cameroun;CM009;Sud;CM009001;Dja-et-Lobo;CM009001006;Oveng;Abek;village
cameroun;CM009;Sud;CM009001;Dja-et-Lobo;CM009001006;Oveng;Essam;village
cameroun;CM009;Sud;CM009001;Dja-et-Lobo;CM009001006;Oveng;Ngbwassa;village
cameroun;CM009;Sud;CM009001;Dja-et-Lobo;CM009001002;Djoum;Nkolnyeng;village
cameroun;CM009;Sud;CM009001;Dja-et-Lobo;CM009001006;Oveng;Ndja;village
cameroun;CM009;Sud;CM009001;Dja-et-Lobo;CM009001006;Oveng;Nkono;village
cameroun;CM009;Sud;CM009001;Dja-et-Lobo;CM009001006;Oveng;Onon 1;village
cameroun;CM009;Sud;CM009001;Dja-et-Lobo;CM009001006;Oveng;Onon;village
cameroun;CM009;Sud;CM009001;Dja-et-Lobo;CM009001006;Oveng;Anyoungom;village
cameroun;CM009;Sud;CM009001;Dja-et-Lobo;CM009001006;Oveng;Essamenkou;village
cameroun;CM009;Sud;CM009001;Dja-et-Lobo;CM009001006;Oveng;Andoung;village
cameroun;CM009;Sud;CM009001;Dja-et-Lobo;CM009001006;Oveng;Bifot;village
cameroun;CM009;Sud;CM009001;Dja-et-Lobo;CM009001002;Djoum;Akom-Ndong;village
cameroun;CM009;Sud;CM009001;Dja-et-Lobo;CM009001002;Djoum;Nkolafendek;village
cameroun;CM009;Sud;CM009001;Dja-et-Lobo;CM009001002;Djoum;Nyabibt;village
cameroun;CM009;Sud;CM009001;Dja-et-Lobo;CM009001002;Djoum;Mellen-Boulou;village
cameroun;CM009;Sud;CM009001;Dja-et-Lobo;CM009001002;Djoum;Melen;village
cameroun;CM009;Sud;CM009001;Dja-et-Lobo;CM009001004;Meyomessi;Bikoula;village
cameroun;CM009;Sud;CM009001;Dja-et-Lobo;CM009001004;Meyomessi;Mamene;village
cameroun;CM009;Sud;CM009001;Dja-et-Lobo;CM009001004;Meyomessi;Zoe;village
cameroun;CM009;Sud;CM009001;Dja-et-Lobo;CM009001004;Meyomessi;Ndong-Ebae;village
cameroun;CM009;Sud;CM009001;Dja-et-Lobo;CM009001004;Meyomessi;Oding;village
cameroun;CM009;Sud;CM009001;Dja-et-Lobo;CM009001004;Meyomessi;Emvieng;village
cameroun;CM009;Sud;CM009001;Dja-et-Lobo;CM009001004;Meyomessi;Biba;village
cameroun;CM009;Sud;CM009001;Dja-et-Lobo;CM009001004;Meyomessi;Alouma;village
cameroun;CM009;Sud;CM009001;Dja-et-Lobo;CM009001004;Meyomessi;Mkok;village
cameroun;CM009;Sud;CM009001;Dja-et-Lobo;CM009001004;Meyomessi;Esong;village
cameroun;CM009;Sud;CM009001;Dja-et-Lobo;CM009001004;Meyomessi;Esangmvout;village
cameroun;CM009;Sud;CM009001;Dja-et-Lobo;CM009001004;Meyomessi;Mbilm;village
cameroun;CM009;Sud;CM009001;Dja-et-Lobo;CM009001004;Meyomessi;Meyomessi;town
cameroun;CM009;Sud;CM009001;Dja-et-Lobo;CM009001004;Meyomessi;Meusok;village
cameroun;CM009;Sud;CM009001;Dja-et-Lobo;CM009001004;Meyomessi;Mbenko;village
cameroun;CM009;Sud;CM009001;Dja-et-Lobo;CM009001004;Meyomessi;Ndjl;village
cameroun;CM009;Sud;CM009001;Dja-et-Lobo;CM009001004;Meyomessi;Mbem;village
cameroun;CM009;Sud;CM009001;Dja-et-Lobo;CM009001004;Meyomessi;Mbilemvom;village
cameroun;CM009;Sud;CM009002;Mvila;CM009002007;Mvangane;Bilizi;village
cameroun;CM009;Sud;CM009002;Mvila;CM009002007;Mvangane;Befio;village
cameroun;CM009;Sud;CM009002;Mvila;CM009002007;Mvangane;Mbemenko;village
cameroun;CM009;Sud;CM009002;Mvila;CM009002007;Mvangane;Ako'obete;village
cameroun;CM009;Sud;CM009002;Mvila;CM009002007;Mvangane;Melen;village
cameroun;CM009;Sud;CM009002;Mvila;CM009002007;Mvangane;Nezam;village
cameroun;CM009;Sud;CM009002;Mvila;CM009002007;Mvangane;Mebemenko;village
cameroun;CM009;Sud;CM009002;Mvila;CM009002007;Mvangane;Endengue;village
cameroun;CM009;Sud;CM009002;Mvila;CM009002007;Mvangane;Oyem I;village
cameroun;CM009;Sud;CM009002;Mvila;CM009002007;Mvangane;Abam;village
cameroun;CM009;Sud;CM009002;Mvila;CM009002007;Mvangane;Nazare;village
cameroun;CM009;Sud;CM009001;Dja-et-Lobo;CM009001004;Meyomessi;Elom;village
cameroun;CM009;Sud;CM009001;Dja-et-Lobo;CM009001004;Meyomessi;Minkono;village
cameroun;CM009;Sud;CM009001;Dja-et-Lobo;CM009001004;Meyomessi;Nkolmedim;village
cameroun;CM009;Sud;CM009001;Dja-et-Lobo;CM009001004;Meyomessi;Avb;village
cameroun;CM009;Sud;CM009001;Dja-et-Lobo;CM009001004;Meyomessi;Kongo;village
cameroun;CM009;Sud;CM009001;Dja-et-Lobo;CM009001004;Meyomessi;Azem;village
cameroun;CM009;Sud;CM009001;Dja-et-Lobo;CM009001004;Meyomessi;Nkolmekok;village
cameroun;CM009;Sud;CM009001;Dja-et-Lobo;CM009001004;Meyomessi;Meyos;village
cameroun;CM009;Sud;CM009001;Dja-et-Lobo;CM009001004;Meyomessi;Nnemeyong;village
cameroun;CM009;Sud;CM009001;Dja-et-Lobo;CM009001004;Meyomessi;Melan;village
cameroun;CM009;Sud;CM009001;Dja-et-Lobo;CM009001004;Meyomessi;Amvan;village
cameroun;CM009;Sud;CM009001;Dja-et-Lobo;CM009001004;Meyomessi;Minkang II;village
cameroun;CM009;Sud;CM009001;Dja-et-Lobo;CM009001004;Meyomessi;Meulok;village
cameroun;CM009;Sud;CM009001;Dja-et-Lobo;CM009001004;Meyomessi;Afamba;village
cameroun;CM009;Sud;CM009001;Dja-et-Lobo;CM009001007;Sangmelima;Mebem;village
cameroun;CM009;Sud;CM009001;Dja-et-Lobo;CM009001007;Sangmelima;Mimbang;village
cameroun;CM009;Sud;CM009001;Dja-et-Lobo;CM009001007;Sangmelima;Ngoasse;village
cameroun;CM009;Sud;CM009001;Dja-et-Lobo;CM009001007;Sangmelima;Zo;village
cameroun;CM009;Sud;CM009001;Dja-et-Lobo;CM009001007;Sangmelima;Bekon;village
cameroun;CM009;Sud;CM009001;Dja-et-Lobo;CM009001007;Sangmelima;Meyovoundi;village
cameroun;CM009;Sud;CM009001;Dja-et-Lobo;CM009001007;Sangmelima;Bidjom;village
cameroun;CM009;Sud;CM009001;Dja-et-Lobo;CM009001007;Sangmelima;Nyazanga;village
cameroun;CM009;Sud;CM009001;Dja-et-Lobo;CM009001004;Meyomessi;Mbom;village
cameroun;CM009;Sud;CM009001;Dja-et-Lobo;CM009001007;Sangmelima;Messak;village
cameroun;CM009;Sud;CM009001;Dja-et-Lobo;CM009001007;Sangmelima;Meukaa;village
cameroun;CM009;Sud;CM009001;Dja-et-Lobo;CM009001007;Sangmelima;Minto'o;village
cameroun;CM009;Sud;CM009001;Dja-et-Lobo;CM009001007;Sangmelima;Sas;village
cameroun;CM009;Sud;CM009001;Dja-et-Lobo;CM009001007;Sangmelima;Meyomadjom;village
cameroun;CM009;Sud;CM009001;Dja-et-Lobo;CM009001007;Sangmelima;Nkomeyos;village
cameroun;CM009;Sud;CM009001;Dja-et-Lobo;CM009001007;Sangmelima;Mengue;village
cameroun;CM009;Sud;CM009001;Dja-et-Lobo;CM009001007;Sangmelima;Mekomo Yendam;village
cameroun;CM009;Sud;CM009001;Dja-et-Lobo;CM009001007;Sangmelima;Ngan;village
cameroun;CM009;Sud;CM009001;Dja-et-Lobo;CM009001007;Sangmelima;Mekom;village
cameroun;CM009;Sud;CM009001;Dja-et-Lobo;CM009001007;Sangmelima;Momebili;village
cameroun;CM009;Sud;CM009001;Dja-et-Lobo;CM009001007;Sangmelima;Eye'e;village
cameroun;CM009;Sud;CM009001;Dja-et-Lobo;CM009001007;Sangmelima;Adjap;village
cameroun;CM009;Sud;CM009001;Dja-et-Lobo;CM009001007;Sangmelima;Alouma;village
cameroun;CM009;Sud;CM009001;Dja-et-Lobo;CM009001007;Sangmelima;Minlangmissi;village
cameroun;CM009;Sud;CM009001;Dja-et-Lobo;CM009001007;Sangmelima;Ngam;village
cameroun;CM009;Sud;CM009001;Dja-et-Lobo;CM009001007;Sangmelima;Assok;village
cameroun;CM009;Sud;CM009002;Mvila;CM009002007;Mvangane;Andjek Iii;village
cameroun;CM009;Sud;CM009002;Mvila;CM009002007;Mvangane;Andjek Ii;village
cameroun;CM009;Sud;CM009002;Mvila;CM009002007;Mvangane;Mintyene I;village
cameroun;CM009;Sud;CM009002;Mvila;CM009002007;Mvangane;Mintyene Ii;village
cameroun;CM009;Sud;CM009002;Mvila;CM009002007;Mvangane;Aboelon;village
cameroun;CM009;Sud;CM009002;Mvila;CM009002007;Mvangane;Andjek I;village
cameroun;CM009;Sud;CM009002;Mvila;CM009002007;Mvangane;Adoum;village
cameroun;CM009;Sud;CM009002;Mvila;CM009002007;Mvangane;Ngomeden;village
cameroun;CM009;Sud;CM009002;Mvila;CM009002007;Mvangane;Zo'ebefam;village
cameroun;CM009;Sud;CM009002;Mvila;CM009002007;Mvangane;Akom;village
cameroun;CM009;Sud;CM009002;Mvila;CM009002007;Mvangane;Nkomo;village
cameroun;CM009;Sud;CM009002;Mvila;CM009002007;Mvangane;Monkowong;village
cameroun;CM009;Sud;CM009002;Mvila;CM009002007;Mvangane;Andjek Iv;village
cameroun;CM009;Sud;CM009002;Mvila;CM009002007;Mvangane;Ndick;village
cameroun;CM009;Sud;CM009002;Mvila;CM009002007;Mvangane;Mebo'ongoe;village
cameroun;CM009;Sud;CM009002;Mvila;CM009002007;Mvangane;Adoum;village
cameroun;CM009;Sud;CM009002;Mvila;CM009002007;Mvangane;Oyem Ii;village
cameroun;CM009;Sud;CM009002;Mvila;CM009002007;Mvangane;Mveazoum;village
cameroun;CM009;Sud;CM009002;Mvila;CM009002007;Mvangane;Ndanga I;village
cameroun;CM009;Sud;CM009002;Mvila;CM009002007;Mvangane;Ndanga Ii;village
cameroun;CM009;Sud;CM009002;Mvila;CM009002007;Mvangane;Minkoumou;village
cameroun;CM009;Sud;CM009001;Dja-et-Lobo;CM009001006;Oveng;Bikou'ou;village
cameroun;CM009;Sud;CM009001;Dja-et-Lobo;CM009001006;Oveng;Bitche;village
cameroun;CM009;Sud;CM009001;Dja-et-Lobo;CM009001006;Oveng;Aboulou;village
cameroun;CM009;Sud;CM009002;Mvila;CM009002007;Mvangane;Mebosso;village
cameroun;CM009;Sud;CM009002;Mvila;CM009002007;Mvangane;Otou;village
cameroun;CM009;Sud;CM009002;Mvila;CM009002007;Mvangane;Memgame;village
cameroun;CM009;Sud;CM009002;Mvila;CM009002007;Mvangane;Akam;village
cameroun;CM009;Sud;CM009002;Mvila;CM009002007;Mvangane;Amvom;village
cameroun;CM009;Sud;CM009002;Mvila;CM009002007;Mvangane;Nkolnyeng;village
cameroun;CM009;Sud;CM009002;Mvila;CM009002007;Mvangane;Eboman;village
cameroun;CM009;Sud;CM009002;Mvila;CM009002007;Mvangane;Alen Essala'an;village
cameroun;CM009;Sud;CM009002;Mvila;CM009002007;Mvangane;Nnmeyong;village
cameroun;CM009;Sud;CM009002;Mvila;CM009002007;Mvangane;Afan;village
cameroun;CM009;Sud;CM009002;Mvila;CM009002007;Mvangane;Alen Yemekak;village
cameroun;CM009;Sud;CM009002;Mvila;CM009002007;Mvangane;Ekowong;village
cameroun;CM009;Sud;CM009002;Mvila;CM009002007;Mvangane;Minkongo;village
cameroun;CM009;Sud;CM009002;Mvila;CM009002007;Mvangane;Atong;village
cameroun;CM009;Sud;CM009002;Mvila;CM009002007;Mvangane;Mang;village
cameroun;CM009;Sud;CM009002;Mvila;CM009002004;Ebolowa 2e;Meyos;village
cameroun;CM009;Sud;CM009002;Mvila;CM009002007;Mvangane;Ngam;village
cameroun;CM009;Sud;CM009002;Mvila;CM009002007;Mvangane;Mbong;village
cameroun;CM009;Sud;CM009002;Mvila;CM009002007;Mvangane;Akak;village
cameroun;CM009;Sud;CM009002;Mvila;CM009002007;Mvangane;Alombo;village
cameroun;CM009;Sud;CM009002;Mvila;CM009002007;Mvangane;Aboumezok;village
cameroun;CM009;Sud;CM009004;Valle-du-Ntem;CM009004001;Ambam;Mengama;village
cameroun;CM009;Sud;CM009004;Valle-du-Ntem;CM009004001;Ambam;Bissobinlam;village
cameroun;CM009;Sud;CM009004;Valle-du-Ntem;CM009004001;Ambam;Ebom;village
cameroun;CM009;Sud;CM009004;Valle-du-Ntem;CM009004001;Ambam;Mbam Essaobom;village
cameroun;CM009;Sud;CM009004;Valle-du-Ntem;CM009004001;Ambam;Medjounou;village
cameroun;CM009;Sud;CM009002;Mvila;CM009002004;Ebolowa 2e;Okpweng Ngo;village
cameroun;CM009;Sud;CM009002;Mvila;CM009002004;Ebolowa 2e;Evindissi;village
cameroun;CM009;Sud;CM009002;Mvila;CM009002004;Ebolowa 2e;Abang;village
cameroun;CM009;Sud;CM009002;Mvila;CM009002004;Ebolowa 2e;Biboulemam;village
cameroun;CM009;Sud;CM009002;Mvila;CM009002004;Ebolowa 2e;Ababendoman;village
cameroun;CM009;Sud;CM009002;Mvila;CM009002004;Ebolowa 2e;Bissono;village
cameroun;CM009;Sud;CM009002;Mvila;CM009002004;Ebolowa 2e;Nyazanga;village
cameroun;CM009;Sud;CM009002;Mvila;CM009002002;Biwong-Bulu;Akpwa;village
cameroun;CM009;Sud;CM009002;Mvila;CM009002002;Biwong-Bulu;Lob;village
cameroun;CM009;Sud;CM009002;Mvila;CM009002002;Biwong-Bulu;Ngon;village
cameroun;CM009;Sud;CM009002;Mvila;CM009002002;Biwong-Bulu;Elon;village
cameroun;CM009;Sud;CM009002;Mvila;CM009002002;Biwong-Bulu;Melan;village
cameroun;CM009;Sud;CM009002;Mvila;CM009002002;Biwong-Bulu;Nkolezom;village
cameroun;CM009;Sud;CM009002;Mvila;CM009002002;Biwong-Bulu;Ondondo;village
cameroun;CM009;Sud;CM009002;Mvila;CM009002007;Mvangane;Assok;village
cameroun;CM009;Sud;CM009002;Mvila;CM009002007;Mvangane;Nkengou;village
cameroun;CM009;Sud;CM009002;Mvila;CM009002007;Mvangane;Monebikong;village
cameroun;CM009;Sud;CM009002;Mvila;CM009002007;Mvangane;Mvangan;town
cameroun;CM009;Sud;CM009002;Mvila;CM009002007;Mvangane;Nlefoup;village
cameroun;CM009;Sud;CM009002;Mvila;CM009002007;Mvangane;Bikong;village
cameroun;CM009;Sud;CM009002;Mvila;CM009002007;Mvangane;Bimengue;village
cameroun;CM009;Sud;CM009002;Mvila;CM009002007;Mvangane;Ayinamba;village
cameroun;CM009;Sud;CM009002;Mvila;CM009002007;Mvangane;Nkolenyeng;village
cameroun;CM009;Sud;CM009002;Mvila;CM009002007;Mvangane;Ekombit;village
cameroun;CM009;Sud;CM009002;Mvila;CM009002007;Mvangane;Mebo'o;village
cameroun;CM009;Sud;CM009002;Mvila;CM009002007;Mvangane;Adjap;village
cameroun;CM009;Sud;CM009002;Mvila;CM009002007;Mvangane;Ababendoman;village
cameroun;CM009;Sud;CM009002;Mvila;CM009002002;Biwong-Bulu;Alotom;village
cameroun;CM009;Sud;CM009002;Mvila;CM009002007;Mvangane;Essam;village
cameroun;CM009;Sud;CM009002;Mvila;CM009002002;Biwong-Bulu;Mbounezok;village
cameroun;CM009;Sud;CM009002;Mvila;CM009002002;Biwong-Bulu;Zo'befam;village
cameroun;CM009;Sud;CM009002;Mvila;CM009002002;Biwong-Bulu;Biba Yvol;village
cameroun;CM009;Sud;CM009002;Mvila;CM009002002;Biwong-Bulu;Momebili;village
cameroun;CM009;Sud;CM009002;Mvila;CM009002007;Mvangane;Eboman;village
cameroun;CM009;Sud;CM009002;Mvila;CM009002007;Mvangane;Endameyos;village
cameroun;CM009;Sud;CM009002;Mvila;CM009002007;Mvangane;Ngombae;village
cameroun;CM009;Sud;CM009002;Mvila;CM009002007;Mvangane;Biboulemam;village
cameroun;CM009;Sud;CM009002;Mvila;CM009002007;Mvangane;Koungoulou;village
cameroun;CM009;Sud;CM009002;Mvila;CM009002007;Mvangane;Medjeme;village
cameroun;CM009;Sud;CM009002;Mvila;CM009002002;Biwong-Bulu;Messambe;village
cameroun;CM009;Sud;CM009002;Mvila;CM009002002;Biwong-Bulu;Nloubessa Boulou;village
cameroun;CM009;Sud;CM009002;Mvila;CM009002002;Biwong-Bulu;Mvong;village
cameroun;CM009;Sud;CM009002;Mvila;CM009002002;Biwong-Bulu;Okpweng;village
cameroun;CM009;Sud;CM009002;Mvila;CM009002002;Biwong-Bulu;Efoulan;village
cameroun;CM009;Sud;CM009002;Mvila;CM009002002;Biwong-Bulu;Nselang;village
cameroun;CM009;Sud;CM009002;Mvila;CM009002002;Biwong-Bulu;Mvoula;village
cameroun;CM009;Sud;CM009002;Mvila;CM009002006;Mengong;Yem Ymfek;village
cameroun;CM009;Sud;CM009002;Mvila;CM009002006;Mengong;Nmeyong;village
cameroun;CM009;Sud;CM009002;Mvila;CM009002006;Mengong;Nkolbengue;village
cameroun;CM009;Sud;CM009002;Mvila;CM009002006;Mengong;Ndeng;village
cameroun;CM009;Sud;CM009002;Mvila;CM009002006;Mengong;Ndeng;village
cameroun;CM009;Sud;CM009002;Mvila;CM009002006;Mengong;Loum;village
cameroun;CM009;Sud;CM009002;Mvila;CM009002006;Mengong;Melan;village
cameroun;CM009;Sud;CM009002;Mvila;CM009002008;Ngoulemakong;Enyeng;village
cameroun;CM009;Sud;CM009002;Mvila;CM009002008;Ngoulemakong;Mvaamedjap Fong;village
cameroun;CM009;Sud;CM009002;Mvila;CM009002006;Mengong;Metiep;village
cameroun;CM009;Sud;CM009002;Mvila;CM009002006;Mengong;Nemeyong III;village
cameroun;CM009;Sud;CM009002;Mvila;CM009002006;Mengong;Enyeng;village
cameroun;CM009;Sud;CM009002;Mvila;CM009002006;Mengong;Ababita;village
cameroun;CM009;Sud;CM009001;Dja-et-Lobo;CM009001007;Sangmelima;Bikobo;village
cameroun;CM009;Sud;CM009001;Dja-et-Lobo;CM009001007;Sangmelima;Oveng;town
cameroun;CM009;Sud;CM009001;Dja-et-Lobo;CM009001007;Sangmelima;Meka'a;village
cameroun;CM009;Sud;CM009001;Dja-et-Lobo;CM009001007;Sangmelima;Zobefam;village
cameroun;CM009;Sud;CM009001;Dja-et-Lobo;CM009001007;Sangmelima;Meka'a;village
cameroun;CM009;Sud;CM009001;Dja-et-Lobo;CM009001007;Sangmelima;Nkolsse;village
cameroun;CM009;Sud;CM009001;Dja-et-Lobo;CM009001007;Sangmelima;Meyos;village
cameroun;CM009;Sud;CM009001;Dja-et-Lobo;CM009001007;Sangmelima;Akomessing;village
cameroun;CM009;Sud;CM009001;Dja-et-Lobo;CM009001007;Sangmelima;Engas;village
cameroun;CM009;Sud;CM009001;Dja-et-Lobo;CM009001007;Sangmelima;Engas;village
cameroun;CM009;Sud;CM009001;Dja-et-Lobo;CM009001007;Sangmelima;Ngomeyop;village
cameroun;CM009;Sud;CM009001;Dja-et-Lobo;CM009001007;Sangmelima;Ekoumdoum;village
cameroun;CM009;Sud;CM009001;Dja-et-Lobo;CM009001007;Sangmelima;Eminemvom;village
cameroun;CM009;Sud;CM009001;Dja-et-Lobo;CM009001007;Sangmelima;Avebe Esse;village
cameroun;CM009;Sud;CM009001;Dja-et-Lobo;CM009001007;Sangmelima;Ngoungoumou;village
cameroun;CM009;Sud;CM009001;Dja-et-Lobo;CM009001007;Sangmelima;Avoo;village
cameroun;CM009;Sud;CM009001;Dja-et-Lobo;CM009001007;Sangmelima;Ewolemimbang;village
cameroun;CM009;Sud;CM009001;Dja-et-Lobo;CM009001007;Sangmelima;Moneko III;village
cameroun;CM009;Sud;CM009001;Dja-et-Lobo;CM009001007;Sangmelima;Ma'anmenyin;village
cameroun;CM009;Sud;CM009001;Dja-et-Lobo;CM009001007;Sangmelima;Ma'anmemvim;village
cameroun;CM009;Sud;CM009001;Dja-et-Lobo;CM009001007;Sangmelima;Moneko II;village
cameroun;CM009;Sud;CM009001;Dja-et-Lobo;CM009001007;Sangmelima;Moneko I;village
cameroun;CM009;Sud;CM009001;Dja-et-Lobo;CM009001007;Sangmelima;Oveng;village
cameroun;CM009;Sud;CM009001;Dja-et-Lobo;CM009001007;Sangmelima;Ndjom Essaman;village
cameroun;CM009;Sud;CM009001;Dja-et-Lobo;CM009001007;Sangmelima;Biyan;village
cameroun;CM009;Sud;CM009001;Dja-et-Lobo;CM009001007;Sangmelima;Bekaka;village
cameroun;CM009;Sud;CM009002;Mvila;CM009002008;Ngoulemakong;Nkoumadjap II;village
cameroun;CM009;Sud;CM009002;Mvila;CM009002008;Ngoulemakong;Oyak;village
cameroun;CM009;Sud;CM009002;Mvila;CM009002008;Ngoulemakong;Doum;village
cameroun;CM009;Sud;CM009002;Mvila;CM009002008;Ngoulemakong;Ebotenkou;village
cameroun;CM009;Sud;CM009001;Dja-et-Lobo;CM009001008;Zoetele;Ngougoumou II;village
cameroun;CM009;Sud;CM009001;Dja-et-Lobo;CM009001008;Zoetele;Oveng;village
cameroun;CM009;Sud;CM009001;Dja-et-Lobo;CM009001008;Zoetele;Ngoungoumou;village
cameroun;CM009;Sud;CM009001;Dja-et-Lobo;CM009001008;Zoetele;Nkolmekom;village
cameroun;CM009;Sud;CM009001;Dja-et-Lobo;CM009001008;Zoetele;Essa;village
cameroun;CM009;Sud;CM009001;Dja-et-Lobo;CM009001008;Zoetele;Mvoutessi I;village
cameroun;CM009;Sud;CM009001;Dja-et-Lobo;CM009001008;Zoetele;Ako'ossi;village
cameroun;CM009;Sud;CM009001;Dja-et-Lobo;CM009001008;Zoetele;Kondbisse;village
cameroun;CM009;Sud;CM009001;Dja-et-Lobo;CM009001008;Zoetele;Yem;village
cameroun;CM009;Sud;CM009001;Dja-et-Lobo;CM009001008;Zoetele;Banga;village
cameroun;CM002;Centre;CM002010;Nyong-et-So'o;CM002010001;Akoeman;Nyep;village
cameroun;CM002;Centre;CM002010;Nyong-et-So'o;CM002010001;Akoeman;Ekonong;village
cameroun;CM009;Sud;CM009002;Mvila;CM009002008;Ngoulemakong;Ongongo;village
cameroun;CM009;Sud;CM009002;Mvila;CM009002008;Ngoulemakong;Assam;village
cameroun;CM009;Sud;CM009002;Mvila;CM009002008;Ngoulemakong;Kouma;village
cameroun;CM009;Sud;CM009002;Mvila;CM009002008;Ngoulemakong;Nkoumadjap I;village
cameroun;CM009;Sud;CM009002;Mvila;CM009002008;Ngoulemakong;Nlanyop;village
cameroun;CM009;Sud;CM009002;Mvila;CM009002008;Ngoulemakong;Loum;village
cameroun;CM009;Sud;CM009002;Mvila;CM009002008;Ngoulemakong;Ebay;village
cameroun;CM009;Sud;CM009002;Mvila;CM009002008;Ngoulemakong;Sonessi;village
cameroun;CM009;Sud;CM009002;Mvila;CM009002008;Ngoulemakong;Elon;village
cameroun;CM009;Sud;CM009002;Mvila;CM009002008;Ngoulemakong;Akoatala;village
cameroun;CM002;Centre;CM002010;Nyong-et-So'o;CM002010001;Akoeman;Melen;village
cameroun;CM002;Centre;CM002010;Nyong-et-So'o;CM002010001;Akoeman;Bikoum;village
cameroun;CM002;Centre;CM002010;Nyong-et-So'o;CM002010001;Akoeman;Zamda;village
cameroun;CM002;Centre;CM002010;Nyong-et-So'o;CM002010001;Akoeman;Bifindi;village
cameroun;CM002;Centre;CM002010;Nyong-et-So'o;CM002010001;Akoeman;Akoman;town
cameroun;CM002;Centre;CM002010;Nyong-et-So'o;CM002010001;Akoeman;Ndong Nk;village
cameroun;CM002;Centre;CM002010;Nyong-et-So'o;CM002010001;Akoeman;Bitom;village
cameroun;CM002;Centre;CM002010;Nyong-et-So'o;CM002010001;Akoeman;Abang;village
cameroun;CM002;Centre;CM002010;Nyong-et-So'o;CM002010001;Akoeman;Nkolyen II;village
cameroun;CM002;Centre;CM002010;Nyong-et-So'o;CM002010001;Akoeman;Nkolmeyos;village
cameroun;CM002;Centre;CM002010;Nyong-et-So'o;CM002010001;Akoeman;Mengba;village
cameroun;CM002;Centre;CM002010;Nyong-et-So'o;CM002010001;Akoeman;Nkout;village
cameroun;CM002;Centre;CM002010;Nyong-et-So'o;CM002010001;Akoeman;Ebonze;village
cameroun;CM002;Centre;CM002010;Nyong-et-So'o;CM002010001;Akoeman;Omvang;village
cameroun;CM002;Centre;CM002010;Nyong-et-So'o;CM002010001;Akoeman;Nkolakoa;village
cameroun;CM002;Centre;CM002010;Nyong-et-So'o;CM002010001;Akoeman;Sep I;village
cameroun;CM002;Centre;CM002010;Nyong-et-So'o;CM002010001;Akoeman;Adzap;village
cameroun;CM002;Centre;CM002010;Nyong-et-So'o;CM002010001;Akoeman;Sep II;village
cameroun;CM002;Centre;CM002010;Nyong-et-So'o;CM002010001;Akoeman;Nkolngok;village
cameroun;CM002;Centre;CM002010;Nyong-et-So'o;CM002010001;Akoeman;Manengombo;village
cameroun;CM002;Centre;CM002010;Nyong-et-So'o;CM002010001;Akoeman;Nkout;village
cameroun;CM002;Centre;CM002010;Nyong-et-So'o;CM002010003;Mbalmayo;Nkodabang;village
cameroun;CM002;Centre;CM002010;Nyong-et-So'o;CM002010001;Akoeman;Bilbila;village
cameroun;CM002;Centre;CM002010;Nyong-et-So'o;CM002010001;Akoeman;Ngon;village
cameroun;CM002;Centre;CM002010;Nyong-et-So'o;CM002010006;Nkolmetet;Endengu;village
cameroun;CM002;Centre;CM002010;Nyong-et-So'o;CM002010003;Mbalmayo;Mekomo;village
cameroun;CM002;Centre;CM002010;Nyong-et-So'o;CM002010003;Mbalmayo;Atoozok;village
cameroun;CM002;Centre;CM002010;Nyong-et-So'o;CM002010003;Mbalmayo;Nkolbena;village
cameroun;CM002;Centre;CM002010;Nyong-et-So'o;CM002010003;Mbalmayo;Atsam Amougou;village
cameroun;CM002;Centre;CM002010;Nyong-et-So'o;CM002010003;Mbalmayo;Mimeboudou;village
cameroun;CM002;Centre;CM002010;Nyong-et-So'o;CM002010003;Mbalmayo;Biyan;village
cameroun;CM002;Centre;CM002010;Nyong-et-So'o;CM002010001;Akoeman;Olaa;village
cameroun;CM002;Centre;CM002010;Nyong-et-So'o;CM002010001;Akoeman;Ayanessoo;village
cameroun;CM002;Centre;CM002010;Nyong-et-So'o;CM002010001;Akoeman;Nkolnyama;village
cameroun;CM002;Centre;CM002010;Nyong-et-So'o;CM002010001;Akoeman;Nkoumadzap;village
cameroun;CM002;Centre;CM002010;Nyong-et-So'o;CM002010001;Akoeman;Mebam;village
cameroun;CM002;Centre;CM002010;Nyong-et-So'o;CM002010003;Mbalmayo;Endamsi;village
cameroun;CM002;Centre;CM002010;Nyong-et-So'o;CM002010003;Mbalmayo;Ngat;village
cameroun;CM002;Centre;CM002010;Nyong-et-So'o;CM002010003;Mbalmayo;Okekat;village
cameroun;CM002;Centre;CM002010;Nyong-et-So'o;CM002010003;Mbalmayo;Akomtam;village
cameroun;CM002;Centre;CM002010;Nyong-et-So'o;CM002010003;Mbalmayo;Memiam;village
cameroun;CM002;Centre;CM002010;Nyong-et-So'o;CM002010003;Mbalmayo;Akomnyada I;village
cameroun;CM002;Centre;CM002010;Nyong-et-So'o;CM002010003;Mbalmayo;Akomnyada II;village
cameroun;CM002;Centre;CM002010;Nyong-et-So'o;CM002010003;Mbalmayo;Assanazoa;village
cameroun;CM002;Centre;CM002010;Nyong-et-So'o;CM002010003;Mbalmayo;Mbedoumou I;village
cameroun;CM002;Centre;CM002005;Mefou-et-Afamba;CM002005006;Mfou;Ekali II;village
cameroun;CM002;Centre;CM002005;Mefou-et-Afamba;CM002005006;Mfou;Metet Village;village
cameroun;CM002;Centre;CM002005;Mefou-et-Afamba;CM002005006;Mfou;Abimoa;village
cameroun;CM002;Centre;CM002005;Mefou-et-Afamba;CM002005006;Mfou;Awa;village
cameroun;CM002;Centre;CM002005;Mefou-et-Afamba;CM002005006;Mfou;Ndangueng I;village
cameroun;CM002;Centre;CM002005;Mefou-et-Afamba;CM002005006;Mfou;Loum II;village
cameroun;CM002;Centre;CM002005;Mefou-et-Afamba;CM002005006;Mfou;Okong;village
cameroun;CM002;Centre;CM002005;Mefou-et-Afamba;CM002005006;Mfou;Nkolmevaa;village
cameroun;CM002;Centre;CM002005;Mefou-et-Afamba;CM002005006;Mfou;Ndangueng II;village
cameroun;CM002;Centre;CM002010;Nyong-et-So'o;CM002010003;Mbalmayo;Ekombitie;village
cameroun;CM002;Centre;CM002010;Nyong-et-So'o;CM002010006;Nkolmetet;Nkoloveng;village
cameroun;CM002;Centre;CM002010;Nyong-et-So'o;CM002010006;Nkolmetet;Mbga;village
cameroun;CM002;Centre;CM002010;Nyong-et-So'o;CM002010003;Mbalmayo;Memiam;village
cameroun;CM002;Centre;CM002010;Nyong-et-So'o;CM002010003;Mbalmayo;Ndik;village
cameroun;CM002;Centre;CM002010;Nyong-et-So'o;CM002010006;Nkolmetet;Mbga;village
cameroun;CM002;Centre;CM002010;Nyong-et-So'o;CM002010006;Nkolmetet;Yop;village
cameroun;CM002;Centre;CM002010;Nyong-et-So'o;CM002010006;Nkolmetet;Nkolngui;village
cameroun;CM002;Centre;CM002010;Nyong-et-So'o;CM002010006;Nkolmetet;Elende;village
cameroun;CM002;Centre;CM002010;Nyong-et-So'o;CM002010006;Nkolmetet;Ebomsi;village
cameroun;CM002;Centre;CM002010;Nyong-et-So'o;CM002010002;Dzeng;Avl;village
cameroun;CM002;Centre;CM002010;Nyong-et-So'o;CM002010002;Dzeng;Deido;village
cameroun;CM002;Centre;CM002010;Nyong-et-So'o;CM002010002;Dzeng;Onyi;village
cameroun;CM002;Centre;CM002010;Nyong-et-So'o;CM002010002;Dzeng;Mbanga;town
cameroun;CM002;Centre;CM002010;Nyong-et-So'o;CM002010002;Dzeng;Adoum;village
cameroun;CM002;Centre;CM002010;Nyong-et-So'o;CM002010002;Dzeng;Ekinguili;village
cameroun;CM002;Centre;CM002010;Nyong-et-So'o;CM002010002;Dzeng;Ebomkop I;village
cameroun;CM002;Centre;CM002010;Nyong-et-So'o;CM002010002;Dzeng;Ebomkop II;village
cameroun;CM002;Centre;CM002009;Nyong-et-Mfoumou;CM002009003;Endom;Nkolmeki;village
cameroun;CM002;Centre;CM002010;Nyong-et-So'o;CM002010006;Nkolmetet;Bizok;village
cameroun;CM002;Centre;CM002010;Nyong-et-So'o;CM002010006;Nkolmetet;Obout;village
cameroun;CM002;Centre;CM002010;Nyong-et-So'o;CM002010006;Nkolmetet;Nkolkabeli;village
cameroun;CM002;Centre;CM002010;Nyong-et-So'o;CM002010006;Nkolmetet;Nkolya;village
cameroun;CM002;Centre;CM002010;Nyong-et-So'o;CM002010006;Nkolmetet;Ekekam;village
cameroun;CM002;Centre;CM002010;Nyong-et-So'o;CM002010006;Nkolmetet;Nkolmetet;town
cameroun;CM002;Centre;CM002010;Nyong-et-So'o;CM002010006;Nkolmetet;Mbama;village
cameroun;CM002;Centre;CM002010;Nyong-et-So'o;CM002010006;Nkolmetet;Mengueme;village
cameroun;CM002;Centre;CM002010;Nyong-et-So'o;CM002010006;Nkolmetet;Ayen;village
cameroun;CM002;Centre;CM002010;Nyong-et-So'o;CM002010006;Nkolmetet;Nkolsoo;village
cameroun;CM002;Centre;CM002010;Nyong-et-So'o;CM002010006;Nkolmetet;Efet;village
cameroun;CM002;Centre;CM002010;Nyong-et-So'o;CM002010001;Akoeman;Angongui;village
cameroun;CM009;Sud;CM009001;Dja-et-Lobo;CM009001008;Zoetele;Mebele;village
cameroun;CM009;Sud;CM009001;Dja-et-Lobo;CM009001008;Zoetele;Messam;village
cameroun;CM009;Sud;CM009001;Dja-et-Lobo;CM009001008;Zoetele;Mvoutessi;village
cameroun;CM009;Sud;CM009001;Dja-et-Lobo;CM009001008;Zoetele;Ngolbang;village
cameroun;CM009;Sud;CM009001;Dja-et-Lobo;CM009001008;Zoetele;Abangok;village
cameroun;CM009;Sud;CM009001;Dja-et-Lobo;CM009001008;Zoetele;Kondmeyos;village
cameroun;CM009;Sud;CM009001;Dja-et-Lobo;CM009001008;Zoetele;Oveng;village
cameroun;CM009;Sud;CM009001;Dja-et-Lobo;CM009001008;Zoetele;Meba;village
cameroun;CM009;Sud;CM009001;Dja-et-Lobo;CM009001008;Zoetele;Etoto;village
cameroun;CM009;Sud;CM009001;Dja-et-Lobo;CM009001008;Zoetele;Esselafan;village
cameroun;CM009;Sud;CM009001;Dja-et-Lobo;CM009001008;Zoetele;Ngomedzap;town
cameroun;CM009;Sud;CM009001;Dja-et-Lobo;CM009001008;Zoetele;Ebambina I;village
cameroun;CM009;Sud;CM009001;Dja-et-Lobo;CM009001008;Zoetele;Ebambina II;village
cameroun;CM009;Sud;CM009001;Dja-et-Lobo;CM009001008;Zoetele;Fibot;village
cameroun;CM009;Sud;CM009001;Dja-et-Lobo;CM009001008;Zoetele;Okod;village
cameroun;CM002;Centre;CM002010;Nyong-et-So'o;CM002010006;Nkolmetet;Nkout;village
cameroun;CM009;Sud;CM009001;Dja-et-Lobo;CM009001008;Zoetele;Enyeng;village
cameroun;CM002;Centre;CM002010;Nyong-et-So'o;CM002010006;Nkolmetet;Nkoltombo;village
cameroun;CM002;Centre;CM002010;Nyong-et-So'o;CM002010006;Nkolmetet;Melomba;village
cameroun;CM002;Centre;CM002010;Nyong-et-So'o;CM002010006;Nkolmetet;Awa;village
cameroun;CM002;Centre;CM002010;Nyong-et-So'o;CM002010006;Nkolmetet;Nsessougou;village
cameroun;CM002;Centre;CM002010;Nyong-et-So'o;CM002010006;Nkolmetet;Ngoantet;village
cameroun;CM002;Centre;CM002010;Nyong-et-So'o;CM002010006;Nkolmetet;Bikoko;village
cameroun;CM002;Centre;CM002010;Nyong-et-So'o;CM002010006;Nkolmetet;Kondessong;village
cameroun;CM002;Centre;CM002010;Nyong-et-So'o;CM002010006;Nkolmetet;Olamndo;village
cameroun;CM002;Centre;CM002009;Nyong-et-Mfoumou;CM002009003;Endom;Man;village
cameroun;CM002;Centre;CM002010;Nyong-et-So'o;CM002010002;Dzeng;Minimfoumou;village
cameroun;CM002;Centre;CM002010;Nyong-et-So'o;CM002010002;Dzeng;Nkolenlong;village
cameroun;CM002;Centre;CM002010;Nyong-et-So'o;CM002010002;Dzeng;Biyebe;village
cameroun;CM002;Centre;CM002010;Nyong-et-So'o;CM002010002;Dzeng;Mendok;village
cameroun;CM002;Centre;CM002010;Nyong-et-So'o;CM002010002;Dzeng;Bissep;village
cameroun;CM002;Centre;CM002010;Nyong-et-So'o;CM002010002;Dzeng;Nsanlassi;village
cameroun;CM002;Centre;CM002010;Nyong-et-So'o;CM002010002;Dzeng;Awa;village
cameroun;CM002;Centre;CM002010;Nyong-et-So'o;CM002010002;Dzeng;Ayan;village
cameroun;CM002;Centre;CM002009;Nyong-et-Mfoumou;CM002009003;Endom;Mbalentom;village
cameroun;CM002;Centre;CM002009;Nyong-et-Mfoumou;CM002009003;Endom;Bikoman;village
cameroun;CM002;Centre;CM002010;Nyong-et-So'o;CM002010002;Dzeng;Kat;village
cameroun;CM002;Centre;CM002010;Nyong-et-So'o;CM002010002;Dzeng;Ngok;village
cameroun;CM002;Centre;CM002010;Nyong-et-So'o;CM002010002;Dzeng;Abang II;village
cameroun;CM002;Centre;CM002009;Nyong-et-Mfoumou;CM002009003;Endom;Ababita;village
cameroun;CM002;Centre;CM002009;Nyong-et-Mfoumou;CM002009003;Endom;Ndembene;village
cameroun;CM002;Centre;CM002009;Nyong-et-Mfoumou;CM002009003;Endom;Mengba;village
cameroun;CM002;Centre;CM002009;Nyong-et-Mfoumou;CM002009003;Endom;Emanemvam;village
cameroun;CM002;Centre;CM002009;Nyong-et-Mfoumou;CM002009003;Endom;Eboufek;village
cameroun;CM002;Centre;CM002009;Nyong-et-Mfoumou;CM002009003;Endom;Eboman;village
cameroun;CM002;Centre;CM002009;Nyong-et-Mfoumou;CM002009003;Endom;Nkooveng;village
cameroun;CM002;Centre;CM002009;Nyong-et-Mfoumou;CM002009003;Endom;Mebassa;village
cameroun;CM002;Centre;CM002009;Nyong-et-Mfoumou;CM002009003;Endom;Beta;village
cameroun;CM002;Centre;CM002009;Nyong-et-Mfoumou;CM002009003;Endom;Amvom;village
cameroun;CM002;Centre;CM002009;Nyong-et-Mfoumou;CM002009003;Endom;Abanga;village
cameroun;CM002;Centre;CM002009;Nyong-et-Mfoumou;CM002009003;Endom;Meyo;village
cameroun;CM002;Centre;CM002010;Nyong-et-So'o;CM002010002;Dzeng;Bembe;village
cameroun;CM002;Centre;CM002009;Nyong-et-Mfoumou;CM002009001;Akonolinga;Medjap;village
cameroun;CM002;Centre;CM002009;Nyong-et-Mfoumou;CM002009001;Akonolinga;Eboman;village
cameroun;CM002;Centre;CM002009;Nyong-et-Mfoumou;CM002009001;Akonolinga;Ekombiti;village
cameroun;CM002;Centre;CM002009;Nyong-et-Mfoumou;CM002009003;Endom;Biba;village
cameroun;CM002;Centre;CM002009;Nyong-et-Mfoumou;CM002009001;Akonolinga;Bikoum;village
cameroun;CM002;Centre;CM002009;Nyong-et-Mfoumou;CM002009003;Endom;Akak;village
cameroun;CM002;Centre;CM002009;Nyong-et-Mfoumou;CM002009003;Endom;Mebomo;village
cameroun;CM002;Centre;CM002009;Nyong-et-Mfoumou;CM002009001;Akonolinga;Nkout;village
cameroun;CM002;Centre;CM002009;Nyong-et-Mfoumou;CM002009001;Akonolinga;Sololo;village
cameroun;CM002;Centre;CM002009;Nyong-et-Mfoumou;CM002009003;Endom;Nkomendeng;village
cameroun;CM002;Centre;CM002009;Nyong-et-Mfoumou;CM002009003;Endom;Medjeme II;village
cameroun;CM009;Sud;CM009001;Dja-et-Lobo;CM009001008;Zoetele;Engoudouk;village
cameroun;CM009;Sud;CM009001;Dja-et-Lobo;CM009001008;Zoetele;Mbedoumou;village
cameroun;CM009;Sud;CM009001;Dja-et-Lobo;CM009001008;Zoetele;Nkolkas;village
cameroun;CM009;Sud;CM009001;Dja-et-Lobo;CM009001008;Zoetele;Mebang;village
cameroun;CM009;Sud;CM009001;Dja-et-Lobo;CM009001008;Zoetele;Nkilzok;village
cameroun;CM009;Sud;CM009001;Dja-et-Lobo;CM009001008;Zoetele;Ndl;village
cameroun;CM009;Sud;CM009001;Dja-et-Lobo;CM009001003;Meyomessala;Ebezom;village
cameroun;CM009;Sud;CM009001;Dja-et-Lobo;CM009001003;Meyomessala;Nkolessas;village
cameroun;CM009;Sud;CM009001;Dja-et-Lobo;CM009001003;Meyomessala;Nkomo;village
cameroun;CM009;Sud;CM009001;Dja-et-Lobo;CM009001003;Meyomessala;Bite'ebo;village
cameroun;CM009;Sud;CM009001;Dja-et-Lobo;CM009001008;Zoetele;Bissoo;village
cameroun;CM009;Sud;CM009001;Dja-et-Lobo;CM009001003;Meyomessala;Olong;village
cameroun;CM009;Sud;CM009001;Dja-et-Lobo;CM009001003;Meyomessala;Ondondo;village
cameroun;CM009;Sud;CM009001;Dja-et-Lobo;CM009001003;Meyomessala;Nkoleyop;village
cameroun;CM009;Sud;CM009001;Dja-et-Lobo;CM009001007;Sangmelima;Bibouloumam;village
cameroun;CM009;Sud;CM009001;Dja-et-Lobo;CM009001007;Sangmelima;Ngom;village
cameroun;CM001;Adamaoua;CM001004;Mbr;CM001004003;Meiganga;Kpagoung;village
cameroun;CM001;Adamaoua;CM001004;Mbr;CM001004003;Meiganga;Bounou;village
cameroun;CM001;Adamaoua;CM001004;Mbr;CM001004003;Meiganga;Nandk;village
cameroun;CM001;Adamaoua;CM001004;Mbr;CM001004003;Meiganga;Sabon Gari;village
cameroun;CM001;Adamaoua;CM001004;Mbr;CM001004003;Meiganga;Djallo;village
cameroun;CM001;Adamaoua;CM001004;Mbr;CM001004003;Meiganga;Nandeke;village
cameroun;CM001;Adamaoua;CM001004;Mbr;CM001004003;Meiganga;Gbakaya;village
cameroun;CM001;Adamaoua;CM001004;Mbr;CM001004003;Meiganga;Mabl;village
cameroun;CM001;Adamaoua;CM001004;Mbr;CM001004003;Meiganga;Meidougou;town
cameroun;CM001;Adamaoua;CM001004;Mbr;CM001004003;Meiganga;Bougi;village
cameroun;CM001;Adamaoua;CM001004;Mbr;CM001004003;Meiganga;Samaki;village
cameroun;CM001;Adamaoua;CM001004;Mbr;CM001004003;Meiganga;Binaka;village
cameroun;CM001;Adamaoua;CM001004;Mbr;CM001004003;Meiganga;Kalaldi;village
cameroun;CM001;Adamaoua;CM001004;Mbr;CM001004003;Meiganga;Bindiba;town
cameroun;CM001;Adamaoua;CM001004;Mbr;CM001004001;Dir;Badzer;village
cameroun;CM001;Adamaoua;CM001004;Mbr;CM001004001;Dir;Bekasiki;village
cameroun;CM001;Adamaoua;CM001004;Mbr;CM001004001;Dir;Laoudeng;village
cameroun;CM001;Adamaoua;CM001004;Mbr;CM001004003;Meiganga;Kaka;village
cameroun;CM001;Adamaoua;CM001004;Mbr;CM001004003;Meiganga;Golori;village
cameroun;CM001;Adamaoua;CM001004;Mbr;CM001004003;Meiganga;Ancien Baina;village
cameroun;CM003;Est;CM003004;Lom-et-Djrem;CM003004004;Betare-Oya;Kongolo;village
cameroun;CM003;Est;CM003004;Lom-et-Djrem;CM003004004;Betare-Oya;Mabl;village
cameroun;CM003;Est;CM003004;Lom-et-Djrem;CM003004004;Betare-Oya;Dang Patou;village
cameroun;CM003;Est;CM003004;Lom-et-Djrem;CM003004004;Betare-Oya;Djaoro Mbali;village
cameroun;CM003;Est;CM003004;Lom-et-Djrem;CM003004004;Betare-Oya;Daboule;village
cameroun;CM001;Adamaoua;CM001004;Mbr;CM001004001;Dir;Bindiba;village
cameroun;CM001;Adamaoua;CM001004;Mbr;CM001004001;Dir;Mboula;village
cameroun;CM001;Adamaoua;CM001004;Mbr;CM001004001;Dir;Doua;village
cameroun;CM001;Adamaoua;CM001004;Mbr;CM001004003;Meiganga;Ancien Kalaldi;village
cameroun;CM001;Adamaoua;CM001004;Mbr;CM001004003;Meiganga;Angelo;village
cameroun;CM001;Adamaoua;CM001004;Mbr;CM001004003;Meiganga;Nminaka;village
cameroun;CM001;Adamaoua;CM001004;Mbr;CM001004003;Meiganga;Mboulai;village
cameroun;CM001;Adamaoua;CM001005;Vina;CM001005008;Nyambaka;Soukounga;village
cameroun;CM001;Adamaoua;CM001004;Mbr;CM001004003;Meiganga;Manbaka;village
cameroun;CM001;Adamaoua;CM001005;Vina;CM001005008;Nyambaka;Katil Mboum;village
cameroun;CM001;Adamaoua;CM001005;Vina;CM001005008;Nyambaka;Wanden;village
cameroun;CM001;Adamaoua;CM001005;Vina;CM001005008;Nyambaka;Malam Hman;village
cameroun;CM001;Adamaoua;CM001005;Vina;CM001005008;Nyambaka;Nminaka;village
cameroun;CM001;Adamaoua;CM001005;Vina;CM001005008;Nyambaka;Katit-Foulba;village
cameroun;CM001;Adamaoua;CM001005;Vina;CM001005008;Nyambaka;Wassande Barriere;village
cameroun;CM001;Adamaoua;CM001005;Vina;CM001005008;Nyambaka;Mangoli;village
cameroun;CM001;Adamaoua;CM001005;Vina;CM001005008;Nyambaka;Mbidou;village
cameroun;CM001;Adamaoua;CM001005;Vina;CM001005008;Nyambaka;Mbr;village
cameroun;CM001;Adamaoua;CM001005;Vina;CM001005008;Nyambaka;Kello;village
cameroun;CM001;Adamaoua;CM001005;Vina;CM001005008;Nyambaka;Mogmo;village
cameroun;CM001;Adamaoua;CM001005;Vina;CM001005008;Nyambaka;Wassande;village
cameroun;CM001;Adamaoua;CM001005;Vina;CM001005008;Nyambaka;Idool;village
cameroun;CM001;Adamaoua;CM001005;Vina;CM001005008;Nyambaka;Mbalang-Sanga;village
cameroun;CM001;Adamaoua;CM001005;Vina;CM001005008;Nyambaka;Tourningal;village
cameroun;CM001;Adamaoua;CM001005;Vina;CM001005004;Nganha;Foundoy;village
cameroun;CM001;Adamaoua;CM001005;Vina;CM001005004;Nganha;Ngaoumbam;village
cameroun;CM001;Adamaoua;CM001005;Vina;CM001005004;Nganha;Ngangueu;village
cameroun;CM001;Adamaoua;CM001005;Vina;CM001005004;Nganha;Hone Mbal 1;village
cameroun;CM001;Adamaoua;CM001005;Vina;CM001005004;Nganha;Mboudjou;village
cameroun;CM001;Adamaoua;CM001005;Vina;CM001005004;Nganha;Koobatse;village
cameroun;CM001;Adamaoua;CM001005;Vina;CM001005004;Nganha;Yelwa;village
cameroun;CM001;Adamaoua;CM001005;Vina;CM001005004;Nganha;Ouber;village
cameroun;CM001;Adamaoua;CM001005;Vina;CM001005008;Nyambaka;Galdi;village
cameroun;CM001;Adamaoua;CM001005;Vina;CM001005008;Nyambaka;Wari;village
cameroun;CM001;Adamaoua;CM001005;Vina;CM001005008;Nyambaka;Bandal;village
cameroun;CM001;Adamaoua;CM001005;Vina;CM001005008;Nyambaka;Belel-Dibi;village
cameroun;CM001;Adamaoua;CM001005;Vina;CM001005008;Nyambaka;Dimako;village
cameroun;CM001;Adamaoua;CM001005;Vina;CM001005008;Nyambaka;Massanpou;village
cameroun;CM001;Adamaoua;CM001005;Vina;CM001005004;Nganha;Mbang Sang;village
cameroun;CM001;Adamaoua;CM001005;Vina;CM001005004;Nganha;Ouro Harou;village
cameroun;CM001;Adamaoua;CM001005;Vina;CM001005004;Nganha;Mbalang-Djalingo;village
cameroun;CM008;Ouest;CM008006;Mifi;CM008006002;Bafoussam 2e;Tchada II;village
cameroun;CM008;Ouest;CM008006;Mifi;CM008006002;Bafoussam 2e;Tchada;village
cameroun;CM008;Ouest;CM008006;Mifi;CM008006002;Bafoussam 2e;Konti;village
cameroun;CM008;Ouest;CM008006;Mifi;CM008006002;Bafoussam 2e;Baleng;town
cameroun;CM008;Ouest;CM008006;Mifi;CM008006003;Bafoussam 3e;La'tsit;village
cameroun;CM008;Ouest;CM008006;Mifi;CM008006002;Bafoussam 2e;Bapi;village
cameroun;CM008;Ouest;CM008006;Mifi;CM008006002;Bafoussam 2e;Balatchouet;village
cameroun;CM008;Ouest;CM008006;Mifi;CM008006002;Bafoussam 2e;Bandeng;village
cameroun;CM008;Ouest;CM008006;Mifi;CM008006002;Bafoussam 2e;Banefo-mifi;village
cameroun;CM008;Ouest;CM008001;Bamboutos;CM008001004;Mbouda;Nansap;village
cameroun;CM008;Ouest;CM008001;Bamboutos;CM008001004;Mbouda;Laloum;village
cameroun;CM008;Ouest;CM008001;Bamboutos;CM008001004;Mbouda;Bakoga;village
cameroun;CM008;Ouest;CM008001;Bamboutos;CM008001004;Mbouda;Bamendjinda;village
cameroun;CM008;Ouest;CM008001;Bamboutos;CM008001004;Mbouda;Bajinso;village
cameroun;CM008;Ouest;CM008001;Bamboutos;CM008001004;Mbouda;Bamenkombo;village
cameroun;CM008;Ouest;CM008006;Mifi;CM008006003;Bafoussam 3e;Bamougoum;town
cameroun;CM008;Ouest;CM008006;Mifi;CM008006003;Bafoussam 3e;Kessa;village
cameroun;CM008;Ouest;CM008005;Menoua;CM008005005;Penka-Michel;Batcho;village
cameroun;CM008;Ouest;CM008001;Bamboutos;CM008001004;Mbouda;Ntcheupi;village
cameroun;CM008;Ouest;CM008001;Bamboutos;CM008001004;Mbouda;Bafounda;village
cameroun;CM008;Ouest;CM008001;Bamboutos;CM008001004;Mbouda;Batsela;village
cameroun;CM008;Ouest;CM008001;Bamboutos;CM008001002;Batcham;Bamendjo;village
cameroun;CM008;Ouest;CM008005;Menoua;CM008005005;Penka-Michel;Letsi;village
cameroun;CM008;Ouest;CM008001;Bamboutos;CM008001002;Batcham;Wang;village
cameroun;CM008;Ouest;CM008005;Menoua;CM008005005;Penka-Michel;Balessing;village
cameroun;CM008;Ouest;CM008001;Bamboutos;CM008001002;Batcham;Batcham Chefferie;village
cameroun;CM008;Ouest;CM008001;Bamboutos;CM008001002;Batcham;Bamenka;village
cameroun;CM008;Ouest;CM008001;Bamboutos;CM008001002;Batcham;Bambie;village
cameroun;CM008;Ouest;CM008001;Bamboutos;CM008001004;Mbouda;Tio;village
cameroun;CM008;Ouest;CM008001;Bamboutos;CM008001004;Mbouda;Banok;village
cameroun;CM004;Extrme-Nord;CM004001;Diamar;CM004001004;Maroua 1er;Pont Ngassa;village
cameroun;CM004;Extrme-Nord;CM004001;Diamar;CM004001004;Maroua 1er;Djimi;village
cameroun;CM004;Extrme-Nord;CM004001;Diamar;CM004001004;Maroua 1er;Makabaye;village
cameroun;CM004;Extrme-Nord;CM004001;Diamar;CM004001005;Maroua 2e;Missingueleo;village
cameroun;CM004;Extrme-Nord;CM004001;Diamar;CM004001005;Maroua 2e;Djarengol;village
cameroun;CM004;Extrme-Nord;CM004001;Diamar;CM004001007;Meri;Mambang;village
cameroun;CM004;Extrme-Nord;CM004001;Diamar;CM004001004;Maroua 1er;Tchofa Bani 1;village
cameroun;CM004;Extrme-Nord;CM004001;Diamar;CM004001007;Meri;Zakaliao;village
cameroun;CM004;Extrme-Nord;CM004001;Diamar;CM004001007;Meri;Zalla;village
cameroun;CM004;Extrme-Nord;CM004001;Diamar;CM004001004;Maroua 1er;Dakar;village
cameroun;CM004;Extrme-Nord;CM004001;Diamar;CM004001004;Maroua 1er;Zokok Laddeo;village
cameroun;CM004;Extrme-Nord;CM004001;Diamar;CM004001004;Maroua 1er;Douka;village
cameroun;CM004;Extrme-Nord;CM004001;Diamar;CM004001004;Maroua 1er;Ouro Tchede;village
cameroun;CM004;Extrme-Nord;CM004001;Diamar;CM004001004;Maroua 1er;Doyang;village
cameroun;CM004;Extrme-Nord;CM004001;Diamar;CM004001004;Maroua 1er;Doyang;village
cameroun;CM004;Extrme-Nord;CM004001;Diamar;CM004001004;Maroua 1er;Tchofa Bani 2;village
cameroun;CM004;Extrme-Nord;CM004001;Diamar;CM004001005;Maroua 2e;Zaika;village
cameroun;CM004;Extrme-Nord;CM004001;Diamar;CM004001004;Maroua 1er;Djongo;village
cameroun;CM004;Extrme-Nord;CM004001;Diamar;CM004001004;Maroua 1er;Palar;village
cameroun;CM004;Extrme-Nord;CM004001;Diamar;CM004001004;Maroua 1er;Madagascar;village
cameroun;CM004;Extrme-Nord;CM004001;Diamar;CM004001004;Maroua 1er;Moufoure;village
cameroun;CM004;Extrme-Nord;CM004001;Diamar;CM004001004;Maroua 1er;Djarengol;village
cameroun;CM004;Extrme-Nord;CM004001;Diamar;CM004001004;Maroua 1er;Batchar;village
cameroun;CM004;Extrme-Nord;CM004001;Diamar;CM004001004;Maroua 1er;Dougouf;village
cameroun;CM004;Extrme-Nord;CM004001;Diamar;CM004001004;Maroua 1er;Djoudgo;village
cameroun;CM004;Extrme-Nord;CM004001;Diamar;CM004001004;Maroua 1er;Ziling;village
cameroun;CM004;Extrme-Nord;CM004001;Diamar;CM004001004;Maroua 1er;Yonkole;village
cameroun;CM004;Extrme-Nord;CM004001;Diamar;CM004001004;Maroua 1er;Bawo Hossere;village
cameroun;CM004;Extrme-Nord;CM004001;Diamar;CM004001004;Maroua 1er;Bao Hossere 2;village
cameroun;CM004;Extrme-Nord;CM004001;Diamar;CM004001004;Maroua 1er;Bao Hossere 1;village
cameroun;CM004;Extrme-Nord;CM004001;Diamar;CM004001004;Maroua 1er;Gakle Hardeo;village
cameroun;CM004;Extrme-Nord;CM004001;Diamar;CM004001004;Maroua 1er;Gakle Taneo;village
cameroun;CM004;Extrme-Nord;CM004001;Diamar;CM004001004;Maroua 1er;Gakl;village
cameroun;CM004;Extrme-Nord;CM004001;Diamar;CM004001004;Maroua 1er;Louggol;village
cameroun;CM004;Extrme-Nord;CM004001;Diamar;CM004001004;Maroua 1er;Ouro Soba;village
cameroun;CM004;Extrme-Nord;CM004001;Diamar;CM004001004;Maroua 1er;Ngoyang;village
cameroun;CM004;Extrme-Nord;CM004001;Diamar;CM004001004;Maroua 1er;Meskine;village
cameroun;CM004;Extrme-Nord;CM004001;Diamar;CM004001004;Maroua 1er;Dingui;village
cameroun;CM004;Extrme-Nord;CM004001;Diamar;CM004001004;Maroua 1er;Ziling;village
cameroun;CM004;Extrme-Nord;CM004001;Diamar;CM004001004;Maroua 1er;Makoumba;village
cameroun;CM004;Extrme-Nord;CM004001;Diamar;CM004001004;Maroua 1er;Boudougou Katoual;village
cameroun;CM004;Extrme-Nord;CM004001;Diamar;CM004001004;Maroua 1er;Tambanangue;village
cameroun;CM004;Extrme-Nord;CM004001;Diamar;CM004001004;Maroua 1er;Domayo;village
cameroun;CM004;Extrme-Nord;CM004001;Diamar;CM004001004;Maroua 1er;Ouro Koutouloum;village
cameroun;CM004;Extrme-Nord;CM004001;Diamar;CM004001004;Maroua 1er;Ouro Bah;village
cameroun;CM004;Extrme-Nord;CM004001;Diamar;CM004001004;Maroua 1er;Boudougou Meskine;village
cameroun;CM004;Extrme-Nord;CM004001;Diamar;CM004001004;Maroua 1er;Wafango;village
cameroun;CM004;Extrme-Nord;CM004001;Diamar;CM004001004;Maroua 1er;Pitoa;village
cameroun;CM004;Extrme-Nord;CM004001;Diamar;CM004001004;Maroua 1er;Diagalay;village
cameroun;CM004;Extrme-Nord;CM004001;Diamar;CM004001004;Maroua 1er;Gramdjeo;village
cameroun;CM004;Extrme-Nord;CM004001;Diamar;CM004001004;Maroua 1er;Djarngol;village
cameroun;CM004;Extrme-Nord;CM004001;Diamar;CM004001004;Maroua 1er;Doubagala;village
cameroun;CM004;Extrme-Nord;CM004001;Diamar;CM004001004;Maroua 1er;Lougguere Boulli;village
cameroun;CM004;Extrme-Nord;CM004001;Diamar;CM004001004;Maroua 1er;Gala;village
cameroun;CM004;Extrme-Nord;CM004001;Diamar;CM004001004;Maroua 1er;Gala;village
cameroun;CM004;Extrme-Nord;CM004001;Diamar;CM004001004;Maroua 1er;Mbankara Bangui;village
cameroun;CM004;Extrme-Nord;CM004001;Diamar;CM004001004;Maroua 1er;Mbankara Nassarao Simboulam;village
cameroun;CM004;Extrme-Nord;CM004001;Diamar;CM004001004;Maroua 1er;Dourmbeling;village
cameroun;CM004;Extrme-Nord;CM004001;Diamar;CM004001004;Maroua 1er;Tambanangu;village
cameroun;CM004;Extrme-Nord;CM004001;Diamar;CM004001004;Maroua 1er;Yamdjidjin;village
cameroun;CM004;Extrme-Nord;CM004001;Diamar;CM004001004;Maroua 1er;Zoumba;village
cameroun;CM004;Extrme-Nord;CM004001;Diamar;CM004001004;Maroua 1er;Goutokoi;village
cameroun;CM004;Extrme-Nord;CM004001;Diamar;CM004001004;Maroua 1er;Beguele;village
cameroun;CM004;Extrme-Nord;CM004001;Diamar;CM004001004;Maroua 1er;Goubeo;village
cameroun;CM004;Extrme-Nord;CM004001;Diamar;CM004001004;Maroua 1er;Bilmiti;village
cameroun;CM004;Extrme-Nord;CM004001;Diamar;CM004001004;Maroua 1er;Djebeo;village
cameroun;CM004;Extrme-Nord;CM004001;Diamar;CM004001004;Maroua 1er;DEZELI;village
cameroun;CM004;Extrme-Nord;CM004001;Diamar;CM004001007;Meri;HADAW;village
cameroun;CM004;Extrme-Nord;CM004001;Diamar;CM004001007;Meri;Dourga;village
cameroun;CM004;Extrme-Nord;CM004001;Diamar;CM004001007;Meri;Kaliao;village
cameroun;CM004;Extrme-Nord;CM004001;Diamar;CM004001004;Maroua 1er;Kouloumoyo;village
cameroun;CM004;Extrme-Nord;CM004001;Diamar;CM004001007;Meri;Houdouvou;village
cameroun;CM004;Extrme-Nord;CM004001;Diamar;CM004001007;Meri;Dougour;village
cameroun;CM004;Extrme-Nord;CM004001;Diamar;CM004001007;Meri;Molof;village
cameroun;CM004;Extrme-Nord;CM004001;Diamar;CM004001007;Meri;Djebbe;village
cameroun;CM004;Extrme-Nord;CM004001;Diamar;CM004001007;Meri;Godola;village
cameroun;CM004;Extrme-Nord;CM004001;Diamar;CM004001007;Meri;Boudfedem;village
cameroun;CM004;Extrme-Nord;CM004001;Diamar;CM004001007;Meri;Ndiamtcholli;village
cameroun;CM004;Extrme-Nord;CM004001;Diamar;CM004001007;Meri;Godola Hossere;village
cameroun;CM004;Extrme-Nord;CM004001;Diamar;CM004001007;Meri;Katchounga;village
cameroun;CM004;Extrme-Nord;CM004001;Diamar;CM004001007;Meri;Houloum;village
cameroun;CM004;Extrme-Nord;CM004001;Diamar;CM004001007;Meri;Tchr;village
cameroun;CM002;Centre;CM002002;Leki;CM002002007;Obala;Ekkom;village
cameroun;CM002;Centre;CM002002;Leki;CM002002007;Obala;Nkoldouma;village
cameroun;CM002;Centre;CM002002;Leki;CM002002007;Obala;Eloa Ngazouma;village
cameroun;CM002;Centre;CM002002;Leki;CM002002007;Obala;Zoatoupsi;village
cameroun;CM002;Centre;CM002002;Leki;CM002002007;Obala;Endinding;village
cameroun;CM002;Centre;CM002002;Leki;CM002002007;Obala;Lengom;village
cameroun;CM002;Centre;CM002002;Leki;CM002002007;Obala;Nkolmelen;village
cameroun;CM002;Centre;CM002002;Leki;CM002002007;Obala;Foulassi;village
cameroun;CM002;Centre;CM002002;Leki;CM002002007;Obala;Ekoumdouma;village
cameroun;CM002;Centre;CM002002;Leki;CM002002007;Obala;Nkolmben;village
cameroun;CM002;Centre;CM002002;Leki;CM002002007;Obala;Nkolguem I;village
cameroun;CM002;Centre;CM002002;Leki;CM002002007;Obala;Nkolguem II;village
cameroun;CM002;Centre;CM002002;Leki;CM002002007;Obala;Nto;village
cameroun;CM002;Centre;CM002002;Leki;CM002002007;Obala;Mindjomo;village
cameroun;CM002;Centre;CM002002;Leki;CM002002007;Obala;Nkom-Ndamba;village
cameroun;CM002;Centre;CM002002;Leki;CM002002007;Obala;Esesang;village
cameroun;CM002;Centre;CM002002;Leki;CM002002007;Obala;Ymsoum I;village
cameroun;CM002;Centre;CM002002;Leki;CM002002007;Obala;Nkolmendouga;village
cameroun;CM002;Centre;CM002002;Leki;CM002002008;Okola;Mvog-Dzigui;village
cameroun;CM002;Centre;CM002002;Leki;CM002002007;Obala;Yemessoum II;village
cameroun;CM002;Centre;CM002002;Leki;CM002002007;Obala;Koud-Adeng;village
cameroun;CM002;Centre;CM002002;Leki;CM002002007;Obala;Mvouma;village
cameroun;CM002;Centre;CM002002;Leki;CM002002007;Obala;Nkom-efoufoum;village
cameroun;CM002;Centre;CM002002;Leki;CM002002007;Obala;Nkolndobo;village
cameroun;CM002;Centre;CM002002;Leki;CM002002007;Obala;Essele;village
cameroun;CM002;Centre;CM002002;Leki;CM002002008;Okola;Nkolbga;village
cameroun;CM002;Centre;CM002002;Leki;CM002002008;Okola;Ekabita-Tom;village
cameroun;CM002;Centre;CM002002;Leki;CM002002008;Okola;Bilono I;village
cameroun;CM002;Centre;CM002002;Leki;CM002002008;Okola;Okoukouda;village
cameroun;CM002;Centre;CM002002;Leki;CM002002008;Okola;Bilono II;village
cameroun;CM002;Centre;CM002002;Leki;CM002002008;Okola;Oban II;village
cameroun;CM002;Centre;CM002002;Leki;CM002002008;Okola;Nkolotomo;village
cameroun;CM002;Centre;CM002002;Leki;CM002002008;Okola;Ntsama;village
cameroun;CM002;Centre;CM002002;Leki;CM002002008;Okola;Oban I;village
cameroun;CM002;Centre;CM002002;Leki;CM002002008;Okola;Mvoua;village
cameroun;CM002;Centre;CM002002;Leki;CM002002007;Obala;Elig-kouma I;village
cameroun;CM002;Centre;CM002002;Leki;CM002002007;Obala;Elig-kouma II;village
cameroun;CM002;Centre;CM002002;Leki;CM002002007;Obala;Zima;village
cameroun;CM002;Centre;CM002002;Leki;CM002002007;Obala;Abono;village
cameroun;CM002;Centre;CM002002;Leki;CM002002003;Elig-Mfomo;Essl;village
cameroun;CM002;Centre;CM002002;Leki;CM002002007;Obala;Nkol-Tsogo I;village
cameroun;CM002;Centre;CM002002;Leki;CM002002007;Obala;Eton-Bidjoe;village
cameroun;CM002;Centre;CM002002;Leki;CM002002007;Obala;Elig-Tsogo;village
cameroun;CM002;Centre;CM002002;Leki;CM002002007;Obala;Nkol-Tsogo II;village
cameroun;CM002;Centre;CM002002;Leki;CM002002007;Obala;Mbakomo;village
cameroun;CM002;Centre;CM002002;Leki;CM002002003;Elig-Mfomo;Elig Ngomo;village
cameroun;CM002;Centre;CM002002;Leki;CM002002007;Obala;Ntsan;village
cameroun;CM002;Centre;CM002002;Leki;CM002002007;Obala;Tsk;village
cameroun;CM002;Centre;CM002002;Leki;CM002002007;Obala;Efok;village
cameroun;CM002;Centre;CM002002;Leki;CM002002007;Obala;Yemsoa III;village
cameroun;CM002;Centre;CM002002;Leki;CM002002007;Obala;Essong;village
cameroun;CM002;Centre;CM002002;Leki;CM002002003;Elig-Mfomo;Endama II;village
cameroun;CM002;Centre;CM002002;Leki;CM002002003;Elig-Mfomo;Nkolobang I;village
cameroun;CM002;Centre;CM002002;Leki;CM002002003;Elig-Mfomo;Endama I;village
cameroun;CM002;Centre;CM002002;Leki;CM002002003;Elig-Mfomo;Nkoldama;village
cameroun;CM002;Centre;CM002002;Leki;CM002002003;Elig-Mfomo;Nkolobang II;village
cameroun;CM002;Centre;CM002002;Leki;CM002002003;Elig-Mfomo;leukoukwa;village
cameroun;CM002;Centre;CM002002;Leki;CM002002003;Elig-Mfomo;Elig-Mfomo;town
cameroun;CM002;Centre;CM002002;Leki;CM002002003;Elig-Mfomo;Bodo;village
cameroun;CM002;Centre;CM002002;Leki;CM002002003;Elig-Mfomo;Elot kos;village
cameroun;CM002;Centre;CM002002;Leki;CM002002004;Evodoula;Mgbabang III;village
cameroun;CM002;Centre;CM002002;Leki;CM002002003;Elig-Mfomo;Nkok-Akom;village
cameroun;CM002;Centre;CM002002;Leki;CM002002008;Okola;Ndangueng;village
cameroun;CM002;Centre;CM002002;Leki;CM002002008;Okola;Mbleki;village
cameroun;CM002;Centre;CM002002;Leki;CM002002008;Okola;Mpong;village
cameroun;CM002;Centre;CM002002;Leki;CM002002008;Okola;Lki-Assi;village
cameroun;CM002;Centre;CM002002;Leki;CM002002007;Obala;Etoudi-Ayos;village
cameroun;CM002;Centre;CM002002;Leki;CM002002008;Okola;Louma;village
cameroun;CM002;Centre;CM002002;Leki;CM002002008;Okola;Nkolangoung;village
cameroun;CM002;Centre;CM002002;Leki;CM002002008;Okola;Oyama;village
cameroun;CM002;Centre;CM002002;Leki;CM002002008;Okola;Nkolmekouma;village
cameroun;CM002;Centre;CM002002;Leki;CM002002008;Okola;Okola;town
cameroun;CM002;Centre;CM002002;Leki;CM002002008;Okola;Lendom I;village
cameroun;CM002;Centre;CM002002;Leki;CM002002008;Okola;Lendom II;village
cameroun;CM002;Centre;CM002002;Leki;CM002002008;Okola;Ngong;village
cameroun;CM002;Centre;CM002002;Leki;CM002002008;Okola;Bitsingda;village
cameroun;CM002;Centre;CM002002;Leki;CM002002008;Okola;Konabeng;village
cameroun;CM002;Centre;CM002002;Leki;CM002002008;Okola;Nkam;village
cameroun;CM002;Centre;CM002002;Leki;CM002002008;Okola;Ekekam II;village
cameroun;CM002;Centre;CM002002;Leki;CM002002008;Okola;Mva'a II;village
cameroun;CM002;Centre;CM002002;Leki;CM002002008;Okola;Ekekam I;village
cameroun;CM002;Centre;CM002002;Leki;CM002002008;Okola;Nkongzok;village
cameroun;CM002;Centre;CM002002;Leki;CM002002008;Okola;Mva'a I;village
cameroun;CM002;Centre;CM002002;Leki;CM002002008;Okola;Ntuissong;village
cameroun;CM002;Centre;CM002002;Leki;CM002002008;Okola;vian;village
cameroun;CM002;Centre;CM002002;Leki;CM002002008;Okola;Minsoa II;village
cameroun;CM002;Centre;CM002002;Leki;CM002002008;Okola;Ngobassi;village
cameroun;CM002;Centre;CM002002;Leki;CM002002008;Okola;Song;village
cameroun;CM002;Centre;CM002002;Leki;CM002002008;Okola;Song-Onana;village
cameroun;CM002;Centre;CM002002;Leki;CM002002008;Okola;Onana;village
cameroun;CM002;Centre;CM002002;Leki;CM002002004;Evodoula;Bissogo;village
cameroun;CM002;Centre;CM002002;Leki;CM002002008;Okola;Ayos;village
cameroun;CM002;Centre;CM002002;Leki;CM002002004;Evodoula;Nguesse;village
cameroun;CM002;Centre;CM002002;Leki;CM002002004;Evodoula;Nkolngul;village
cameroun;CM002;Centre;CM002002;Leki;CM002002004;Evodoula;Pong solo;village
cameroun;CM002;Centre;CM002002;Leki;CM002002003;Elig-Mfomo;Elig-Zogo;village
cameroun;CM002;Centre;CM002002;Leki;CM002002008;Okola;Ebougsi;village
cameroun;CM002;Centre;CM002002;Leki;CM002002008;Okola;Evanvb;village
cameroun;CM002;Centre;CM002002;Leki;CM002002008;Okola;Ebanga;village
cameroun;CM002;Centre;CM002002;Leki;CM002002004;Evodoula;Mgbabang II;village
cameroun;CM002;Centre;CM002002;Leki;CM002002004;Evodoula;Mgbabang I;village
cameroun;CM002;Centre;CM002002;Leki;CM002002003;Elig-Mfomo;Bikogo;village
cameroun;CM002;Centre;CM002002;Leki;CM002002003;Elig-Mfomo;Mbomo;village
cameroun;CM002;Centre;CM002002;Leki;CM002002003;Elig-Mfomo;Nkolmba;village
cameroun;CM002;Centre;CM002002;Leki;CM002002003;Elig-Mfomo;Nkengu;village
cameroun;CM002;Centre;CM002002;Leki;CM002002003;Elig-Mfomo;Mvila;village
cameroun;CM002;Centre;CM002002;Leki;CM002002003;Elig-Mfomo;Kokodo I;village
cameroun;CM002;Centre;CM002002;Leki;CM002002003;Elig-Mfomo;Mbandouma I;village
cameroun;CM002;Centre;CM002002;Leki;CM002002003;Elig-Mfomo;Kokodo II;village
cameroun;CM002;Centre;CM002002;Leki;CM002002003;Elig-Mfomo;Poupouma;village
cameroun;CM002;Centre;CM002002;Leki;CM002002006;Monatele;Ngaba II;village
cameroun;CM002;Centre;CM002002;Leki;CM002002006;Monatele;Nkang;village
cameroun;CM002;Centre;CM002002;Leki;CM002002006;Monatele;Nkougouda II;village
cameroun;CM002;Centre;CM002002;Leki;CM002002006;Monatele;Nkolmtolo;village
cameroun;CM002;Centre;CM002002;Leki;CM002002006;Monatele;Oloumsang;village
cameroun;CM002;Centre;CM002002;Leki;CM002002006;Monatele;Emana;village
cameroun;CM002;Centre;CM002002;Leki;CM002002006;Monatele;Nkog-Edzen;village
cameroun;CM002;Centre;CM002002;Leki;CM002002006;Monatele;Biligbikot;village
cameroun;CM002;Centre;CM002002;Leki;CM002002006;Monatele;Kougouda I;village
cameroun;CM002;Centre;CM002002;Leki;CM002002006;Monatele;Nkog-Bong;village
cameroun;CM002;Centre;CM002002;Leki;CM002002006;Monatele;Etaka;village
cameroun;CM002;Centre;CM002002;Leki;CM002002003;Elig-Mfomo;Enobita;village
cameroun;CM002;Centre;CM002002;Leki;CM002002003;Elig-Mfomo;Mbandouma II;village
cameroun;CM002;Centre;CM002002;Leki;CM002002003;Elig-Mfomo;Niga;village
cameroun;CM002;Centre;CM002002;Leki;CM002002006;Monatele;Nkolv;village
cameroun;CM002;Centre;CM002002;Leki;CM002002006;Monatele;Nkog-Ekogo;village
cameroun;CM002;Centre;CM002002;Leki;CM002002006;Monatele;Lki;village
cameroun;CM002;Centre;CM002002;Leki;CM002002003;Elig-Mfomo;Mtche;village
cameroun;CM002;Centre;CM002002;Leki;CM002002003;Elig-Mfomo;Yemsoa II;village
cameroun;CM002;Centre;CM002002;Leki;CM002002006;Monatele;Nkoltomo III;village
cameroun;CM002;Centre;CM002002;Leki;CM002002006;Monatele;Elon;village
cameroun;CM002;Centre;CM002002;Leki;CM002002006;Monatele;Nkolkayi;village
cameroun;CM002;Centre;CM002002;Leki;CM002002006;Monatele;Ngomo Village;village
cameroun;CM002;Centre;CM002002;Leki;CM002002006;Monatele;Ngomo Centre;village
cameroun;CM002;Centre;CM002002;Leki;CM002002006;Monatele;zzang;village
cameroun;CM002;Centre;CM002002;Leki;CM002002006;Monatele;Ebanga;village
cameroun;CM002;Centre;CM002002;Leki;CM002002002;Ebebda;Ekom;village
cameroun;CM002;Centre;CM002002;Leki;CM002002002;Ebebda;Nkoltgu;village
cameroun;CM002;Centre;CM002002;Leki;CM002002002;Ebebda;Mengon;village
cameroun;CM002;Centre;CM002002;Leki;CM002002002;Ebebda;Zokogo;village
cameroun;CM002;Centre;CM002002;Leki;CM002002002;Ebebda;Endoum;village
cameroun;CM002;Centre;CM002002;Leki;CM002002006;Monatele;Nkolossang;village
cameroun;CM002;Centre;CM002002;Leki;CM002002006;Monatele;Polo II;village
cameroun;CM002;Centre;CM002002;Leki;CM002002006;Monatele;Polo I;village
cameroun;CM002;Centre;CM002002;Leki;CM002002009;Saa;Man Elon;village
cameroun;CM002;Centre;CM002002;Leki;CM002002009;Saa;Elig messi;village
cameroun;CM002;Centre;CM002002;Leki;CM002002002;Ebebda;bong;village
cameroun;CM002;Centre;CM002002;Leki;CM002002009;Saa;Ebogo;village
cameroun;CM002;Centre;CM002002;Leki;CM002002002;Ebebda;Koan;village
cameroun;CM002;Centre;CM002002;Leki;CM002002002;Ebebda;Elig-Ngolo;village
cameroun;CM002;Centre;CM002002;Leki;CM002002002;Ebebda;Nlongzok;village
cameroun;CM002;Centre;CM002002;Leki;CM002002002;Ebebda;Etam-kouma;village
cameroun;CM002;Centre;CM002002;Leki;CM002002006;Monatele;Olong;village
cameroun;CM002;Centre;CM002002;Leki;CM002002002;Ebebda;Ngok-Leva;village
cameroun;CM002;Centre;CM002002;Leki;CM002002002;Ebebda;Ngoksa;village
cameroun;CM002;Centre;CM002002;Leki;CM002002002;Ebebda;Lka;village
cameroun;CM002;Centre;CM002002;Leki;CM002002006;Monatele;Mlen;village
cameroun;CM002;Centre;CM002002;Leki;CM002002006;Monatele;Abangnang;village
cameroun;CM002;Centre;CM002002;Leki;CM002002006;Monatele;Nna;village
cameroun;CM002;Centre;CM002002;Leki;CM002002006;Monatele;Lendong;village
cameroun;CM002;Centre;CM002002;Leki;CM002002006;Monatele;Bilik-Bindik;village
cameroun;CM002;Centre;CM002002;Leki;CM002002006;Monatele;Nkombendama;village
cameroun;CM002;Centre;CM002002;Leki;CM002002006;Monatele;Bikogo;village
cameroun;CM002;Centre;CM002002;Leki;CM002002002;Ebebda;Nga;village
cameroun;CM002;Centre;CM002002;Leki;CM002002002;Ebebda;Ebebda;town
cameroun;CM002;Centre;CM002002;Leki;CM002002006;Monatele;Egom;village
cameroun;CM002;Centre;CM002002;Leki;CM002002002;Ebebda;Djounyat;village
cameroun;CM002;Centre;CM002002;Leki;CM002002002;Ebebda;Ebebda II;village
cameroun;CM002;Centre;CM002002;Leki;CM002002006;Monatele;Nkolossang;village
cameroun;CM002;Centre;CM002002;Leki;CM002002006;Monatele;Nkolmessongo;village
cameroun;CM002;Centre;CM002002;Leki;CM002002006;Monatele;Tsang;village
cameroun;CM002;Centre;CM002002;Leki;CM002002006;Monatele;Nkolmeyos;village
cameroun;CM002;Centre;CM002002;Leki;CM002002006;Monatele;Nkolkoss;village
cameroun;CM002;Centre;CM002002;Leki;CM002002006;Monatele;Nkolb;village
cameroun;CM002;Centre;CM002002;Leki;CM002002006;Monatele;Nkolngok;village
cameroun;CM002;Centre;CM002002;Leki;CM002002006;Monatele;Obang;village
cameroun;CM002;Centre;CM002002;Leki;CM002002006;Monatele;Monatl II;village
cameroun;CM002;Centre;CM002002;Leki;CM002002006;Monatele;Mvomekak II;village
cameroun;CM002;Centre;CM002002;Leki;CM002002006;Monatele;bolmongo;village
cameroun;CM002;Centre;CM002002;Leki;CM002002006;Monatele;Mgbaba I;village
cameroun;CM002;Centre;CM002002;Leki;CM002002006;Monatele;Zobsila;village
cameroun;CM002;Centre;CM002002;Leki;CM002002006;Monatele;Ovang;village
cameroun;CM002;Centre;CM002002;Leki;CM002002006;Monatele;Monabo;village
cameroun;CM002;Centre;CM002002;Leki;CM002002006;Monatele;Mvomkak;village
cameroun;CM002;Centre;CM002002;Leki;CM002002006;Monatele;Ekekom;village
cameroun;CM002;Centre;CM002002;Leki;CM002002006;Monatele;Nkolfep;village
cameroun;CM002;Centre;CM002002;Leki;CM002002006;Monatele;Lkoun;village
cameroun;CM002;Centre;CM002002;Leki;CM002002006;Monatele;Ebondengue;village
cameroun;CM002;Centre;CM002002;Leki;CM002002006;Monatele;Nkolonana;village
cameroun;CM002;Centre;CM002002;Leki;CM002002006;Monatele;Nkombibam II;village
cameroun;CM002;Centre;CM002002;Leki;CM002002006;Monatele;Nkombibam I;village
cameroun;CM002;Centre;CM002002;Leki;CM002002006;Monatele;Ekoumabang;village
cameroun;CM002;Centre;CM002002;Leki;CM002002006;Monatele;Nkongmessa;village
cameroun;CM002;Centre;CM002002;Leki;CM002002006;Monatele;Allogne I;village
cameroun;CM002;Centre;CM002002;Leki;CM002002006;Monatele;Nkongmesse I;village
cameroun;CM002;Centre;CM002002;Leki;CM002002006;Monatele;Nkolowono;village
cameroun;CM002;Centre;CM002002;Leki;CM002002006;Monatele;Nkongmesse II;village
cameroun;CM002;Centre;CM002002;Leki;CM002002006;Monatele;Avoh;village
cameroun;CM002;Centre;CM002002;Leki;CM002002006;Monatele;Nkolossananga;village
cameroun;CM002;Centre;CM002002;Leki;CM002002006;Monatele;Okokodo;village
cameroun;CM002;Centre;CM002002;Leki;CM002002006;Monatele;Allogne II;village
cameroun;CM002;Centre;CM002002;Leki;CM002002006;Monatele;Allogne III;village
cameroun;CM002;Centre;CM002002;Leki;CM002002006;Monatele;Mong;village
cameroun;CM002;Centre;CM002002;Leki;CM002002006;Monatele;Levem;village
cameroun;CM002;Centre;CM002002;Leki;CM002002006;Monatele;Ndoup;village
cameroun;CM002;Centre;CM002002;Leki;CM002002006;Monatele;Nkolndoup;village
cameroun;CM002;Centre;CM002002;Leki;CM002002006;Monatele;Ngama;village
cameroun;CM002;Centre;CM002002;Leki;CM002002006;Monatele;Nkolmbel;village
cameroun;CM002;Centre;CM002002;Leki;CM002002006;Monatele;Nkolmelong;village
cameroun;CM002;Centre;CM002002;Leki;CM002002006;Monatele;Nlongbon II;village
cameroun;CM002;Centre;CM002002;Leki;CM002002006;Monatele;Mpong;village
cameroun;CM002;Centre;CM002002;Leki;CM002002006;Monatele;Nkolngal;village
cameroun;CM002;Centre;CM002002;Leki;CM002002006;Monatele;Nlogbon I;village
cameroun;CM002;Centre;CM002002;Leki;CM002002006;Monatele;Tatebe;village
cameroun;CM002;Centre;CM002002;Leki;CM002002006;Monatele;Mibebali;village
cameroun;CM002;Centre;CM002002;Leki;CM002002006;Monatele;Akouk;village
cameroun;CM002;Centre;CM002002;Leki;CM002002006;Monatele;Etom;village
cameroun;CM002;Centre;CM002002;Leki;CM002002006;Monatele;Ntsa'Ondondo;village
cameroun;CM002;Centre;CM002002;Leki;CM002002006;Monatele;Lnouk;village
cameroun;CM002;Centre;CM002002;Leki;CM002002006;Monatele;Nkolmelen;village
cameroun;CM002;Centre;CM002003;Mbam-et-Inoubou;CM002003002;Bokito;Bouboukosso;village
cameroun;CM002;Centre;CM002003;Mbam-et-Inoubou;CM002003002;Bokito;Kananga;village
cameroun;CM002;Centre;CM002003;Mbam-et-Inoubou;CM002003002;Bokito;Tokono;village
cameroun;CM002;Centre;CM002003;Mbam-et-Inoubou;CM002003002;Bokito;Niamanga I;village
cameroun;CM002;Centre;CM002003;Mbam-et-Inoubou;CM002003002;Bokito;Bongo-Mn;village
cameroun;CM002;Centre;CM002003;Mbam-et-Inoubou;CM002003002;Bokito;Bongo;village
cameroun;CM002;Centre;CM002003;Mbam-et-Inoubou;CM002003002;Bokito;Kanoko;village
cameroun;CM002;Centre;CM002003;Mbam-et-Inoubou;CM002003002;Bokito;Boupili;village
cameroun;CM002;Centre;CM002003;Mbam-et-Inoubou;CM002003002;Bokito;Klend;village
cameroun;CM005;Littoral;CM005003;Sanaga-Maritime;CM005003010;Nyanon;Kleng;village
cameroun;CM005;Littoral;CM005003;Sanaga-Maritime;CM005003010;Nyanon;Binoum;village
cameroun;CM005;Littoral;CM005003;Sanaga-Maritime;CM005003010;Nyanon;Ndomndjengue II;village
cameroun;CM005;Littoral;CM005003;Sanaga-Maritime;CM005003010;Nyanon;Ndomndjengue I;village
cameroun;CM002;Centre;CM002002;Leki;CM002002006;Monatele;Ntol;village
cameroun;CM002;Centre;CM002002;Leki;CM002002006;Monatele;Nkolevida;village
cameroun;CM002;Centre;CM002002;Leki;CM002002004;Evodoula;Eyen-meyong;village
cameroun;CM002;Centre;CM002002;Leki;CM002002004;Evodoula;Meyos;village
cameroun;CM002;Centre;CM002002;Leki;CM002002004;Evodoula;Nkolseng I;village
cameroun;CM002;Centre;CM002002;Leki;CM002002004;Evodoula;Nkolabang;village
cameroun;CM002;Centre;CM002002;Leki;CM002002004;Evodoula;Nloudou;village
cameroun;CM002;Centre;CM002008;Nyong-et-Kell;CM002008010;Nguibassal;Carrefour Somaka;village
cameroun;CM002;Centre;CM002008;Nyong-et-Kell;CM002008010;Nguibassal;Nloudou;village
cameroun;CM002;Centre;CM002002;Leki;CM002002006;Monatele;Ossebe;village
cameroun;CM002;Centre;CM002008;Nyong-et-Kell;CM002008010;Nguibassal;Chefferie Nkong-Mango;village
cameroun;CM005;Littoral;CM005003;Sanaga-Maritime;CM005003010;Nyanon;Kikot;village
cameroun;CM002;Centre;CM002008;Nyong-et-Kell;CM002008010;Nguibassal;Mbb;village
cameroun;CM002;Centre;CM002008;Nyong-et-Kell;CM002008010;Nguibassal;Tombi;village
cameroun;CM002;Centre;CM002008;Nyong-et-Kell;CM002008010;Nguibassal;Lihong;village
cameroun;CM002;Centre;CM002008;Nyong-et-Kell;CM002008010;Nguibassal;Manganga;village
cameroun;CM002;Centre;CM002008;Nyong-et-Kell;CM002008010;Nguibassal;Nguibassal;town
cameroun;CM002;Centre;CM002008;Nyong-et-Kell;CM002008010;Nguibassal;Libobi;village
cameroun;CM002;Centre;CM002008;Nyong-et-Kell;CM002008010;Nguibassal;Nkoumisse-Sud;village
cameroun;CM002;Centre;CM002008;Nyong-et-Kell;CM002008010;Nguibassal;lal;village
cameroun;CM002;Centre;CM002002;Leki;CM002002008;Okola;Nkoumiss;village
cameroun;CM002;Centre;CM002002;Leki;CM002002008;Okola;Nkolvanize;village
cameroun;CM002;Centre;CM002002;Leki;CM002002005;Lobo;Mekak;village
cameroun;CM002;Centre;CM002002;Leki;CM002002008;Okola;Elig Ndoum;village
cameroun;CM002;Centre;CM002002;Leki;CM002002008;Okola;Nkolkotsing;village
cameroun;CM002;Centre;CM002002;Leki;CM002002004;Evodoula;Nkolzibi;village
cameroun;CM002;Centre;CM002002;Leki;CM002002004;Evodoula;Nkolfem;village
cameroun;CM002;Centre;CM002002;Leki;CM002002004;Evodoula;Doumassi;village
cameroun;CM002;Centre;CM002002;Leki;CM002002004;Evodoula;Mission catholique;village
cameroun;CM002;Centre;CM002002;Leki;CM002002004;Evodoula;Evodoula;town
cameroun;CM002;Centre;CM002002;Leki;CM002002004;Evodoula;Quartier haoussa;village
cameroun;CM002;Centre;CM002002;Leki;CM002002004;Evodoula;Quartier Ayissi;village
cameroun;CM002;Centre;CM002002;Leki;CM002002004;Evodoula;Quartier accueil;village
cameroun;CM002;Centre;CM002002;Leki;CM002002004;Evodoula;Nkolakok;village
cameroun;CM002;Centre;CM002002;Leki;CM002002004;Evodoula;tok;village
cameroun;CM002;Centre;CM002002;Leki;CM002002004;Evodoula;Mblbikol;village
cameroun;CM002;Centre;CM002002;Leki;CM002002004;Evodoula;Nkolohandja;village
cameroun;CM002;Centre;CM002002;Leki;CM002002004;Evodoula;Nkolseng II;village
cameroun;CM002;Centre;CM002002;Leki;CM002002006;Monatele;Nkolassa II;village
cameroun;CM002;Centre;CM002002;Leki;CM002002004;Evodoula;Nkolmyos II;village
cameroun;CM002;Centre;CM002002;Leki;CM002002006;Monatele;Nlongbon IV;village
cameroun;CM002;Centre;CM002002;Leki;CM002002006;Monatele;Nkolmedogo;village
cameroun;CM002;Centre;CM002002;Leki;CM002002006;Monatele;Nlongbon III;village
cameroun;CM002;Centre;CM002002;Leki;CM002002004;Evodoula;Nkolmeyos I;village
cameroun;CM002;Centre;CM002002;Leki;CM002002004;Evodoula;Nkolassa I;village
cameroun;CM002;Centre;CM002002;Leki;CM002002004;Evodoula;Ntouda Sud;village
cameroun;CM002;Centre;CM002002;Leki;CM002002006;Monatele;Nkolngobo;village
cameroun;CM002;Centre;CM002002;Leki;CM002002006;Monatele;Elig-bikoun;village
cameroun;CM002;Centre;CM002002;Leki;CM002002006;Monatele;Elah;village
cameroun;CM002;Centre;CM002002;Leki;CM002002004;Evodoula;Nkalngaha;village
cameroun;CM002;Centre;CM002002;Leki;CM002002004;Evodoula;Nlongmenang;village
cameroun;CM002;Centre;CM002002;Leki;CM002002004;Evodoula;Nkodabel;village
cameroun;CM002;Centre;CM002002;Leki;CM002002004;Evodoula;Pobo;village
cameroun;CM002;Centre;CM002002;Leki;CM002002004;Evodoula;Minwoho centre;village
cameroun;CM002;Centre;CM002002;Leki;CM002002004;Evodoula;Minwoho sud;village
cameroun;CM002;Centre;CM002002;Leki;CM002002004;Evodoula;Evodoula village;village
cameroun;CM002;Centre;CM002002;Leki;CM002002004;Evodoula;Nkolkougda II;village
cameroun;CM002;Centre;CM002002;Leki;CM002002004;Evodoula;Komo;village
cameroun;CM002;Centre;CM002002;Leki;CM002002006;Monatele;Ngobo;village
cameroun;CM002;Centre;CM002002;Leki;CM002002006;Monatele;Ntouda centre;village
cameroun;CM002;Centre;CM002002;Leki;CM002002006;Monatele;Tala I;village
cameroun;CM002;Centre;CM002002;Leki;CM002002006;Monatele;Tala II;village
cameroun;CM002;Centre;CM002002;Leki;CM002002006;Monatele;Eyenmeyong;village
cameroun;CM002;Centre;CM002002;Leki;CM002002003;Elig-Mfomo;Nkolbikok;village
cameroun;CM002;Centre;CM002002;Leki;CM002002003;Elig-Mfomo;Komo-Essl;village
cameroun;CM002;Centre;CM002002;Leki;CM002002003;Elig-Mfomo;Akak;village
cameroun;CM002;Centre;CM002002;Leki;CM002002004;Evodoula;Enoh;village
cameroun;CM002;Centre;CM002002;Leki;CM002002004;Evodoula;Okok II;village
cameroun;CM002;Centre;CM002002;Leki;CM002002003;Elig-Mfomo;Ayos;village
cameroun;CM002;Centre;CM002002;Leki;CM002002004;Evodoula;Nkolossan;village
cameroun;CM002;Centre;CM002002;Leki;CM002002004;Evodoula;Okok I;village
cameroun;CM002;Centre;CM002002;Leki;CM002002008;Okola;Nkolkougda I;village
cameroun;CM002;Centre;CM002002;Leki;CM002002004;Evodoula;kol;village
cameroun;CM002;Centre;CM002002;Leki;CM002002008;Okola;Minsoa I;village
cameroun;CM002;Centre;CM002002;Leki;CM002002008;Okola;Nkolpoblo;village
cameroun;CM002;Centre;CM002002;Leki;CM002002008;Okola;Nkodassa;village
cameroun;CM002;Centre;CM002002;Leki;CM002002008;Okola;Nkolntsiba;village
cameroun;CM002;Centre;CM002002;Leki;CM002002008;Okola;Voa I;village
cameroun;CM002;Centre;CM002002;Leki;CM002002008;Okola;Voa II;village
cameroun;CM002;Centre;CM002002;Leki;CM002002005;Lobo;Voua III;village
cameroun;CM002;Centre;CM002002;Leki;CM002002008;Okola;Nyemeyong;village
cameroun;CM002;Centre;CM002002;Leki;CM002002005;Lobo;Nkolmlen;village
cameroun;CM002;Centre;CM002002;Leki;CM002002005;Lobo;Akok;village
cameroun;CM002;Centre;CM002002;Leki;CM002002005;Lobo;Adjap;village
cameroun;CM002;Centre;CM002002;Leki;CM002002005;Lobo;Koudi;village
cameroun;CM002;Centre;CM002002;Leki;CM002002005;Lobo;Ntoul;village
cameroun;CM002;Centre;CM002002;Leki;CM002002005;Lobo;Koudimefeme;village
cameroun;CM002;Centre;CM002002;Leki;CM002002005;Lobo;Nkongkarak;village
cameroun;CM002;Centre;CM002002;Leki;CM002002005;Lobo;Elig Ewodo;village
cameroun;CM002;Centre;CM002002;Leki;CM002002005;Lobo;Tikong;village
cameroun;CM002;Centre;CM002002;Leki;CM002002005;Lobo;Akak;village
cameroun;CM002;Centre;CM002002;Leki;CM002002005;Lobo;Menguek I;village
cameroun;CM002;Centre;CM002002;Leki;CM002002005;Lobo;Njongmebi;village
cameroun;CM002;Centre;CM002002;Leki;CM002002005;Lobo;Menguek II;village
cameroun;CM002;Centre;CM002006;Mefou-et-Akono;CM002006003;Mbankomo;Nkadip;village
cameroun;CM002;Centre;CM002006;Mefou-et-Akono;CM002006003;Mbankomo;Mfomo;village
cameroun;CM002;Centre;CM002006;Mefou-et-Akono;CM002006003;Mbankomo;Nkolmvout;village
cameroun;CM002;Centre;CM002002;Leki;CM002002005;Lobo;Tsek;village
cameroun;CM002;Centre;CM002002;Leki;CM002002005;Lobo;Lobo;town
cameroun;CM002;Centre;CM002008;Nyong-et-Kell;CM002008007;Matomb;Ebednga;village
cameroun;CM002;Centre;CM002002;Leki;CM002002005;Lobo;Ekoumtik;village
cameroun;CM002;Centre;CM002002;Leki;CM002002005;Lobo;Nkolnguet;village
cameroun;CM002;Centre;CM002008;Nyong-et-Kell;CM002008007;Matomb;Ngondji;village
cameroun;CM002;Centre;CM002002;Leki;CM002002005;Lobo;Nkolmyang;village
cameroun;CM002;Centre;CM002008;Nyong-et-Kell;CM002008003;Bot-Makak;Ekoum;village
cameroun;CM002;Centre;CM002008;Nyong-et-Kell;CM002008003;Bot-Makak;Ngwangwanda;village
cameroun;CM002;Centre;CM002008;Nyong-et-Kell;CM002008003;Bot-Makak;Hegba;village
cameroun;CM002;Centre;CM002008;Nyong-et-Kell;CM002008003;Bot-Makak;Mandoi;village
cameroun;CM002;Centre;CM002008;Nyong-et-Kell;CM002008003;Bot-Makak;Lelep;village
cameroun;CM002;Centre;CM002008;Nyong-et-Kell;CM002008003;Bot-Makak;Manoyoi;village
cameroun;CM002;Centre;CM002008;Nyong-et-Kell;CM002008003;Bot-Makak;Hegba;village
cameroun;CM002;Centre;CM002008;Nyong-et-Kell;CM002008003;Bot-Makak;Ekgangomba;village
cameroun;CM002;Centre;CM002008;Nyong-et-Kell;CM002008010;Nguibassal;Manolo;village
cameroun;CM002;Centre;CM002008;Nyong-et-Kell;CM002008003;Bot-Makak;Mengog;village
cameroun;CM002;Centre;CM002008;Nyong-et-Kell;CM002008007;Matomb;Mayos;village
cameroun;CM002;Centre;CM002008;Nyong-et-Kell;CM002008003;Bot-Makak;Djel;village
cameroun;CM002;Centre;CM002008;Nyong-et-Kell;CM002008003;Bot-Makak;Lelep II;village
cameroun;CM002;Centre;CM002008;Nyong-et-Kell;CM002008007;Matomb;Bomtol;village
cameroun;CM002;Centre;CM002008;Nyong-et-Kell;CM002008007;Matomb;Matomb Brousse;village
cameroun;CM002;Centre;CM002008;Nyong-et-Kell;CM002008007;Matomb;Manya;village
cameroun;CM002;Centre;CM002008;Nyong-et-Kell;CM002008007;Matomb;Matomb;town
cameroun;CM002;Centre;CM002008;Nyong-et-Kell;CM002008007;Matomb;Pan-Eon;village
cameroun;CM002;Centre;CM002008;Nyong-et-Kell;CM002008007;Matomb;Mpob;village
cameroun;CM002;Centre;CM002008;Nyong-et-Kell;CM002008007;Matomb;Liss;village
cameroun;CM002;Centre;CM002008;Nyong-et-Kell;CM002008007;Matomb;Nkeng-Likok;village
cameroun;CM002;Centre;CM002008;Nyong-et-Kell;CM002008007;Matomb;Manguen II;village
cameroun;CM002;Centre;CM002008;Nyong-et-Kell;CM002008007;Matomb;Mandoumba;village
cameroun;CM002;Centre;CM002008;Nyong-et-Kell;CM002008007;Matomb;Mandoumba;village
cameroun;CM002;Centre;CM002008;Nyong-et-Kell;CM002008007;Matomb;Kombeng;village
cameroun;CM002;Centre;CM002008;Nyong-et-Kell;CM002008007;Matomb;Manguen I;village
cameroun;CM002;Centre;CM002008;Nyong-et-Kell;CM002008007;Matomb;Makoda;village
cameroun;CM002;Centre;CM002008;Nyong-et-Kell;CM002008007;Matomb;Nganda;village
cameroun;CM002;Centre;CM002008;Nyong-et-Kell;CM002008002;Bondjock;Nkongkni;village
cameroun;CM002;Centre;CM002008;Nyong-et-Kell;CM002008002;Bondjock;Nsamba;village
cameroun;CM002;Centre;CM002008;Nyong-et-Kell;CM002008007;Matomb;Lindoi-Eone;village
cameroun;CM002;Centre;CM002008;Nyong-et-Kell;CM002008007;Matomb;Kll;village
cameroun;CM002;Centre;CM002002;Leki;CM002002005;Lobo;Nlong;village
cameroun;CM002;Centre;CM002002;Leki;CM002002005;Lobo;Ngoulmekong;village
cameroun;CM002;Centre;CM002008;Nyong-et-Kell;CM002008007;Matomb;Mandoga;village
cameroun;CM002;Centre;CM002008;Nyong-et-Kell;CM002008007;Matomb;Ngongtock II;village
cameroun;CM002;Centre;CM002008;Nyong-et-Kell;CM002008002;Bondjock;Ngoutmakong;village
cameroun;CM002;Centre;CM002008;Nyong-et-Kell;CM002008006;Makak;Mambando;village
cameroun;CM002;Centre;CM002008;Nyong-et-Kell;CM002008006;Makak;Mom II;village
cameroun;CM002;Centre;CM002006;Mefou-et-Akono;CM002006004;Ngoumou;Nkol-Medjap;village
cameroun;CM002;Centre;CM002006;Mefou-et-Akono;CM002006004;Ngoumou;Ototomo;village
cameroun;CM002;Centre;CM002006;Mefou-et-Akono;CM002006004;Ngoumou;Obokou II;village
cameroun;CM002;Centre;CM002006;Mefou-et-Akono;CM002006004;Ngoumou;Obokou I;village
cameroun;CM002;Centre;CM002006;Mefou-et-Akono;CM002006002;Bikok;Zoassel II;village
cameroun;CM002;Centre;CM002006;Mefou-et-Akono;CM002006003;Mbankomo;Biyan;village
cameroun;CM002;Centre;CM002006;Mefou-et-Akono;CM002006003;Mbankomo;Akono;village
cameroun;CM002;Centre;CM002006;Mefou-et-Akono;CM002006003;Mbankomo;Oweng;village
cameroun;CM002;Centre;CM002006;Mefou-et-Akono;CM002006003;Mbankomo;Zoassel II;village
cameroun;CM002;Centre;CM002006;Mefou-et-Akono;CM002006003;Mbankomo;Angon;village
cameroun;CM002;Centre;CM002006;Mefou-et-Akono;CM002006003;Mbankomo;Binguela;village
cameroun;CM002;Centre;CM002006;Mefou-et-Akono;CM002006003;Mbankomo;Mbankomo;town
cameroun;CM002;Centre;CM002006;Mefou-et-Akono;CM002006003;Mbankomo;Zoatoupsi;village
cameroun;CM002;Centre;CM002006;Mefou-et-Akono;CM002006003;Mbankomo;Nkolntsam;village
cameroun;CM002;Centre;CM002006;Mefou-et-Akono;CM002006003;Mbankomo;Okoa;village
cameroun;CM002;Centre;CM002006;Mefou-et-Akono;CM002006003;Mbankomo;Mian;village
cameroun;CM002;Centre;CM002006;Mefou-et-Akono;CM002006003;Mbankomo;Edipkombo;village
cameroun;CM002;Centre;CM002006;Mefou-et-Akono;CM002006003;Mbankomo;Nkomokui;village
cameroun;CM002;Centre;CM002002;Leki;CM002002005;Lobo;Nkongmessa;village
cameroun;CM002;Centre;CM002002;Leki;CM002002005;Lobo;Ozassingui;village
cameroun;CM002;Centre;CM002002;Leki;CM002002005;Lobo;Lwobok;village
cameroun;CM002;Centre;CM002002;Leki;CM002002005;Lobo;Ovang;village
cameroun;CM002;Centre;CM002002;Leki;CM002002005;Lobo;Nkolassi;village
cameroun;CM002;Centre;CM002002;Leki;CM002002005;Lobo;Minkoa;village
cameroun;CM002;Centre;CM002002;Leki;CM002002005;Lobo;Elig Ebod;village
cameroun;CM002;Centre;CM002002;Leki;CM002002005;Lobo;Ymassi;village
cameroun;CM002;Centre;CM002002;Leki;CM002002005;Lobo;Yemassi;village
cameroun;CM002;Centre;CM002002;Leki;CM002002005;Lobo;Nkolyem;village
cameroun;CM002;Centre;CM002002;Leki;CM002002008;Okola;Elig Yen;village
cameroun;CM002;Centre;CM002002;Leki;CM002002005;Lobo;Otoungono;village
cameroun;CM002;Centre;CM002002;Leki;CM002002005;Lobo;Elig Ebanga;village
cameroun;CM002;Centre;CM002002;Leki;CM002002005;Lobo;Nkolmyang;village
cameroun;CM002;Centre;CM002002;Leki;CM002002005;Lobo;Ngoas;village
cameroun;CM002;Centre;CM002002;Leki;CM002002008;Okola;Nkoldjobe;village
cameroun;CM002;Centre;CM002002;Leki;CM002002008;Okola;Lengon;village
cameroun;CM002;Centre;CM002002;Leki;CM002002008;Okola;Nkolaki;village
cameroun;CM002;Centre;CM002002;Leki;CM002002008;Okola;Nkolfep;village
cameroun;CM002;Centre;CM002002;Leki;CM002002008;Okola;Nkolnyada;village
cameroun;CM002;Centre;CM002002;Leki;CM002002008;Okola;Nkolkos;village
cameroun;CM002;Centre;CM002002;Leki;CM002002008;Okola;Ozom III;village
cameroun;CM002;Centre;CM002002;Leki;CM002002008;Okola;Eyang;village
cameroun;CM002;Centre;CM002002;Leki;CM002002008;Okola;Ozom I;village
cameroun;CM002;Centre;CM002002;Leki;CM002002008;Okola;Douma;village
cameroun;CM002;Centre;CM002002;Leki;CM002002008;Okola;Audjou;village
cameroun;CM002;Centre;CM002002;Leki;CM002002008;Okola;Ekkam III;village
cameroun;CM002;Centre;CM002006;Mefou-et-Akono;CM002006003;Mbankomo;Kala;village
cameroun;CM002;Centre;CM002006;Mefou-et-Akono;CM002006003;Mbankomo;Nkomekoui;village
cameroun;CM002;Centre;CM002006;Mefou-et-Akono;CM002006003;Mbankomo;Nlolnkoumou;village
cameroun;CM002;Centre;CM002006;Mefou-et-Akono;CM002006003;Mbankomo;Eloumden II;village
cameroun;CM002;Centre;CM002007;Mfoundi;CM002007007;Yaounde 7e;Nkolbisson;village
cameroun;CM002;Centre;CM002007;Mfoundi;CM002007007;Yaounde 7e;Nkolafm;village
cameroun;CM009;Sud;CM009002;Mvila;CM009002001;Biwong-Bane;Mlangu II;village
cameroun;CM009;Sud;CM009002;Mvila;CM009002001;Biwong-Bane;Maamenyin;village
cameroun;CM009;Sud;CM009002;Mvila;CM009002001;Biwong-Bane;Ngoazip;village
cameroun;CM009;Sud;CM009002;Mvila;CM009002001;Biwong-Bane;Mtet;village
cameroun;CM009;Sud;CM009002;Mvila;CM009002001;Biwong-Bane;Engongom;village
cameroun;CM009;Sud;CM009002;Mvila;CM009002001;Biwong-Bane;Yem;village
cameroun;CM009;Sud;CM009002;Mvila;CM009002001;Biwong-Bane;Adjap-Ban;village
cameroun;CM009;Sud;CM009002;Mvila;CM009002001;Biwong-Bane;Djom;village
cameroun;CM009;Sud;CM009002;Mvila;CM009002001;Biwong-Bane;Nkolonyi;village
cameroun;CM009;Sud;CM009002;Mvila;CM009002001;Biwong-Bane;Nkolnkeng;village
cameroun;CM009;Sud;CM009003;Ocan;CM009003008;Mvengue;Wom;village
cameroun;CM009;Sud;CM009003;Ocan;CM009003008;Mvengue;Nkolmendim;village
cameroun;CM009;Sud;CM009002;Mvila;CM009002001;Biwong-Bane;Nyep-Ban;village
cameroun;CM009;Sud;CM009002;Mvila;CM009002001;Biwong-Bane;Akie;village
cameroun;CM009;Sud;CM009003;Ocan;CM009003008;Mvengue;Manganda;village
cameroun;CM009;Sud;CM009003;Ocan;CM009003008;Mvengue;Nkoamb;village
cameroun;CM009;Sud;CM009003;Ocan;CM009003008;Mvengue;Mvengu III;village
cameroun;CM009;Sud;CM009003;Ocan;CM009003008;Mvengue;Nkoulounganga;village
cameroun;CM009;Sud;CM009003;Ocan;CM009003008;Mvengue;Ebom;village
cameroun;CM009;Sud;CM009003;Ocan;CM009003008;Mvengue;Kaan;village
cameroun;CM009;Sud;CM009003;Ocan;CM009003008;Mvengue;Koalaa;village
cameroun;CM009;Sud;CM009003;Ocan;CM009003008;Mvengue;Ebayega;village
cameroun;CM009;Sud;CM009003;Ocan;CM009003008;Mvengue;Okarobl;village
cameroun;CM002;Centre;CM002010;Nyong-et-So'o;CM002010005;Ngomedzap;Ekoudbessanda;village
cameroun;CM009;Sud;CM009003;Ocan;CM009003008;Mvengue;Nkoulngoui;village
cameroun;CM002;Centre;CM002010;Nyong-et-So'o;CM002010005;Ngomedzap;Abang-Akongo;village
cameroun;CM002;Centre;CM002010;Nyong-et-So'o;CM002010005;Ngomedzap;Akongo;village
cameroun;CM002;Centre;CM002010;Nyong-et-So'o;CM002010005;Ngomedzap;Nyengu;village
cameroun;CM002;Centre;CM002010;Nyong-et-So'o;CM002010005;Ngomedzap;Angonfem;village
cameroun;CM002;Centre;CM002010;Nyong-et-So'o;CM002010005;Ngomedzap;Akongo III;village
cameroun;CM002;Centre;CM002010;Nyong-et-So'o;CM002010005;Ngomedzap;Mbeng II;village
cameroun;CM002;Centre;CM002010;Nyong-et-So'o;CM002010005;Ngomedzap;Ayn;village
cameroun;CM002;Centre;CM002010;Nyong-et-So'o;CM002010005;Ngomedzap;Mbeng I;village
cameroun;CM002;Centre;CM002010;Nyong-et-So'o;CM002010005;Ngomedzap;Tiga;village
cameroun;CM002;Centre;CM002010;Nyong-et-So'o;CM002010005;Ngomedzap;Akok;village
cameroun;CM002;Centre;CM002010;Nyong-et-So'o;CM002010005;Ngomedzap;Koumassi I;village
cameroun;CM002;Centre;CM002010;Nyong-et-So'o;CM002010005;Ngomedzap;Koumassi I;village
cameroun;CM002;Centre;CM002010;Nyong-et-So'o;CM002010005;Ngomedzap;Ngomedzap;town
cameroun;CM002;Centre;CM002010;Nyong-et-So'o;CM002010005;Ngomedzap;Nkolbewaa II;village
cameroun;CM002;Centre;CM002010;Nyong-et-So'o;CM002010005;Ngomedzap;Nkoamb;village
cameroun;CM002;Centre;CM002010;Nyong-et-So'o;CM002010005;Ngomedzap;Nkolkoumou;village
cameroun;CM002;Centre;CM002010;Nyong-et-So'o;CM002010005;Ngomedzap;Ebaminal;village
cameroun;CM002;Centre;CM002010;Nyong-et-So'o;CM002010005;Ngomedzap;Adzap;village
cameroun;CM002;Centre;CM002010;Nyong-et-So'o;CM002010005;Ngomedzap;Nkolbewaa I;village
cameroun;CM002;Centre;CM002010;Nyong-et-So'o;CM002010005;Ngomedzap;Nkolbewaa III;village
cameroun;CM002;Centre;CM002010;Nyong-et-So'o;CM002010005;Ngomedzap;Mbalbewa;village
cameroun;CM002;Centre;CM002010;Nyong-et-So'o;CM002010005;Ngomedzap;Ngoulngal;village
cameroun;CM002;Centre;CM002010;Nyong-et-So'o;CM002010005;Ngomedzap;Ekoumeyek;village
cameroun;CM002;Centre;CM002010;Nyong-et-So'o;CM002010005;Ngomedzap;Mevamebot;village
cameroun;CM002;Centre;CM002010;Nyong-et-So'o;CM002010005;Ngomedzap;Assok;village
cameroun;CM002;Centre;CM002010;Nyong-et-So'o;CM002010005;Ngomedzap;Ekoudendi;town
cameroun;CM002;Centre;CM002010;Nyong-et-So'o;CM002010005;Ngomedzap;Lepse;village
cameroun;CM002;Centre;CM002010;Nyong-et-So'o;CM002010005;Ngomedzap;Menguem;village
cameroun;CM002;Centre;CM002010;Nyong-et-So'o;CM002010005;Ngomedzap;Osso Bikoko;village
cameroun;CM002;Centre;CM002008;Nyong-et-Kell;CM002008006;Makak;Boumnkok;village
cameroun;CM002;Centre;CM002008;Nyong-et-Kell;CM002008006;Makak;Mbemnjok;village
cameroun;CM002;Centre;CM002008;Nyong-et-Kell;CM002008006;Makak;Bakoukou;village
cameroun;CM002;Centre;CM002008;Nyong-et-Kell;CM002008006;Makak;Lplibong;village
cameroun;CM002;Centre;CM002006;Mefou-et-Akono;CM002006001;Akono;Nkolnlong II;village
cameroun;CM002;Centre;CM002008;Nyong-et-Kell;CM002008006;Makak;Nkolnlong III;village
cameroun;CM002;Centre;CM002006;Mefou-et-Akono;CM002006001;Akono;Ndangueng;village
cameroun;CM002;Centre;CM002008;Nyong-et-Kell;CM002008006;Makak;Nkolnlong I;village
cameroun;CM002;Centre;CM002006;Mefou-et-Akono;CM002006001;Akono;Sim;village
cameroun;CM002;Centre;CM002006;Mefou-et-Akono;CM002006001;Akono;Nkol Ekelle;village
cameroun;CM002;Centre;CM002006;Mefou-et-Akono;CM002006001;Akono;Adjap;village
cameroun;CM002;Centre;CM002006;Mefou-et-Akono;CM002006001;Akono;Okombe;village
cameroun;CM002;Centre;CM002006;Mefou-et-Akono;CM002006001;Akono;Ovangoul III;village
cameroun;CM002;Centre;CM002008;Nyong-et-Kell;CM002008006;Makak;Mbeng;village
cameroun;CM002;Centre;CM002008;Nyong-et-Kell;CM002008006;Makak;Ngougoun II;village
cameroun;CM002;Centre;CM002006;Mefou-et-Akono;CM002006004;Ngoumou;Ngougoun I;village
cameroun;CM002;Centre;CM002006;Mefou-et-Akono;CM002006004;Ngoumou;Ovangoul;village
cameroun;CM002;Centre;CM002006;Mefou-et-Akono;CM002006004;Ngoumou;Nkolman;village
cameroun;CM002;Centre;CM002006;Mefou-et-Akono;CM002006004;Ngoumou;Nkong-Bibega 2;village
cameroun;CM002;Centre;CM002006;Mefou-et-Akono;CM002006004;Ngoumou;Ngon;village
cameroun;CM002;Centre;CM002006;Mefou-et-Akono;CM002006004;Ngoumou;Yena-Yena;village
cameroun;CM002;Centre;CM002006;Mefou-et-Akono;CM002006004;Ngoumou;Nkol-Okede;village
cameroun;CM002;Centre;CM002006;Mefou-et-Akono;CM002006004;Ngoumou;Otl;town
cameroun;CM002;Centre;CM002006;Mefou-et-Akono;CM002006004;Ngoumou;Nsol;village
cameroun;CM002;Centre;CM002006;Mefou-et-Akono;CM002006004;Ngoumou;Nkol-Emomodo;village
cameroun;CM002;Centre;CM002006;Mefou-et-Akono;CM002006004;Ngoumou;Nkolmelen;village
cameroun;CM002;Centre;CM002006;Mefou-et-Akono;CM002006004;Ngoumou;Ekoadjom;village
cameroun;CM002;Centre;CM002008;Nyong-et-Kell;CM002008006;Makak;Song-Ntap;village
cameroun;CM002;Centre;CM002008;Nyong-et-Kell;CM002008006;Makak;Mom I;village
cameroun;CM002;Centre;CM002008;Nyong-et-Kell;CM002008006;Makak;Sepp;village
cameroun;CM002;Centre;CM002008;Nyong-et-Kell;CM002008006;Makak;Ngombas I;village
cameroun;CM002;Centre;CM002008;Nyong-et-Kell;CM002008002;Bondjock;Bondjock;town
cameroun;CM002;Centre;CM002008;Nyong-et-Kell;CM002008006;Makak;Libamba;village
cameroun;CM002;Centre;CM002008;Nyong-et-Kell;CM002008006;Makak;Kaya;village
cameroun;CM002;Centre;CM002008;Nyong-et-Kell;CM002008006;Makak;Minka;village
cameroun;CM002;Centre;CM002008;Nyong-et-Kell;CM002008006;Makak;Hondol;village
cameroun;CM002;Centre;CM002008;Nyong-et-Kell;CM002008006;Makak;Malombo;village
cameroun;CM002;Centre;CM002008;Nyong-et-Kell;CM002008006;Makak;Bitoutouk;village
cameroun;CM002;Centre;CM002008;Nyong-et-Kell;CM002008006;Makak;Ndjantibda;village
cameroun;CM002;Centre;CM002008;Nyong-et-Kell;CM002008006;Makak;Lom;village
cameroun;CM002;Centre;CM002008;Nyong-et-Kell;CM002008006;Makak;Beng-Nyong;village
cameroun;CM002;Centre;CM002008;Nyong-et-Kell;CM002008006;Makak;Makak;town
cameroun;CM002;Centre;CM002008;Nyong-et-Kell;CM002008006;Makak;Nkongui;village
cameroun;CM002;Centre;CM002008;Nyong-et-Kell;CM002008006;Makak;Ngwat;village
cameroun;CM002;Centre;CM002008;Nyong-et-Kell;CM002008006;Makak;Makak II;village
cameroun;CM002;Centre;CM002008;Nyong-et-Kell;CM002008006;Makak;Ngan Mbeng;village
cameroun;CM002;Centre;CM002008;Nyong-et-Kell;CM002008006;Makak;Koukoum;village
cameroun;CM002;Centre;CM002008;Nyong-et-Kell;CM002008006;Makak;Bimen;village
cameroun;CM002;Centre;CM002008;Nyong-et-Kell;CM002008005;Eseka;Song Badjek;village
cameroun;CM002;Centre;CM002008;Nyong-et-Kell;CM002008005;Eseka;Lipomb;village
cameroun;CM002;Centre;CM002008;Nyong-et-Kell;CM002008005;Eseka;Minloo (Lissai);village
cameroun;CM002;Centre;CM002008;Nyong-et-Kell;CM002008005;Eseka;Souh;village
cameroun;CM002;Centre;CM002008;Nyong-et-Kell;CM002008005;Eseka;Mahomey;village
cameroun;CM002;Centre;CM002008;Nyong-et-Kell;CM002008005;Eseka;Mandjak;village
cameroun;CM002;Centre;CM002008;Nyong-et-Kell;CM002008005;Eseka;Nguibassal II;village
cameroun;CM002;Centre;CM002008;Nyong-et-Kell;CM002008005;Eseka;Njok;village
cameroun;CM002;Centre;CM002008;Nyong-et-Kell;CM002008005;Eseka;Nguibassal;village
cameroun;CM002;Centre;CM002008;Nyong-et-Kell;CM002008005;Eseka;Makomol;village
cameroun;CM009;Sud;CM009003;Ocan;CM009003007;Lolodorf;Fouernguier;village
cameroun;CM009;Sud;CM009003;Ocan;CM009003007;Lolodorf;Ngoyang;village
cameroun;CM009;Sud;CM009003;Ocan;CM009003007;Lolodorf;Madang I;village
cameroun;CM009;Sud;CM009003;Ocan;CM009003007;Lolodorf;Nkwambw II;village
cameroun;CM009;Sud;CM009003;Ocan;CM009003008;Mvengue;Bikou I;village
cameroun;CM009;Sud;CM009003;Ocan;CM009003008;Mvengue;Alde;village
cameroun;CM009;Sud;CM009003;Ocan;CM009003008;Mvengue;Nsam;village
cameroun;CM009;Sud;CM009003;Ocan;CM009003008;Mvengue;Minkam I;village
cameroun;CM009;Sud;CM009003;Ocan;CM009003008;Mvengue;Minkam II;village
cameroun;CM009;Sud;CM009003;Ocan;CM009003008;Mvengue;Bikou II;village
cameroun;CM002;Centre;CM002008;Nyong-et-Kell;CM002008006;Makak;Njantibella;village
cameroun;CM009;Sud;CM009003;Ocan;CM009003008;Mvengue;Awanda;village
cameroun;CM002;Centre;CM002008;Nyong-et-Kell;CM002008006;Makak;Mboule;village
cameroun;CM002;Centre;CM002008;Nyong-et-Kell;CM002008006;Makak;Likongu;village
cameroun;CM009;Sud;CM009003;Ocan;CM009003008;Mvengue;Ebayega;village
cameroun;CM009;Sud;CM009003;Ocan;CM009003008;Mvengue;Awonda;village
cameroun;CM009;Sud;CM009003;Ocan;CM009003008;Mvengue;Mvengue;town
cameroun;CM009;Sud;CM009003;Ocan;CM009003008;Mvengue;Mvengu II;village
cameroun;CM009;Sud;CM009003;Ocan;CM009003008;Mvengue;Efon;village
cameroun;CM009;Sud;CM009002;Mvila;CM009002005;Efoulan;Mlangu;village
cameroun;CM009;Sud;CM009002;Mvila;CM009002001;Biwong-Bane;Mlangu III;village
cameroun;CM009;Sud;CM009002;Mvila;CM009002001;Biwong-Bane;Ngoazip II;village
cameroun;CM009;Sud;CM009002;Mvila;CM009002005;Efoulan;Ndjantom;village
cameroun;CM009;Sud;CM009002;Mvila;CM009002005;Efoulan;Mbong;village
cameroun;CM009;Sud;CM009002;Mvila;CM009002005;Efoulan;Nko'adjap;village
cameroun;CM009;Sud;CM009002;Mvila;CM009002005;Efoulan;Mintom;village
cameroun;CM009;Sud;CM009002;Mvila;CM009002005;Efoulan;Aloum Ymveng;village
cameroun;CM009;Sud;CM009002;Mvila;CM009002005;Efoulan;Tchangu;village
cameroun;CM009;Sud;CM009002;Mvila;CM009002003;Ebolowa 1er;Meka'a I;village
cameroun;CM009;Sud;CM009002;Mvila;CM009002005;Efoulan;Ngonebok;village
cameroun;CM009;Sud;CM009002;Mvila;CM009002005;Efoulan;Minto;village
cameroun;CM009;Sud;CM009002;Mvila;CM009002005;Efoulan;Angbwek;village
cameroun;CM009;Sud;CM009002;Mvila;CM009002005;Efoulan;Minkan;village
cameroun;CM009;Sud;CM009002;Mvila;CM009002005;Efoulan;Efoulan;village
cameroun;CM009;Sud;CM009002;Mvila;CM009002005;Efoulan;Ngat;village
cameroun;CM009;Sud;CM009002;Mvila;CM009002005;Efoulan;Mebem;village
cameroun;CM009;Sud;CM009002;Mvila;CM009002005;Efoulan;Mimbomingal;village
cameroun;CM009;Sud;CM009002;Mvila;CM009002005;Efoulan;Nyazo'o I;village
cameroun;CM009;Sud;CM009002;Mvila;CM009002005;Efoulan;Bangola;village
cameroun;CM009;Sud;CM009002;Mvila;CM009002005;Efoulan;Adjap Essawo;village
cameroun;CM009;Sud;CM009002;Mvila;CM009002005;Efoulan;Melan;village
cameroun;CM009;Sud;CM009002;Mvila;CM009002005;Efoulan;Binyina;village
cameroun;CM009;Sud;CM009002;Mvila;CM009002003;Ebolowa 1er;Yem Essakoy;village
cameroun;CM009;Sud;CM009002;Mvila;CM009002003;Ebolowa 1er;Nyangong;town
cameroun;CM009;Sud;CM009002;Mvila;CM009002005;Efoulan;Maan Meyin;village
cameroun;CM009;Sud;CM009002;Mvila;CM009002005;Efoulan;Mengol;village
cameroun;CM009;Sud;CM009002;Mvila;CM009002005;Efoulan;Mband;village
cameroun;CM009;Sud;CM009002;Mvila;CM009002005;Efoulan;Bikouba;village
cameroun;CM009;Sud;CM009002;Mvila;CM009002005;Efoulan;Ondong Adjap;town
cameroun;CM009;Sud;CM009002;Mvila;CM009002005;Efoulan;Mlangu II;village
cameroun;CM009;Sud;CM009002;Mvila;CM009002005;Efoulan;lon;village
cameroun;CM009;Sud;CM009003;Ocan;CM009003008;Mvengue;Minkougou;village
cameroun;CM009;Sud;CM009003;Ocan;CM009003008;Mvengue;Nkolatom;village
cameroun;CM009;Sud;CM009003;Ocan;CM009003008;Mvengue;Abam;village
cameroun;CM009;Sud;CM009003;Ocan;CM009003008;Mvengue;Koubizik;village
cameroun;CM009;Sud;CM009003;Ocan;CM009003007;Lolodorf;Mbango;village
cameroun;CM009;Sud;CM009003;Ocan;CM009003007;Lolodorf;Mill;village
cameroun;CM009;Sud;CM009003;Ocan;CM009003007;Lolodorf;Sabali;village
cameroun;CM009;Sud;CM009003;Ocan;CM009003007;Lolodorf;Lolodorf;town
cameroun;CM009;Sud;CM009003;Ocan;CM009003007;Lolodorf;Bikoui;village
cameroun;CM009;Sud;CM009003;Ocan;CM009003007;Lolodorf;Bigballi;village
cameroun;CM009;Sud;CM009003;Ocan;CM009003007;Lolodorf;Melangb;village
cameroun;CM009;Sud;CM009003;Ocan;CM009003007;Lolodorf;Mangouma;village
cameroun;CM009;Sud;CM009003;Ocan;CM009003007;Lolodorf;Bibia;village
cameroun;CM009;Sud;CM009003;Ocan;CM009003007;Lolodorf;Bingambo;village
cameroun;CM009;Sud;CM009003;Ocan;CM009003007;Lolodorf;Ngovayang III;village
cameroun;CM009;Sud;CM009002;Mvila;CM009002005;Efoulan;bom Essawo;village
cameroun;CM009;Sud;CM009002;Mvila;CM009002003;Ebolowa 1er;Messambe;village
cameroun;CM009;Sud;CM009002;Mvila;CM009002003;Ebolowa 1er;Minkan;village
cameroun;CM009;Sud;CM009003;Ocan;CM009003001;Akom 2;Assok;village
cameroun;CM009;Sud;CM009003;Ocan;CM009003001;Akom 2;Assok II;village
cameroun;CM009;Sud;CM009003;Ocan;CM009003001;Akom 2;Mefane;village
cameroun;CM009;Sud;CM009003;Ocan;CM009003001;Akom 2;Abiete;village
cameroun;CM009;Sud;CM009003;Ocan;CM009003001;Akom 2;Medjabambon;village
cameroun;CM009;Sud;CM009003;Ocan;CM009003001;Akom 2;Melen;village
cameroun;CM009;Sud;CM009003;Ocan;CM009003007;Lolodorf;Mbikiliki;village
cameroun;CM009;Sud;CM009003;Ocan;CM009003007;Lolodorf;Bikalla;village
cameroun;CM009;Sud;CM009003;Ocan;CM009003007;Lolodorf;Ngovayang I;town
cameroun;CM009;Sud;CM009003;Ocan;CM009003007;Lolodorf;Mvil;village
cameroun;CM009;Sud;CM009003;Ocan;CM009003007;Lolodorf;Mougu;village
cameroun;CM009;Sud;CM009003;Ocan;CM009003007;Lolodorf;Ngovayang II;village
cameroun;CM009;Sud;CM009003;Ocan;CM009003002;Bipindi;Mimbala;village
cameroun;CM009;Sud;CM009003;Ocan;CM009003002;Bipindi;Kpwa;village
cameroun;CM009;Sud;CM009003;Ocan;CM009003002;Bipindi;Song Mahi;village
cameroun;CM009;Sud;CM009003;Ocan;CM009003002;Bipindi;Melondo;village
cameroun;CM009;Sud;CM009003;Ocan;CM009003002;Bipindi;Melombo;village
cameroun;CM009;Sud;CM009003;Ocan;CM009003007;Lolodorf;Bibondi;village
cameroun;CM009;Sud;CM009003;Ocan;CM009003007;Lolodorf;Bikoka;village
cameroun;CM009;Sud;CM009003;Ocan;CM009003007;Lolodorf;Madang II;village
cameroun;CM002;Centre;CM002008;Nyong-et-Kell;CM002008008;Messondo;Makot;village
cameroun;CM002;Centre;CM002008;Nyong-et-Kell;CM002008008;Messondo;Bodi;village
cameroun;CM002;Centre;CM002008;Nyong-et-Kell;CM002008008;Messondo;Mangand;village
cameroun;CM002;Centre;CM002008;Nyong-et-Kell;CM002008008;Messondo;Bodi;village
cameroun;CM002;Centre;CM002008;Nyong-et-Kell;CM002008005;Eseka;Minlongo;village
cameroun;CM002;Centre;CM002008;Nyong-et-Kell;CM002008005;Eseka;Mntany;village
cameroun;CM002;Centre;CM002008;Nyong-et-Kell;CM002008005;Eseka;Mangungus;village
cameroun;CM002;Centre;CM002008;Nyong-et-Kell;CM002008008;Messondo;Tos;village
cameroun;CM002;Centre;CM002008;Nyong-et-Kell;CM002008008;Messondo;Ngog;village
cameroun;CM002;Centre;CM002008;Nyong-et-Kell;CM002008005;Eseka;Song Hot;village
cameroun;CM002;Centre;CM002008;Nyong-et-Kell;CM002008008;Messondo;Song Ntoum;village
cameroun;CM002;Centre;CM002008;Nyong-et-Kell;CM002008008;Messondo;Abokam;village
cameroun;CM002;Centre;CM002008;Nyong-et-Kell;CM002008008;Messondo;Song Lipem;village
cameroun;CM002;Centre;CM002008;Nyong-et-Kell;CM002008008;Messondo;Maloumb;village
cameroun;CM002;Centre;CM002008;Nyong-et-Kell;CM002008008;Messondo;Song Mbong;village
cameroun;CM002;Centre;CM002008;Nyong-et-Kell;CM002008008;Messondo;Ekokboum;village
cameroun;CM002;Centre;CM002008;Nyong-et-Kell;CM002008008;Messondo;Ndogbessol;village
cameroun;CM002;Centre;CM002008;Nyong-et-Kell;CM002008008;Messondo;Bidjoka;village
cameroun;CM005;Littoral;CM005003;Sanaga-Maritime;CM005003011;Pouma;Pouma;town
cameroun;CM005;Littoral;CM005003;Sanaga-Maritime;CM005003011;Pouma;Nkonga;village
cameroun;CM005;Littoral;CM005003;Sanaga-Maritime;CM005003011;Pouma;Hegba Pouma;village
cameroun;CM005;Littoral;CM005003;Sanaga-Maritime;CM005003011;Pouma;Log Mbong;village
cameroun;CM005;Littoral;CM005003;Sanaga-Maritime;CM005003011;Pouma;Song Simout;village
cameroun;CM005;Littoral;CM005003;Sanaga-Maritime;CM005003011;Pouma;Dikonob;village
cameroun;CM005;Littoral;CM005003;Sanaga-Maritime;CM005003011;Pouma;Biboumha;village
cameroun;CM005;Littoral;CM005003;Sanaga-Maritime;CM005003011;Pouma;Sindongui II;village
cameroun;CM005;Littoral;CM005003;Sanaga-Maritime;CM005003011;Pouma;Makob;village
cameroun;CM005;Littoral;CM005003;Sanaga-Maritime;CM005003011;Pouma;Log Bakoo;village
cameroun;CM005;Littoral;CM005003;Sanaga-Maritime;CM005003011;Pouma;Log Dikit 2;village
cameroun;CM005;Littoral;CM005003;Sanaga-Maritime;CM005003011;Pouma;Log Dikit;village
cameroun;CM005;Littoral;CM005003;Sanaga-Maritime;CM005003011;Pouma;Log Dikit 1;village
cameroun;CM005;Littoral;CM005003;Sanaga-Maritime;CM005003011;Pouma;Bihiang;village
cameroun;CM005;Littoral;CM005003;Sanaga-Maritime;CM005003011;Pouma;Makak Ndokoma;village
cameroun;CM005;Littoral;CM005003;Sanaga-Maritime;CM005003011;Pouma;Mandjap;village
cameroun;CM005;Littoral;CM005003;Sanaga-Maritime;CM005003011;Pouma;Nkonga;village
cameroun;CM005;Littoral;CM005003;Sanaga-Maritime;CM005003011;Pouma;Log Dikit;village
cameroun;CM005;Littoral;CM005003;Sanaga-Maritime;CM005003011;Pouma;Nkondjok;village
cameroun;CM005;Littoral;CM005003;Sanaga-Maritime;CM005003011;Pouma;Log Bakoo;village
cameroun;CM002;Centre;CM002008;Nyong-et-Kell;CM002008004;Dibang;Ndoupe;village
cameroun;CM005;Littoral;CM005003;Sanaga-Maritime;CM005003011;Pouma;Sindongui I;village
cameroun;CM002;Centre;CM002008;Nyong-et-Kell;CM002008004;Dibang;Minoini Ndjok;village
cameroun;CM002;Centre;CM002008;Nyong-et-Kell;CM002008004;Dibang;Peslipan;village
cameroun;CM002;Centre;CM002008;Nyong-et-Kell;CM002008004;Dibang;Mom;village
cameroun;CM002;Centre;CM002008;Nyong-et-Kell;CM002008004;Dibang;Dibang;town
cameroun;CM002;Centre;CM002008;Nyong-et-Kell;CM002008004;Dibang;Song Mbong;village
cameroun;CM002;Centre;CM002008;Nyong-et-Kell;CM002008004;Dibang;Sombo;village
cameroun;CM002;Centre;CM002008;Nyong-et-Kell;CM002008001;Biyouha;Biyouha;town
cameroun;CM002;Centre;CM002008;Nyong-et-Kell;CM002008001;Biyouha;Memel;village
cameroun;CM002;Centre;CM002008;Nyong-et-Kell;CM002008008;Messondo;Song Bayang;village
cameroun;CM002;Centre;CM002008;Nyong-et-Kell;CM002008001;Biyouha;Song Dibong;village
cameroun;CM002;Centre;CM002008;Nyong-et-Kell;CM002008008;Messondo;Nsonga;village
cameroun;CM002;Centre;CM002008;Nyong-et-Kell;CM002008008;Messondo;Song Poa;village
cameroun;CM002;Centre;CM002008;Nyong-et-Kell;CM002008008;Messondo;Bongsombi;village
cameroun;CM002;Centre;CM002008;Nyong-et-Kell;CM002008008;Messondo;Nguibassal;village
cameroun;CM002;Centre;CM002008;Nyong-et-Kell;CM002008008;Messondo;Song Lebot;village
cameroun;CM002;Centre;CM002008;Nyong-et-Kell;CM002008008;Messondo;Ngongos;village
cameroun;CM002;Centre;CM002008;Nyong-et-Kell;CM002008008;Messondo;Stion;village
cameroun;CM002;Centre;CM002008;Nyong-et-Kell;CM002008008;Messondo;Badjob;village
cameroun;CM002;Centre;CM002008;Nyong-et-Kell;CM002008008;Messondo;Bilagal;village
cameroun;CM002;Centre;CM002008;Nyong-et-Kell;CM002008005;Eseka;Song Bikoum;village
cameroun;CM002;Centre;CM002008;Nyong-et-Kell;CM002008005;Eseka;Mboga;village
cameroun;CM002;Centre;CM002008;Nyong-et-Kell;CM002008005;Eseka;Ilanga;village
cameroun;CM002;Centre;CM002008;Nyong-et-Kell;CM002008008;Messondo;Song Mandeng;village
cameroun;CM002;Centre;CM002008;Nyong-et-Kell;CM002008005;Eseka;Bokso;village
cameroun;CM002;Centre;CM002008;Nyong-et-Kell;CM002008005;Eseka;Mapan;village
cameroun;CM002;Centre;CM002008;Nyong-et-Kell;CM002008005;Eseka;Limoug Lehog;village
cameroun;CM002;Centre;CM002008;Nyong-et-Kell;CM002008006;Makak;Mbandjok;village
cameroun;CM002;Centre;CM002008;Nyong-et-Kell;CM002008006;Makak;Mboglom;village
cameroun;CM002;Centre;CM002008;Nyong-et-Kell;CM002008007;Matomb;Mbemndjock;village
cameroun;CM002;Centre;CM002008;Nyong-et-Kell;CM002008009;Ngog-Mapubi;Tayap;village
cameroun;CM002;Centre;CM002008;Nyong-et-Kell;CM002008009;Ngog-Mapubi;Omog;village
cameroun;CM002;Centre;CM002008;Nyong-et-Kell;CM002008007;Matomb;Lamal;village
cameroun;CM002;Centre;CM002008;Nyong-et-Kell;CM002008009;Ngog-Mapubi;Mamb;village
cameroun;CM002;Centre;CM002008;Nyong-et-Kell;CM002008007;Matomb;Ngoung;village
cameroun;CM002;Centre;CM002008;Nyong-et-Kell;CM002008003;Bot-Makak;Pan-Makak;village
cameroun;CM002;Centre;CM002008;Nyong-et-Kell;CM002008003;Bot-Makak;Omang;village
cameroun;CM002;Centre;CM002008;Nyong-et-Kell;CM002008003;Bot-Makak;Mangabi;village
cameroun;CM002;Centre;CM002008;Nyong-et-Kell;CM002008009;Ngog-Mapubi;Ndog Nlend;village
cameroun;CM002;Centre;CM002008;Nyong-et-Kell;CM002008009;Ngog-Mapubi;Liblingoy;village
cameroun;CM002;Centre;CM002008;Nyong-et-Kell;CM002008009;Ngog-Mapubi;Makay;village
cameroun;CM002;Centre;CM002008;Nyong-et-Kell;CM002008009;Ngog-Mapubi;Bibodi;village
cameroun;CM002;Centre;CM002008;Nyong-et-Kell;CM002008003;Bot-Makak;Sep;village
cameroun;CM002;Centre;CM002008;Nyong-et-Kell;CM002008003;Bot-Makak;Manguenda II;village
cameroun;CM002;Centre;CM002008;Nyong-et-Kell;CM002008004;Dibang;Song Ngos;village
cameroun;CM002;Centre;CM002008;Nyong-et-Kell;CM002008004;Dibang;Dingombi;village
cameroun;CM002;Centre;CM002008;Nyong-et-Kell;CM002008009;Ngog-Mapubi;Ngog-Mapubi;town
cameroun;CM002;Centre;CM002008;Nyong-et-Kell;CM002008009;Ngog-Mapubi;Pougu;village
cameroun;CM002;Centre;CM002008;Nyong-et-Kell;CM002008009;Ngog-Mapubi;Mod;village
cameroun;CM002;Centre;CM002008;Nyong-et-Kell;CM002008009;Ngog-Mapubi;Ndjok Nkong;village
cameroun;CM002;Centre;CM002008;Nyong-et-Kell;CM002008009;Ngog-Mapubi;Ndjok Nkong;village
cameroun;CM002;Centre;CM002008;Nyong-et-Kell;CM002008009;Ngog-Mapubi;Nsimekelle;village
cameroun;CM002;Centre;CM002008;Nyong-et-Kell;CM002008004;Dibang;Mbanga;village
cameroun;CM002;Centre;CM002008;Nyong-et-Kell;CM002008009;Ngog-Mapubi;Boumnybel;town
cameroun;CM002;Centre;CM002008;Nyong-et-Kell;CM002008004;Dibang;Boga;village
cameroun;CM002;Centre;CM002008;Nyong-et-Kell;CM002008005;Eseka;Kelle;village
cameroun;CM002;Centre;CM002008;Nyong-et-Kell;CM002008004;Dibang;Mahol;village
cameroun;CM002;Centre;CM002008;Nyong-et-Kell;CM002008004;Dibang;Dikonop;village
cameroun;CM002;Centre;CM002008;Nyong-et-Kell;CM002008009;Ngog-Mapubi;Limay;village
cameroun;CM002;Centre;CM002008;Nyong-et-Kell;CM002008004;Dibang;Ham;village
cameroun;CM002;Centre;CM002008;Nyong-et-Kell;CM002008004;Dibang;Bomb;village
cameroun;CM002;Centre;CM002008;Nyong-et-Kell;CM002008004;Dibang;Tamalong;village
cameroun;CM002;Centre;CM002008;Nyong-et-Kell;CM002008004;Dibang;Matol;village
cameroun;CM002;Centre;CM002008;Nyong-et-Kell;CM002008004;Dibang;Ngog Ngwas;village
cameroun;CM002;Centre;CM002008;Nyong-et-Kell;CM002008004;Dibang;Bda;village
cameroun;CM005;Littoral;CM005003;Sanaga-Maritime;CM005003005;Massock-Songloulou;Ibaykak;village
cameroun;CM005;Littoral;CM005003;Sanaga-Maritime;CM005003005;Massock-Songloulou;Mambondo;village
cameroun;CM005;Littoral;CM005003;Sanaga-Maritime;CM005003010;Nyanon;Malohe;village
cameroun;CM005;Littoral;CM005003;Sanaga-Maritime;CM005003010;Nyanon;Bodi;village
cameroun;CM002;Centre;CM002008;Nyong-et-Kell;CM002008003;Bot-Makak;Nyangbon;village
cameroun;CM002;Centre;CM002008;Nyong-et-Kell;CM002008004;Dibang;Bamo;village
cameroun;CM002;Centre;CM002008;Nyong-et-Kell;CM002008004;Dibang;Ndongo;village
cameroun;CM002;Centre;CM002008;Nyong-et-Kell;CM002008003;Bot-Makak;Mbanda;village
cameroun;CM002;Centre;CM002008;Nyong-et-Kell;CM002008003;Bot-Makak;Mbangu;village
cameroun;CM002;Centre;CM002008;Nyong-et-Kell;CM002008003;Bot-Makak;Ndjok Bane;village
cameroun;CM002;Centre;CM002008;Nyong-et-Kell;CM002008003;Bot-Makak;Nyangbon;village
cameroun;CM002;Centre;CM002008;Nyong-et-Kell;CM002008003;Bot-Makak;Minsongue;village
cameroun;CM002;Centre;CM002008;Nyong-et-Kell;CM002008003;Bot-Makak;Mbonga;village
cameroun;CM002;Centre;CM002008;Nyong-et-Kell;CM002008003;Bot-Makak;Bot-Makak;town
cameroun;CM002;Centre;CM002008;Nyong-et-Kell;CM002008003;Bot-Makak;Lebongla;village
cameroun;CM002;Centre;CM002008;Nyong-et-Kell;CM002008003;Bot-Makak;Boumndjok;village
cameroun;CM002;Centre;CM002008;Nyong-et-Kell;CM002008003;Bot-Makak;Loum;village
cameroun;CM002;Centre;CM002008;Nyong-et-Kell;CM002008010;Nguibassal;Boumdjack;village
cameroun;CM002;Centre;CM002008;Nyong-et-Kell;CM002008003;Bot-Makak;Bobog I;village
cameroun;CM002;Centre;CM002008;Nyong-et-Kell;CM002008003;Bot-Makak;Kombe;village
cameroun;CM002;Centre;CM002008;Nyong-et-Kell;CM002008003;Bot-Makak;Ekaa;village
cameroun;CM002;Centre;CM002008;Nyong-et-Kell;CM002008010;Nguibassal;Bobog II;village
cameroun;CM002;Centre;CM002008;Nyong-et-Kell;CM002008003;Bot-Makak;Bobog II;village
cameroun;CM002;Centre;CM002008;Nyong-et-Kell;CM002008003;Bot-Makak;Maguenda;village
cameroun;CM005;Littoral;CM005003;Sanaga-Maritime;CM005003010;Nyanon;Nyaho;village
cameroun;CM005;Littoral;CM005003;Sanaga-Maritime;CM005003010;Nyanon;Songmbok II;village
cameroun;CM005;Littoral;CM005003;Sanaga-Maritime;CM005003010;Nyanon;Songmbok I;village
cameroun;CM005;Littoral;CM005003;Sanaga-Maritime;CM005003010;Nyanon;Bolikol;village
cameroun;CM005;Littoral;CM005003;Sanaga-Maritime;CM005003010;Nyanon;Nkongkwala;village
cameroun;CM005;Littoral;CM005003;Sanaga-Maritime;CM005003010;Nyanon;Nsinglibado;village
cameroun;CM005;Littoral;CM005003;Sanaga-Maritime;CM005003010;Nyanon;Pendiki;village
cameroun;CM005;Littoral;CM005003;Sanaga-Maritime;CM005003010;Nyanon;Nsingmpagu;village
cameroun;CM005;Littoral;CM005003;Sanaga-Maritime;CM005003010;Nyanon;Pentoum;village
cameroun;CM005;Littoral;CM005003;Sanaga-Maritime;CM005003010;Nyanon;Nsingmbongo;village
cameroun;CM005;Littoral;CM005003;Sanaga-Maritime;CM005003010;Nyanon;Nyoundem;village
cameroun;CM005;Littoral;CM005003;Sanaga-Maritime;CM005003010;Nyanon;Ndeme;village
cameroun;CM005;Littoral;CM005003;Sanaga-Maritime;CM005003010;Nyanon;Nyasseng;village
cameroun;CM005;Littoral;CM005003;Sanaga-Maritime;CM005003010;Nyanon;Nyak;village
cameroun;CM005;Littoral;CM005003;Sanaga-Maritime;CM005003010;Nyanon;Bilangue;village
cameroun;CM005;Littoral;CM005003;Sanaga-Maritime;CM005003010;Nyanon;Bilangu;village
cameroun;CM005;Littoral;CM005003;Sanaga-Maritime;CM005003010;Nyanon;Nyanon;town
cameroun;CM005;Littoral;CM005003;Sanaga-Maritime;CM005003010;Nyanon;Mbay;village
cameroun;CM005;Littoral;CM005003;Sanaga-Maritime;CM005003010;Nyanon;Mbougue;village
cameroun;CM005;Littoral;CM005003;Sanaga-Maritime;CM005003010;Nyanon;Nyambat;village
cameroun;CM005;Littoral;CM005003;Sanaga-Maritime;CM005003007;Ndom;Mbola;village
cameroun;CM005;Littoral;CM005003;Sanaga-Maritime;CM005003007;Ndom;Nguimbong;village
cameroun;CM005;Littoral;CM005003;Sanaga-Maritime;CM005003010;Nyanon;Nyahendel;village
cameroun;CM005;Littoral;CM005003;Sanaga-Maritime;CM005003007;Ndom;Likoundbian;village
cameroun;CM005;Littoral;CM005003;Sanaga-Maritime;CM005003007;Ndom;Logmandend;village
cameroun;CM005;Littoral;CM005003;Sanaga-Maritime;CM005003007;Ndom;Toubangom;village
cameroun;CM005;Littoral;CM005003;Sanaga-Maritime;CM005003007;Ndom;Dihong;village
cameroun;CM005;Littoral;CM005003;Sanaga-Maritime;CM005003007;Ndom;Koukoum;village
cameroun;CM005;Littoral;CM005003;Sanaga-Maritime;CM005003007;Ndom;Koukoum;village
cameroun;CM005;Littoral;CM005003;Sanaga-Maritime;CM005003007;Ndom;Nnon;village
cameroun;CM005;Littoral;CM005003;Sanaga-Maritime;CM005003010;Nyanon;Mbone;village
cameroun;CM005;Littoral;CM005003;Sanaga-Maritime;CM005003010;Nyanon;Boumbanga;village
cameroun;CM005;Littoral;CM005003;Sanaga-Maritime;CM005003010;Nyanon;Nkom;village
cameroun;CM005;Littoral;CM005003;Sanaga-Maritime;CM005003005;Massock-Songloulou;Itayap;village
cameroun;CM005;Littoral;CM005003;Sanaga-Maritime;CM005003007;Ndom;Baptek;village
cameroun;CM005;Littoral;CM005003;Sanaga-Maritime;CM005003007;Ndom;Nkonghol;village
cameroun;CM005;Littoral;CM005003;Sanaga-Maritime;CM005003007;Ndom;Mahonda;village
cameroun;CM005;Littoral;CM005003;Sanaga-Maritime;CM005003008;Ngambe;Bodipo;village
cameroun;CM005;Littoral;CM005003;Sanaga-Maritime;CM005003008;Ngambe;Mbandi I;village
cameroun;CM005;Littoral;CM005003;Sanaga-Maritime;CM005003008;Ngambe;Nkak;village
cameroun;CM005;Littoral;CM005003;Sanaga-Maritime;CM005003008;Ngambe;Kokoa;village
cameroun;CM005;Littoral;CM005003;Sanaga-Maritime;CM005003008;Ngambe;Isseng;village
cameroun;CM005;Littoral;CM005003;Sanaga-Maritime;CM005003008;Ngambe;Nkam;village
cameroun;CM005;Littoral;CM005003;Sanaga-Maritime;CM005003008;Ngambe;Matol;village
cameroun;CM005;Littoral;CM005003;Sanaga-Maritime;CM005003008;Ngambe;Ngobilo;village
cameroun;CM005;Littoral;CM005003;Sanaga-Maritime;CM005003008;Ngambe;Tekibongo;village
cameroun;CM005;Littoral;CM005003;Sanaga-Maritime;CM005003008;Ngambe;Ngamb II;village
cameroun;CM005;Littoral;CM005003;Sanaga-Maritime;CM005003008;Ngambe;Mabel;village
cameroun;CM005;Littoral;CM005003;Sanaga-Maritime;CM005003008;Ngambe;Pong;village
cameroun;CM005;Littoral;CM005003;Sanaga-Maritime;CM005003008;Ngambe;Ngambe;town
cameroun;CM005;Littoral;CM005003;Sanaga-Maritime;CM005003008;Ngambe;Bakomb I;village
cameroun;CM005;Littoral;CM005003;Sanaga-Maritime;CM005003005;Massock-Songloulou;Pendjok;village
cameroun;CM005;Littoral;CM005003;Sanaga-Maritime;CM005003005;Massock-Songloulou;Ndjoknkong;village
cameroun;CM002;Centre;CM002008;Nyong-et-Kell;CM002008004;Dibang;Mbanda;village
cameroun;CM005;Littoral;CM005003;Sanaga-Maritime;CM005003005;Massock-Songloulou;Kan;village
cameroun;CM005;Littoral;CM005003;Sanaga-Maritime;CM005003005;Massock-Songloulou;Logpagal;village
cameroun;CM005;Littoral;CM005003;Sanaga-Maritime;CM005003008;Ngambe;Nsingmandeng;village
cameroun;CM005;Littoral;CM005003;Sanaga-Maritime;CM005003005;Massock-Songloulou;Songmbom;village
cameroun;CM005;Littoral;CM005003;Sanaga-Maritime;CM005003005;Massock-Songloulou;Nouya;village
cameroun;CM005;Littoral;CM005003;Sanaga-Maritime;CM005003005;Massock-Songloulou;Pimb I;village
cameroun;CM005;Littoral;CM005003;Sanaga-Maritime;CM005003005;Massock-Songloulou;Pimb II;village
cameroun;CM005;Littoral;CM005003;Sanaga-Maritime;CM005003005;Massock-Songloulou;Poutkat;village
cameroun;CM005;Littoral;CM005003;Sanaga-Maritime;CM005003005;Massock-Songloulou;Bakomb II;village
cameroun;CM005;Littoral;CM005003;Sanaga-Maritime;CM005003005;Massock-Songloulou;Ngomb;village
cameroun;CM005;Littoral;CM005003;Sanaga-Maritime;CM005003005;Massock-Songloulou;Mayohi II;village
cameroun;CM005;Littoral;CM005003;Sanaga-Maritime;CM005003011;Pouma;Sakbym II;village
cameroun;CM005;Littoral;CM005003;Sanaga-Maritime;CM005003011;Pouma;Sakbaym III;village
cameroun;CM005;Littoral;CM005003;Sanaga-Maritime;CM005003005;Massock-Songloulou;Dikongu;village
cameroun;CM005;Littoral;CM005003;Sanaga-Maritime;CM005003005;Massock-Songloulou;Songmbengu;village
cameroun;CM005;Littoral;CM005003;Sanaga-Maritime;CM005003005;Massock-Songloulou;Autochtone;village
cameroun;CM005;Littoral;CM005003;Sanaga-Maritime;CM005003005;Massock-Songloulou;Mahop;village
cameroun;CM005;Littoral;CM005003;Sanaga-Maritime;CM005003005;Massock-Songloulou;Sackbaym;village
cameroun;CM005;Littoral;CM005003;Sanaga-Maritime;CM005003005;Massock-Songloulou;Songmbengue;village
cameroun;CM005;Littoral;CM005003;Sanaga-Maritime;CM005003005;Massock-Songloulou;Douokokoul;village
cameroun;CM005;Littoral;CM005003;Sanaga-Maritime;CM005003005;Massock-Songloulou;Songnkam;village
cameroun;CM005;Littoral;CM005003;Sanaga-Maritime;CM005003005;Massock-Songloulou;Bissonga;village
cameroun;CM005;Littoral;CM005003;Sanaga-Maritime;CM005003005;Massock-Songloulou;Ndojey;village
cameroun;CM005;Littoral;CM005003;Sanaga-Maritime;CM005003005;Massock-Songloulou;Botko;village
cameroun;CM005;Littoral;CM005003;Sanaga-Maritime;CM005003005;Massock-Songloulou;Kanga;village
cameroun;CM005;Littoral;CM005003;Sanaga-Maritime;CM005003008;Ngambe;Yoi;village
cameroun;CM005;Littoral;CM005003;Sanaga-Maritime;CM005003008;Ngambe;Lek;village
cameroun;CM005;Littoral;CM005003;Sanaga-Maritime;CM005003008;Ngambe;Niel 2;village
cameroun;CM005;Littoral;CM005003;Sanaga-Maritime;CM005003008;Ngambe;Niel 1;village
cameroun;CM005;Littoral;CM005003;Sanaga-Maritime;CM005003008;Ngambe;Niel;village
cameroun;CM005;Littoral;CM005003;Sanaga-Maritime;CM005003008;Ngambe;Nye;village
cameroun;CM005;Littoral;CM005003;Sanaga-Maritime;CM005003008;Ngambe;Mandjap I;village
cameroun;CM005;Littoral;CM005003;Sanaga-Maritime;CM005003008;Ngambe;Mouande;village
cameroun;CM005;Littoral;CM005003;Sanaga-Maritime;CM005003008;Ngambe;Nkakmbom;village
cameroun;CM005;Littoral;CM005003;Sanaga-Maritime;CM005003008;Ngambe;Issondje II;village
cameroun;CM005;Littoral;CM005003;Sanaga-Maritime;CM005003008;Ngambe;Lokat;village
cameroun;CM005;Littoral;CM005003;Sanaga-Maritime;CM005003008;Ngambe;Biomoul;village
cameroun;CM005;Littoral;CM005003;Sanaga-Maritime;CM005003008;Ngambe;Dibengui;village
cameroun;CM005;Littoral;CM005003;Sanaga-Maritime;CM005003008;Ngambe;Saha 2;village
cameroun;CM005;Littoral;CM005003;Sanaga-Maritime;CM005003008;Ngambe;Saha 3;village
cameroun;CM005;Littoral;CM005003;Sanaga-Maritime;CM005003008;Ngambe;Omog;village
cameroun;CM005;Littoral;CM005002;Nkam;CM005002004;Yingui;Ndikyen;village
cameroun;CM005;Littoral;CM005002;Nkam;CM005002004;Yingui;Ndike-Mboum;village
cameroun;CM005;Littoral;CM005003;Sanaga-Maritime;CM005003008;Ngambe;Ndikbanamouan (Nyieng);village
cameroun;CM002;Centre;CM002003;Mbam-et-Inoubou;CM002003007;Ndikinimeki;Ndokmbal;village
cameroun;CM002;Centre;CM002003;Mbam-et-Inoubou;CM002003006;Makenene;Ndokmel;village
cameroun;CM002;Centre;CM002003;Mbam-et-Inoubou;CM002003007;Ndikinimeki;Ndokbou;village
cameroun;CM002;Centre;CM002003;Mbam-et-Inoubou;CM002003007;Ndikinimeki;Milimikong;village
cameroun;CM002;Centre;CM002003;Mbam-et-Inoubou;CM002003007;Ndikinimeki;Ndokowanen;village
cameroun;CM002;Centre;CM002003;Mbam-et-Inoubou;CM002003007;Ndikinimeki;Ndokbassabon;village
cameroun;CM005;Littoral;CM005002;Nkam;CM005002004;Yingui;Ndogbassogok;village
cameroun;CM005;Littoral;CM005003;Sanaga-Maritime;CM005003008;Ngambe;Botbea;village
cameroun;CM005;Littoral;CM005003;Sanaga-Maritime;CM005003007;Ndom;Nkonghol;village
cameroun;CM005;Littoral;CM005003;Sanaga-Maritime;CM005003007;Ndom;Nkongmbabol;village
cameroun;CM005;Littoral;CM005003;Sanaga-Maritime;CM005003007;Ndom;Youmngu;village
cameroun;CM005;Littoral;CM005003;Sanaga-Maritime;CM005003007;Ndom;Nkelngond;village
cameroun;CM005;Littoral;CM005003;Sanaga-Maritime;CM005003007;Ndom;Dissahay;village
cameroun;CM005;Littoral;CM005003;Sanaga-Maritime;CM005003007;Ndom;Bipok;village
cameroun;CM005;Littoral;CM005003;Sanaga-Maritime;CM005003007;Ndom;Nguikok;village
cameroun;CM005;Littoral;CM005003;Sanaga-Maritime;CM005003007;Ndom;Bodbambay;village
cameroun;CM005;Littoral;CM005003;Sanaga-Maritime;CM005003007;Ndom;Massangui II;village
cameroun;CM005;Littoral;CM005003;Sanaga-Maritime;CM005003007;Ndom;Hika;village
cameroun;CM005;Littoral;CM005003;Sanaga-Maritime;CM005003007;Ndom;Ndebi;village
cameroun;CM005;Littoral;CM005003;Sanaga-Maritime;CM005003007;Ndom;Ibong;village
cameroun;CM005;Littoral;CM005003;Sanaga-Maritime;CM005003007;Ndom;Ndom;town
cameroun;CM005;Littoral;CM005003;Sanaga-Maritime;CM005003007;Ndom;Nindje;village
cameroun;CM005;Littoral;CM005003;Sanaga-Maritime;CM005003007;Ndom;Makom;village
cameroun;CM005;Littoral;CM005003;Sanaga-Maritime;CM005003007;Ndom;Makom;village
cameroun;CM005;Littoral;CM005003;Sanaga-Maritime;CM005003007;Ndom;Ngok;village
cameroun;CM005;Littoral;CM005003;Sanaga-Maritime;CM005003007;Ndom;Epako;village
cameroun;CM005;Littoral;CM005003;Sanaga-Maritime;CM005003007;Ndom;Kakak;village
cameroun;CM005;Littoral;CM005003;Sanaga-Maritime;CM005003007;Ndom;Nko'o;village
cameroun;CM005;Littoral;CM005003;Sanaga-Maritime;CM005003007;Ndom;Bodkang;village
cameroun;CM005;Littoral;CM005003;Sanaga-Maritime;CM005003007;Ndom;Nkongmbakeneg;village
cameroun;CM005;Littoral;CM005003;Sanaga-Maritime;CM005003007;Ndom;Nse;village
cameroun;CM005;Littoral;CM005003;Sanaga-Maritime;CM005003007;Ndom;Likound;village
cameroun;CM002;Centre;CM002003;Mbam-et-Inoubou;CM002003002;Bokito;Bounaboung;village
cameroun;CM002;Centre;CM002003;Mbam-et-Inoubou;CM002003002;Bokito;Kiendi;village
cameroun;CM002;Centre;CM002003;Mbam-et-Inoubou;CM002003002;Bokito;Niki;village
cameroun;CM002;Centre;CM002003;Mbam-et-Inoubou;CM002003002;Bokito;Missiomo;village
cameroun;CM002;Centre;CM002003;Mbam-et-Inoubou;CM002003002;Bokito;Bounyoungoulouk;village
cameroun;CM005;Littoral;CM005003;Sanaga-Maritime;CM005003007;Ndom;Inang;village
cameroun;CM005;Littoral;CM005003;Sanaga-Maritime;CM005003007;Ndom;Yop-yop;village
cameroun;CM005;Littoral;CM005003;Sanaga-Maritime;CM005003007;Ndom;Omeng;village
cameroun;CM002;Centre;CM002003;Mbam-et-Inoubou;CM002003008;Nitoukou;Nebassel;village
cameroun;CM002;Centre;CM002003;Mbam-et-Inoubou;CM002003008;Nitoukou;Ekondj;village
cameroun;CM002;Centre;CM002003;Mbam-et-Inoubou;CM002003002;Bokito;Ndougbissoung;village
cameroun;CM002;Centre;CM002003;Mbam-et-Inoubou;CM002003002;Bokito;Ossimp II;village
cameroun;CM002;Centre;CM002003;Mbam-et-Inoubou;CM002003007;Ndikinimeki;Ndikokonomena;village
cameroun;CM002;Centre;CM002003;Mbam-et-Inoubou;CM002003007;Ndikinimeki;Ndokaleng;village
cameroun;CM002;Centre;CM002003;Mbam-et-Inoubou;CM002003007;Ndikinimeki;Ndikoko;town
cameroun;CM002;Centre;CM002003;Mbam-et-Inoubou;CM002003008;Nitoukou;Nitoukou;town
cameroun;CM002;Centre;CM002003;Mbam-et-Inoubou;CM002003008;Nitoukou;Nboya;village
cameroun;CM005;Littoral;CM005003;Sanaga-Maritime;CM005003007;Ndom;Malound;village
cameroun;CM005;Littoral;CM005003;Sanaga-Maritime;CM005003007;Ndom;Tembiet;village
cameroun;CM005;Littoral;CM005003;Sanaga-Maritime;CM005003007;Ndom;Tembiet;village
cameroun;CM005;Littoral;CM005003;Sanaga-Maritime;CM005003007;Ndom;Ikolong;village
cameroun;CM005;Littoral;CM005003;Sanaga-Maritime;CM005003007;Ndom;Bomakondo;village
cameroun;CM002;Centre;CM002003;Mbam-et-Inoubou;CM002003007;Ndikinimeki;Ndikibil;village
cameroun;CM002;Centre;CM002003;Mbam-et-Inoubou;CM002003007;Ndikinimeki;Lebo;village
cameroun;CM002;Centre;CM002003;Mbam-et-Inoubou;CM002003007;Ndikinimeki;Ndokononoho;village
cameroun;CM002;Centre;CM002003;Mbam-et-Inoubou;CM002003007;Ndikinimeki;Ndema;village
cameroun;CM002;Centre;CM002003;Mbam-et-Inoubou;CM002003007;Ndikinimeki;Netof;village
cameroun;CM002;Centre;CM002003;Mbam-et-Inoubou;CM002003007;Ndikinimeki;Ndokbilak;village
cameroun;CM002;Centre;CM002003;Mbam-et-Inoubou;CM002003006;Makenene;Balam;village
cameroun;CM002;Centre;CM002003;Mbam-et-Inoubou;CM002003006;Makenene;Bantoum;village
cameroun;CM002;Centre;CM002003;Mbam-et-Inoubou;CM002003006;Makenene;Makenene II;village
cameroun;CM002;Centre;CM002003;Mbam-et-Inoubou;CM002003006;Makenene;Makenene;town
cameroun;CM002;Centre;CM002003;Mbam-et-Inoubou;CM002003007;Ndikinimeki;Ndokohok Village;village
cameroun;CM002;Centre;CM002003;Mbam-et-Inoubou;CM002003006;Makenene;Akout;village
cameroun;CM002;Centre;CM002003;Mbam-et-Inoubou;CM002003006;Makenene;Ndokohok New Bell;village
cameroun;CM002;Centre;CM002003;Mbam-et-Inoubou;CM002003007;Ndikinimeki;Ndokomay;village
cameroun;CM002;Centre;CM002003;Mbam-et-Inoubou;CM002003007;Ndikinimeki;Ndikitiek;village
cameroun;CM002;Centre;CM002003;Mbam-et-Inoubou;CM002003007;Ndikinimeki;Nebolen;village
cameroun;CM002;Centre;CM002003;Mbam-et-Inoubou;CM002003007;Ndikinimeki;Ndikitol;village
cameroun;CM002;Centre;CM002003;Mbam-et-Inoubou;CM002003007;Ndikinimeki;Ndikiyel;village
cameroun;CM002;Centre;CM002003;Mbam-et-Inoubou;CM002003007;Ndikinimeki;Ndikinimki;town
cameroun;CM002;Centre;CM002003;Mbam-et-Inoubou;CM002003007;Ndikinimeki;Bakongo;village
cameroun;CM002;Centre;CM002003;Mbam-et-Inoubou;CM002003007;Ndikinimeki;Etoundou II;village
cameroun;CM002;Centre;CM002003;Mbam-et-Inoubou;CM002003007;Ndikinimeki;Nefant;village
cameroun;CM002;Centre;CM002003;Mbam-et-Inoubou;CM002003007;Ndikinimeki;Etoundou III;village
cameroun;CM002;Centre;CM002003;Mbam-et-Inoubou;CM002003007;Ndikinimeki;Etoundou I;village
cameroun;CM002;Centre;CM002003;Mbam-et-Inoubou;CM002003005;Kon Yambetta;Boutourou;village
cameroun;CM002;Centre;CM002003;Mbam-et-Inoubou;CM002003005;Kon Yambetta;Lnyouofi;village
cameroun;CM002;Centre;CM002003;Mbam-et-Inoubou;CM002003005;Kon Yambetta;Kiboum II;village
cameroun;CM002;Centre;CM002003;Mbam-et-Inoubou;CM002003003;Deuk;Gdouboubou;village
cameroun;CM008;Ouest;CM008008;Noun;CM008008008;Massangam;Manya;village
cameroun;CM008;Ouest;CM008008;Noun;CM008008008;Massangam;Makwopchichi;village
cameroun;CM002;Centre;CM002003;Mbam-et-Inoubou;CM002003003;Deuk;Bandong;village
cameroun;CM008;Ouest;CM008008;Noun;CM008008008;Massangam;Mansn;village
cameroun;CM002;Centre;CM002003;Mbam-et-Inoubou;CM002003006;Makenene;Nyokon II;village
cameroun;CM008;Ouest;CM008007;Nd;CM008007001;Bangangte;Ntokou;village
cameroun;CM008;Ouest;CM008007;Nd;CM008007001;Bangangte;Nsanki;village
cameroun;CM008;Ouest;CM008007;Nd;CM008007004;Tonga;Bantoum III;village
cameroun;CM008;Ouest;CM008007;Nd;CM008007001;Bangangte;Mafota;village
cameroun;CM008;Ouest;CM008007;Nd;CM008007001;Bangangte;Bantoum II;village
cameroun;CM008;Ouest;CM008007;Nd;CM008007001;Bangangte;Bantoum I;village
cameroun;CM008;Ouest;CM008007;Nd;CM008007004;Tonga;Badoua;village
cameroun;CM008;Ouest;CM008007;Nd;CM008007004;Tonga;Komto;village
cameroun;CM008;Ouest;CM008007;Nd;CM008007004;Tonga;Kouajem;village
cameroun;CM008;Ouest;CM008007;Nd;CM008007004;Tonga;Medina;village
cameroun;CM002;Centre;CM002003;Mbam-et-Inoubou;CM002003006;Makenene;Babitchoua;village
cameroun;CM008;Ouest;CM008007;Nd;CM008007004;Tonga;Sabou;village
cameroun;CM008;Ouest;CM008007;Nd;CM008007004;Tonga;Saliki;village
cameroun;CM008;Ouest;CM008007;Nd;CM008007004;Tonga;Tonga;town
cameroun;CM008;Ouest;CM008007;Nd;CM008007004;Tonga;Maham III;village
cameroun;CM002;Centre;CM002003;Mbam-et-Inoubou;CM002003006;Makenene;Bantoum II;village
cameroun;CM002;Centre;CM002003;Mbam-et-Inoubou;CM002003006;Makenene;Nd;village
cameroun;CM002;Centre;CM002003;Mbam-et-Inoubou;CM002003006;Makenene;Kinding Djabi;village
cameroun;CM002;Centre;CM002003;Mbam-et-Inoubou;CM002003006;Makenene;Nyengo;village
cameroun;CM002;Centre;CM002003;Mbam-et-Inoubou;CM002003007;Ndikinimeki;Maf;village
cameroun;CM002;Centre;CM002003;Mbam-et-Inoubou;CM002003006;Makenene;Doubom;village
cameroun;CM002;Centre;CM002003;Mbam-et-Inoubou;CM002003006;Makenene;Ndoumalon;village
cameroun;CM002;Centre;CM002003;Mbam-et-Inoubou;CM002003006;Makenene;Boulo ou Meloum;village
cameroun;CM002;Centre;CM002003;Mbam-et-Inoubou;CM002003006;Makenene;Boua;village
cameroun;CM002;Centre;CM002003;Mbam-et-Inoubou;CM002003006;Makenene;Kinding;village
cameroun;CM002;Centre;CM002003;Mbam-et-Inoubou;CM002003006;Makenene;Kinding Guafo;village
cameroun;CM002;Centre;CM002003;Mbam-et-Inoubou;CM002003006;Makenene;Sagueque;village
cameroun;CM008;Ouest;CM008007;Nd;CM008007004;Tonga;Bandounga;village
cameroun;CM008;Ouest;CM008007;Nd;CM008007002;Bassamba;Bassamba;town
cameroun;CM008;Ouest;CM008007;Nd;CM008007002;Bassamba;Ndoumba;village
cameroun;CM008;Ouest;CM008007;Nd;CM008007001;Bangangte;Kofen;village
cameroun;CM008;Ouest;CM008007;Nd;CM008007001;Bangangte;Babou;village
cameroun;CM008;Ouest;CM008007;Nd;CM008007001;Bangangte;Bangoulap;village
cameroun;CM008;Ouest;CM008007;Nd;CM008007001;Bangangte;Bandzuidjong;village
cameroun;CM008;Ouest;CM008007;Nd;CM008007003;Bazou;Sa'nya;village
cameroun;CM008;Ouest;CM008007;Nd;CM008007003;Bazou;Ntagni;village
cameroun;CM008;Ouest;CM008007;Nd;CM008007001;Bangangte;Bahouok;village
cameroun;CM008;Ouest;CM008007;Nd;CM008007001;Bangangte;Mvetchwet;village
cameroun;CM002;Centre;CM002005;Mefou-et-Afamba;CM002005007;Nkolafamba;Nzazomo;village
cameroun;CM002;Centre;CM002007;Mfoundi;CM002007004;Yaounde 4e;Biteng;village
cameroun;CM002;Centre;CM002007;Mfoundi;CM002007004;Yaounde 4e;Nkolo;village
cameroun;CM002;Centre;CM002007;Mfoundi;CM002007005;Yaounde 5e;Mfandna II;village
cameroun;CM002;Centre;CM002005;Mefou-et-Afamba;CM002005008;Soa;Ngona;village
cameroun;CM002;Centre;CM002005;Mefou-et-Afamba;CM002005007;Nkolafamba;Nkombassi;village
cameroun;CM002;Centre;CM002005;Mefou-et-Afamba;CM002005008;Soa;Nkoabang;village
cameroun;CM002;Centre;CM002005;Mefou-et-Afamba;CM002005007;Nkolafamba;Lada II;village
cameroun;CM002;Centre;CM002005;Mefou-et-Afamba;CM002005007;Nkolafamba;Lada I;village
cameroun;CM002;Centre;CM002005;Mefou-et-Afamba;CM002005006;Mfou;Assok;village
cameroun;CM002;Centre;CM002005;Mefou-et-Afamba;CM002005006;Mfou;Essabak;village
cameroun;CM002;Centre;CM002005;Mefou-et-Afamba;CM002005007;Nkolafamba;Akok;village
cameroun;CM002;Centre;CM002005;Mefou-et-Afamba;CM002005007;Nkolafamba;Akoumbou;village
cameroun;CM002;Centre;CM002005;Mefou-et-Afamba;CM002005007;Nkolafamba;Nkolafamba;town
cameroun;CM002;Centre;CM002005;Mefou-et-Afamba;CM002005007;Nkolafamba;Ovangou;village
cameroun;CM002;Centre;CM002005;Mefou-et-Afamba;CM002005007;Nkolafamba;Akok;village
cameroun;CM002;Centre;CM002005;Mefou-et-Afamba;CM002005003;Awae;Missongui;village
cameroun;CM002;Centre;CM002005;Mefou-et-Afamba;CM002005003;Awae;Mvog;village
cameroun;CM002;Centre;CM002005;Mefou-et-Afamba;CM002005008;Soa;Ongandi;village
cameroun;CM002;Centre;CM002005;Mefou-et-Afamba;CM002005008;Soa;Ting;village
cameroun;CM002;Centre;CM002005;Mefou-et-Afamba;CM002005008;Soa;Ebolmadzom;village
cameroun;CM004;Extrme-Nord;CM004001;Diamar;CM004001007;Meri;Markaba;village
cameroun;CM004;Extrme-Nord;CM004001;Diamar;CM004001007;Meri;Dogbatchakao;village
cameroun;CM004;Extrme-Nord;CM004001;Diamar;CM004001007;Meri;Dogba;village
cameroun;CM004;Extrme-Nord;CM004001;Diamar;CM004001007;Meri;Mokio;village
cameroun;CM004;Extrme-Nord;CM004001;Diamar;CM004001007;Meri;Doulek;village
cameroun;CM004;Extrme-Nord;CM004005;Mayo-Sava;CM004005003;Tokombere;Moudouvaya;village
cameroun;CM004;Extrme-Nord;CM004005;Mayo-Sava;CM004005003;Tokombere;Mouyengue;village
cameroun;CM004;Extrme-Nord;CM004005;Mayo-Sava;CM004005003;Tokombere;Baka;village
cameroun;CM004;Extrme-Nord;CM004005;Mayo-Sava;CM004005003;Tokombere;Makalingaye;village
cameroun;CM004;Extrme-Nord;CM004005;Mayo-Sava;CM004005003;Tokombere;Tindirme_wailam;village
cameroun;CM004;Extrme-Nord;CM004005;Mayo-Sava;CM004005003;Tokombere;Tindirme;village
cameroun;CM004;Extrme-Nord;CM004005;Mayo-Sava;CM004005002;Mora;Doubou;village
cameroun;CM004;Extrme-Nord;CM004005;Mayo-Sava;CM004005003;Tokombere;Lahma;village
cameroun;CM004;Extrme-Nord;CM004005;Mayo-Sava;CM004005003;Tokombere;Palbara_piemont;village
cameroun;CM004;Extrme-Nord;CM004005;Mayo-Sava;CM004005003;Tokombere;Lahma;village
cameroun;CM004;Extrme-Nord;CM004005;Mayo-Sava;CM004005003;Tokombere;Gazayaka;village
cameroun;CM004;Extrme-Nord;CM004005;Mayo-Sava;CM004005002;Mora;Palbara;village
cameroun;CM004;Extrme-Nord;CM004005;Mayo-Sava;CM004005002;Mora;Goudouba;village
cameroun;CM004;Extrme-Nord;CM004005;Mayo-Sava;CM004005002;Mora;Warba;village
cameroun;CM004;Extrme-Nord;CM004005;Mayo-Sava;CM004005002;Mora;Dargala;village
cameroun;CM004;Extrme-Nord;CM004005;Mayo-Sava;CM004005002;Mora;Seradounda;village
cameroun;CM004;Extrme-Nord;CM004005;Mayo-Sava;CM004005002;Mora;Here;village
cameroun;CM004;Extrme-Nord;CM004005;Mayo-Sava;CM004005002;Mora;Guebegue;village
cameroun;CM004;Extrme-Nord;CM004005;Mayo-Sava;CM004005002;Mora;Mm;village
cameroun;CM004;Extrme-Nord;CM004005;Mayo-Sava;CM004005002;Mora;Manawatchi;village
cameroun;CM004;Extrme-Nord;CM004005;Mayo-Sava;CM004005002;Mora;Tchoko;village
cameroun;CM004;Extrme-Nord;CM004005;Mayo-Sava;CM004005002;Mora;Mouyoure_talla_lawan;village
cameroun;CM004;Extrme-Nord;CM004005;Mayo-Sava;CM004005002;Mora;Yala Yalta;village
cameroun;CM004;Extrme-Nord;CM004005;Mayo-Sava;CM004005002;Mora;Ouro_mokouba_2;village
cameroun;CM004;Extrme-Nord;CM004005;Mayo-Sava;CM004005002;Mora;Djalingo;village
cameroun;CM004;Extrme-Nord;CM004001;Diamar;CM004001006;Maroua 3e;Ouro Mokouba;village
cameroun;CM004;Extrme-Nord;CM004001;Diamar;CM004001006;Maroua 3e;Mazangai;village
cameroun;CM004;Extrme-Nord;CM004001;Diamar;CM004001006;Maroua 3e;Ouro Hassana;village
cameroun;CM004;Extrme-Nord;CM004005;Mayo-Sava;CM004005002;Mora;Ouro Chetima;village
cameroun;CM004;Extrme-Nord;CM004005;Mayo-Sava;CM004005002;Mora;Mehe;village
cameroun;CM004;Extrme-Nord;CM004005;Mayo-Sava;CM004005002;Mora;Ouro Modibo;village
cameroun;CM004;Extrme-Nord;CM004001;Diamar;CM004001006;Maroua 3e;Wirdeo;village
cameroun;CM004;Extrme-Nord;CM004005;Mayo-Sava;CM004005002;Mora;Mokoche;village
cameroun;CM004;Extrme-Nord;CM004001;Diamar;CM004001009;Pette;Tchakamadje;village
cameroun;CM004;Extrme-Nord;CM004001;Diamar;CM004001006;Maroua 3e;Walassa;village
cameroun;CM004;Extrme-Nord;CM004001;Diamar;CM004001006;Maroua 3e;Papata;village
cameroun;CM004;Extrme-Nord;CM004001;Diamar;CM004001007;Meri;Mogazang;village
cameroun;CM004;Extrme-Nord;CM004001;Diamar;CM004001006;Maroua 3e;Adia;village
cameroun;CM004;Extrme-Nord;CM004001;Diamar;CM004001006;Maroua 3e;Kossoua;village
cameroun;CM004;Extrme-Nord;CM004001;Diamar;CM004001006;Maroua 3e;Adjiodeo;village
cameroun;CM004;Extrme-Nord;CM004001;Diamar;CM004001006;Maroua 3e;Ouro Gui;village
cameroun;CM004;Extrme-Nord;CM004001;Diamar;CM004001006;Maroua 3e;Yold;village
cameroun;CM004;Extrme-Nord;CM004001;Diamar;CM004001006;Maroua 3e;Massourdouba;village
cameroun;CM004;Extrme-Nord;CM004001;Diamar;CM004001009;Pette;Guizigul;village
cameroun;CM004;Extrme-Nord;CM004001;Diamar;CM004001006;Maroua 3e;Ouro Maloum;village
cameroun;CM004;Extrme-Nord;CM004001;Diamar;CM004001006;Maroua 3e;Kodek_2;village
cameroun;CM004;Extrme-Nord;CM004001;Diamar;CM004001006;Maroua 3e;Balaza_lawane;village
cameroun;CM004;Extrme-Nord;CM004001;Diamar;CM004001006;Maroua 3e;Birio;village
cameroun;CM004;Extrme-Nord;CM004001;Diamar;CM004001006;Maroua 3e;Ouro Abalodo;village
cameroun;CM004;Extrme-Nord;CM004001;Diamar;CM004001009;Pette;Oouro Kagama;village
cameroun;CM004;Extrme-Nord;CM004001;Diamar;CM004001009;Pette;Ouro Baba;village
cameroun;CM004;Extrme-Nord;CM004001;Diamar;CM004001009;Pette;Souawo;village
cameroun;CM004;Extrme-Nord;CM004001;Diamar;CM004001006;Maroua 3e;Tchaloudi;village
cameroun;CM004;Extrme-Nord;CM004001;Diamar;CM004001006;Maroua 3e;Garakari;village
cameroun;CM004;Extrme-Nord;CM004001;Diamar;CM004001006;Maroua 3e;Karagari;village
cameroun;CM004;Extrme-Nord;CM004001;Diamar;CM004001006;Maroua 3e;Balaza;village
cameroun;CM004;Extrme-Nord;CM004001;Diamar;CM004001001;Bogo;Bagalaf;village
cameroun;CM004;Extrme-Nord;CM004001;Diamar;CM004001001;Bogo;Ouro Messere;village
cameroun;CM004;Extrme-Nord;CM004001;Diamar;CM004001001;Bogo;Madaka;village
cameroun;CM004;Extrme-Nord;CM004001;Diamar;CM004001001;Bogo;Diguil;village
cameroun;CM004;Extrme-Nord;CM004001;Diamar;CM004001006;Maroua 3e;Guinarchi;village
cameroun;CM004;Extrme-Nord;CM004001;Diamar;CM004001006;Maroua 3e;Ngaba;village
cameroun;CM004;Extrme-Nord;CM004001;Diamar;CM004001009;Pette;Kidjemi;village
cameroun;CM004;Extrme-Nord;CM004001;Diamar;CM004001009;Pette;Doubel;village
cameroun;CM004;Extrme-Nord;CM004001;Diamar;CM004001009;Pette;Guinadi;village
cameroun;CM004;Extrme-Nord;CM004001;Diamar;CM004001009;Pette;Yaga Soudani;village
cameroun;CM004;Extrme-Nord;CM004001;Diamar;CM004001009;Pette;Malam_petel_2;village
cameroun;CM004;Extrme-Nord;CM004001;Diamar;CM004001009;Pette;Malam Petel;village
cameroun;CM004;Extrme-Nord;CM004001;Diamar;CM004001009;Pette;Malam_manidjam;village
cameroun;CM004;Extrme-Nord;CM004001;Diamar;CM004001009;Pette;Malam;village
cameroun;CM004;Extrme-Nord;CM004001;Diamar;CM004001009;Pette;Oladano;village
cameroun;CM004;Extrme-Nord;CM004001;Diamar;CM004001009;Pette;Madacascar;village
cameroun;CM004;Extrme-Nord;CM004001;Diamar;CM004001009;Pette;Dabam;village
cameroun;CM004;Extrme-Nord;CM004001;Diamar;CM004001009;Pette;Nkongo;village
cameroun;CM004;Extrme-Nord;CM004001;Diamar;CM004001009;Pette;Kourwama;village
cameroun;CM004;Extrme-Nord;CM004001;Diamar;CM004001009;Pette;Karagari;village
cameroun;CM004;Extrme-Nord;CM004001;Diamar;CM004001009;Pette;Ouro Babaya;village
cameroun;CM004;Extrme-Nord;CM004001;Diamar;CM004001009;Pette;Tchalnga;village
cameroun;CM004;Extrme-Nord;CM004001;Diamar;CM004001009;Pette;Ptt;town
cameroun;CM004;Extrme-Nord;CM004001;Diamar;CM004001009;Pette;Djouta Bembal;village
cameroun;CM004;Extrme-Nord;CM004001;Diamar;CM004001009;Pette;Fadr;village
cameroun;CM004;Extrme-Nord;CM004001;Diamar;CM004001009;Pette;Magaldao;village
cameroun;CM004;Extrme-Nord;CM004001;Diamar;CM004001009;Pette;Ouro Daole;village
cameroun;CM004;Extrme-Nord;CM004001;Diamar;CM004001009;Pette;Ouro Abirou;village
cameroun;CM004;Extrme-Nord;CM004001;Diamar;CM004001009;Pette;Djibire;village
cameroun;CM004;Extrme-Nord;CM004001;Diamar;CM004001009;Pette;Adoumere;village
cameroun;CM004;Extrme-Nord;CM004001;Diamar;CM004001009;Pette;Louba Louba;village
cameroun;CM004;Extrme-Nord;CM004001;Diamar;CM004001009;Pette;Mourgoum;village
cameroun;CM004;Extrme-Nord;CM004001;Diamar;CM004001009;Pette;Amkaye;village
cameroun;CM004;Extrme-Nord;CM004001;Diamar;CM004001009;Pette;Habille;village
cameroun;CM004;Extrme-Nord;CM004001;Diamar;CM004001001;Bogo;Kourdaya;village
cameroun;CM004;Extrme-Nord;CM004001;Diamar;CM004001001;Bogo;Tchabawol;village
cameroun;CM004;Extrme-Nord;CM004001;Diamar;CM004001001;Bogo;Guingley;village
cameroun;CM004;Extrme-Nord;CM004001;Diamar;CM004001001;Bogo;Bedji_bedji;village
cameroun;CM004;Extrme-Nord;CM004001;Diamar;CM004001001;Bogo;Balda;village
cameroun;CM004;Extrme-Nord;CM004001;Diamar;CM004001001;Bogo;Madide;village
cameroun;CM004;Extrme-Nord;CM004001;Diamar;CM004001006;Maroua 3e;Kaoudjiga;village
cameroun;CM004;Extrme-Nord;CM004001;Diamar;CM004001001;Bogo;Mororo;village
cameroun;CM004;Extrme-Nord;CM004001;Diamar;CM004001001;Bogo;Magoumay;village
cameroun;CM004;Extrme-Nord;CM004001;Diamar;CM004001001;Bogo;Boudou;village
cameroun;CM004;Extrme-Nord;CM004001;Diamar;CM004001001;Bogo;Foukarbeo;village
cameroun;CM004;Extrme-Nord;CM004001;Diamar;CM004001001;Bogo;Boray;village
cameroun;CM004;Extrme-Nord;CM004001;Diamar;CM004001001;Bogo;Guirley;village
cameroun;CM004;Extrme-Nord;CM004001;Diamar;CM004001001;Bogo;Yolel;village
cameroun;CM004;Extrme-Nord;CM004001;Diamar;CM004001002;Dargala;Ouro Bogno;village
cameroun;CM004;Extrme-Nord;CM004001;Diamar;CM004001002;Dargala;Dargala;town
cameroun;CM004;Extrme-Nord;CM004001;Diamar;CM004001002;Dargala;Hodende;village
cameroun;CM004;Extrme-Nord;CM004001;Diamar;CM004001001;Bogo;Botchao;village
cameroun;CM004;Extrme-Nord;CM004001;Diamar;CM004001001;Bogo;Tankirou;village
cameroun;CM004;Extrme-Nord;CM004001;Diamar;CM004001002;Dargala;Yoldeo;village
cameroun;CM004;Extrme-Nord;CM004001;Diamar;CM004001006;Maroua 3e;Djoulgouf;village
cameroun;CM004;Extrme-Nord;CM004001;Diamar;CM004001006;Maroua 3e;Yambaram;village
cameroun;CM004;Extrme-Nord;CM004001;Diamar;CM004001002;Dargala;Wirdio;village
cameroun;CM004;Extrme-Nord;CM004001;Diamar;CM004001002;Dargala;Kayeo;village
cameroun;CM004;Extrme-Nord;CM004004;Mayo-Kani;CM004004003;Mindif;Ouro Boune;village
cameroun;CM004;Extrme-Nord;CM004001;Diamar;CM004001002;Dargala;Gouroum;village
cameroun;CM004;Extrme-Nord;CM004001;Diamar;CM004001002;Dargala;Kalaki;village
cameroun;CM004;Extrme-Nord;CM004001;Diamar;CM004001002;Dargala;Ouro Zangui;village
cameroun;CM004;Extrme-Nord;CM004001;Diamar;CM004001002;Dargala;Dembaye;village
cameroun;CM004;Extrme-Nord;CM004001;Diamar;CM004001002;Dargala;Tchabiyel;village
cameroun;CM004;Extrme-Nord;CM004001;Diamar;CM004001002;Dargala;Lamorde;village
cameroun;CM004;Extrme-Nord;CM004001;Diamar;CM004001002;Dargala;Gay Gay;village
cameroun;CM004;Extrme-Nord;CM004004;Mayo-Kani;CM004004003;Mindif;Gai Gai;village
cameroun;CM004;Extrme-Nord;CM004004;Mayo-Kani;CM004004003;Mindif;Maoudine;village
cameroun;CM004;Extrme-Nord;CM004004;Mayo-Kani;CM004004003;Mindif;Paris;village
cameroun;CM004;Extrme-Nord;CM004004;Mayo-Kani;CM004004003;Mindif;Tchasdeo;village
cameroun;CM004;Extrme-Nord;CM004004;Mayo-Kani;CM004004003;Mindif;Bembel;village
cameroun;CM004;Extrme-Nord;CM004004;Mayo-Kani;CM004004003;Mindif;Larie;village
cameroun;CM004;Extrme-Nord;CM004004;Mayo-Kani;CM004004003;Mindif;Mindif;town
cameroun;CM004;Extrme-Nord;CM004004;Mayo-Kani;CM004004003;Mindif;Tchaouake;village
cameroun;CM004;Extrme-Nord;CM004004;Mayo-Kani;CM004004003;Mindif;Dir;village
cameroun;CM004;Extrme-Nord;CM004004;Mayo-Kani;CM004004003;Mindif;Mendeo;village
cameroun;CM004;Extrme-Nord;CM004004;Mayo-Kani;CM004004003;Mindif;Gagadje;village
cameroun;CM004;Extrme-Nord;CM004004;Mayo-Kani;CM004004003;Mindif;Kobbo;village
cameroun;CM004;Extrme-Nord;CM004001;Diamar;CM004001002;Dargala;Gai-gai Dargala;village
cameroun;CM004;Extrme-Nord;CM004004;Mayo-Kani;CM004004003;Mindif;Gouma;village
cameroun;CM004;Extrme-Nord;CM004004;Mayo-Kani;CM004004004;Moulvoudaye;Gadjia;village
cameroun;CM004;Extrme-Nord;CM004004;Mayo-Kani;CM004004004;Moulvoudaye;Daram;village
cameroun;CM004;Extrme-Nord;CM004004;Mayo-Kani;CM004004004;Moulvoudaye;Kor;village
cameroun;CM004;Extrme-Nord;CM004004;Mayo-Kani;CM004004004;Moulvoudaye;Kaya;village
cameroun;CM004;Extrme-Nord;CM004004;Mayo-Kani;CM004004004;Moulvoudaye;Golombouri;village
cameroun;CM004;Extrme-Nord;CM004004;Mayo-Kani;CM004004004;Moulvoudaye;Gouzouma;village
cameroun;CM004;Extrme-Nord;CM004004;Mayo-Kani;CM004004004;Moulvoudaye;Baknai;village
cameroun;CM004;Extrme-Nord;CM004004;Mayo-Kani;CM004004004;Moulvoudaye;Goumlaye;village
cameroun;CM004;Extrme-Nord;CM004004;Mayo-Kani;CM004004004;Moulvoudaye;Guidoua;village
cameroun;CM004;Extrme-Nord;CM004004;Mayo-Kani;CM004004004;Moulvoudaye;Doumga;village
cameroun;CM004;Extrme-Nord;CM004004;Mayo-Kani;CM004004004;Moulvoudaye;Gouzouma;village
cameroun;CM004;Extrme-Nord;CM004004;Mayo-Kani;CM004004004;Moulvoudaye;Typaing;village
cameroun;CM004;Extrme-Nord;CM004004;Mayo-Kani;CM004004004;Moulvoudaye;Moditane;village
cameroun;CM004;Extrme-Nord;CM004003;Mayo-Danay;CM004003005;Kalfou;Zaria;village
cameroun;CM004;Extrme-Nord;CM004004;Mayo-Kani;CM004004004;Moulvoudaye;Kodjoleo;village
cameroun;CM004;Extrme-Nord;CM004004;Mayo-Kani;CM004004004;Moulvoudaye;Agoyo;village
cameroun;CM004;Extrme-Nord;CM004004;Mayo-Kani;CM004004004;Moulvoudaye;Bourloum;village
cameroun;CM004;Extrme-Nord;CM004004;Mayo-Kani;CM004004004;Moulvoudaye;Ouro Biri;village
cameroun;CM004;Extrme-Nord;CM004004;Mayo-Kani;CM004004004;Moulvoudaye;Banka;village
cameroun;CM004;Extrme-Nord;CM004004;Mayo-Kani;CM004004004;Moulvoudaye;Moulvoudaye;town
cameroun;CM004;Extrme-Nord;CM004003;Mayo-Danay;CM004003004;Kai-Kai;Magayel;village
cameroun;CM004;Extrme-Nord;CM004003;Mayo-Danay;CM004003004;Kai-Kai;Doukrey;village
cameroun;CM004;Extrme-Nord;CM004004;Mayo-Kani;CM004004004;Moulvoudaye;Goudoum Goudoum;village
cameroun;CM004;Extrme-Nord;CM004004;Mayo-Kani;CM004004004;Moulvoudaye;Kerdeng;village
cameroun;CM004;Extrme-Nord;CM004004;Mayo-Kani;CM004004004;Moulvoudaye;Kadaye;village
cameroun;CM004;Extrme-Nord;CM004004;Mayo-Kani;CM004004004;Moulvoudaye;Guildif;village
cameroun;CM004;Extrme-Nord;CM004001;Diamar;CM004001001;Bogo;Sedek;village
cameroun;CM004;Extrme-Nord;CM004001;Diamar;CM004001001;Bogo;Baouli;village
cameroun;CM004;Extrme-Nord;CM004003;Mayo-Danay;CM004003007;Maga;Boko;village
cameroun;CM004;Extrme-Nord;CM004001;Diamar;CM004001001;Bogo;Eheing;village
cameroun;CM004;Extrme-Nord;CM004003;Mayo-Danay;CM004003007;Maga;Faraoulo;village
cameroun;CM004;Extrme-Nord;CM004001;Diamar;CM004001001;Bogo;Djiddel;village
cameroun;CM004;Extrme-Nord;CM004001;Diamar;CM004001001;Bogo;Gouzouboulam;village
cameroun;CM004;Extrme-Nord;CM004001;Diamar;CM004001009;Pette;Alagarno;village
cameroun;CM004;Extrme-Nord;CM004003;Mayo-Danay;CM004003007;Maga;Blamatoko arabe;village
cameroun;CM004;Extrme-Nord;CM004003;Mayo-Danay;CM004003007;Maga;Blamatoko Foulbe;village
cameroun;CM004;Extrme-Nord;CM004001;Diamar;CM004001001;Bogo;Saodjo;village
cameroun;CM004;Extrme-Nord;CM004003;Mayo-Danay;CM004003007;Maga;Guirvidig;town
cameroun;CM002;Centre;CM002006;Mefou-et-Akono;CM002006002;Bikok;Nyomo;village
cameroun;CM002;Centre;CM002007;Mfoundi;CM002007003;Yaounde 3e;Etoa;village
cameroun;CM002;Centre;CM002007;Mfoundi;CM002007004;Yaounde 4e;Meyo;village
cameroun;CM002;Centre;CM002006;Mefou-et-Akono;CM002006003;Mbankomo;Mbalngong;village
cameroun;CM002;Centre;CM002007;Mfoundi;CM002007003;Yaounde 3e;Mbadoumou;village
cameroun;CM002;Centre;CM002006;Mefou-et-Akono;CM002006003;Mbankomo;Eloumden I;village
cameroun;CM002;Centre;CM002006;Mefou-et-Akono;CM002006003;Mbankomo;Bibong;village
cameroun;CM002;Centre;CM002007;Mfoundi;CM002007003;Yaounde 3e;Nomayos I;village
cameroun;CM002;Centre;CM002007;Mfoundi;CM002007003;Yaounde 3e;Afanoyoa III;village
cameroun;CM002;Centre;CM002007;Mfoundi;CM002007003;Yaounde 3e;Mkoumbou;village
cameroun;CM002;Centre;CM002006;Mefou-et-Akono;CM002006002;Bikok;Ntouessong;village
cameroun;CM002;Centre;CM002006;Mefou-et-Akono;CM002006003;Mbankomo;Nkolbiyen;village
cameroun;CM002;Centre;CM002006;Mefou-et-Akono;CM002006003;Mbankomo;Akeng;village
cameroun;CM002;Centre;CM002006;Mefou-et-Akono;CM002006003;Mbankomo;Nkoabang;village
cameroun;CM002;Centre;CM002006;Mefou-et-Akono;CM002006002;Bikok;Nkongndougou I;village
cameroun;CM002;Centre;CM002006;Mefou-et-Akono;CM002006002;Bikok;Mbakaa;village
cameroun;CM002;Centre;CM002006;Mefou-et-Akono;CM002006002;Bikok;Nkongndougou II;village
cameroun;CM002;Centre;CM002006;Mefou-et-Akono;CM002006002;Bikok;Koulboa;village
cameroun;CM002;Centre;CM002006;Mefou-et-Akono;CM002006002;Bikok;Essazok II;village
cameroun;CM002;Centre;CM002005;Mefou-et-Afamba;CM002005006;Mfou;Nkolmfou II;village
cameroun;CM002;Centre;CM002005;Mefou-et-Afamba;CM002005006;Mfou;Ekoko I;village
cameroun;CM002;Centre;CM002005;Mefou-et-Afamba;CM002005006;Mfou;Essazok I;village
cameroun;CM002;Centre;CM002005;Mefou-et-Afamba;CM002005006;Mfou;Awa IV;village
cameroun;CM002;Centre;CM002005;Mefou-et-Afamba;CM002005006;Mfou;Ekali I;village
cameroun;CM002;Centre;CM002010;Nyong-et-So'o;CM002010003;Mbalmayo;Zoatoupsi;village
cameroun;CM002;Centre;CM002010;Nyong-et-So'o;CM002010003;Mbalmayo;Ovangoul;village
cameroun;CM002;Centre;CM002005;Mefou-et-Afamba;CM002005006;Mfou;Abang;village
cameroun;CM002;Centre;CM002006;Mefou-et-Akono;CM002006002;Bikok;Oman;village
cameroun;CM002;Centre;CM002006;Mefou-et-Akono;CM002006002;Bikok;Alen;village
cameroun;CM002;Centre;CM002010;Nyong-et-So'o;CM002010003;Mbalmayo;Eboug Menyou;village
cameroun;CM002;Centre;CM002010;Nyong-et-So'o;CM002010003;Mbalmayo;Zamako;village
cameroun;CM002;Centre;CM002010;Nyong-et-So'o;CM002010003;Mbalmayo;Nkolnkok;village
cameroun;CM002;Centre;CM002010;Nyong-et-So'o;CM002010003;Mbalmayo;Ngalan;village
cameroun;CM002;Centre;CM002010;Nyong-et-So'o;CM002010003;Mbalmayo;Ekombiti;village
cameroun;CM002;Centre;CM002010;Nyong-et-So'o;CM002010003;Mbalmayo;Mballon;village
cameroun;CM002;Centre;CM002010;Nyong-et-So'o;CM002010003;Mbalmayo;Nkolnguet;village
cameroun;CM002;Centre;CM002010;Nyong-et-So'o;CM002010003;Mbalmayo;Oyack II;village
cameroun;CM002;Centre;CM002010;Nyong-et-So'o;CM002010003;Mbalmayo;Nsen Nlong I;village
cameroun;CM002;Centre;CM002006;Mefou-et-Akono;CM002006002;Bikok;Mendong;village
cameroun;CM002;Centre;CM002006;Mefou-et-Akono;CM002006002;Bikok;Okod;village
cameroun;CM002;Centre;CM002006;Mefou-et-Akono;CM002006002;Bikok;Onangondi;village
cameroun;CM002;Centre;CM002010;Nyong-et-So'o;CM002010003;Mbalmayo;Nsen Nlong II;village
cameroun;CM002;Centre;CM002006;Mefou-et-Akono;CM002006002;Bikok;Akok Bekoe;village
cameroun;CM002;Centre;CM002006;Mefou-et-Akono;CM002006002;Bikok;Songmimbias;village
cameroun;CM002;Centre;CM002006;Mefou-et-Akono;CM002006002;Bikok;Abangmindi;village
cameroun;CM002;Centre;CM002006;Mefou-et-Akono;CM002006002;Bikok;Ntouessong;village
cameroun;CM002;Centre;CM002006;Mefou-et-Akono;CM002006002;Bikok;Nkongnen II;village
cameroun;CM002;Centre;CM002006;Mefou-et-Akono;CM002006002;Bikok;Manmenyi;village
cameroun;CM002;Centre;CM002006;Mefou-et-Akono;CM002006002;Bikok;Bikop;town
cameroun;CM002;Centre;CM002006;Mefou-et-Akono;CM002006002;Bikok;Essomba;village
cameroun;CM002;Centre;CM002006;Mefou-et-Akono;CM002006002;Bikok;Mballon;village
cameroun;CM002;Centre;CM002006;Mefou-et-Akono;CM002006002;Bikok;Nkoab;village
cameroun;CM002;Centre;CM002006;Mefou-et-Akono;CM002006002;Bikok;Nkongndougou V;village
cameroun;CM002;Centre;CM002006;Mefou-et-Akono;CM002006002;Bikok;Nkolngok II;village
cameroun;CM002;Centre;CM002006;Mefou-et-Akono;CM002006002;Bikok;Bikok;town
cameroun;CM002;Centre;CM002006;Mefou-et-Akono;CM002006002;Bikok;Mbedoumou I;village
cameroun;CM002;Centre;CM002006;Mefou-et-Akono;CM002006002;Bikok;Bikolol-Bikome;village
cameroun;CM002;Centre;CM002006;Mefou-et-Akono;CM002006002;Bikok;Myila;village
cameroun;CM002;Centre;CM002006;Mefou-et-Akono;CM002006002;Bikok;Fegmimbang III;village
cameroun;CM002;Centre;CM002006;Mefou-et-Akono;CM002006001;Akono;Nkonlakono I;village
cameroun;CM002;Centre;CM002006;Mefou-et-Akono;CM002006001;Akono;Nkolnegbe;village
cameroun;CM002;Centre;CM002006;Mefou-et-Akono;CM002006001;Akono;Nkolbembissie;village
cameroun;CM002;Centre;CM002006;Mefou-et-Akono;CM002006004;Ngoumou;Ofoumou Nselek;village
cameroun;CM002;Centre;CM002006;Mefou-et-Akono;CM002006004;Ngoumou;Nkolngok III;village
cameroun;CM002;Centre;CM002006;Mefou-et-Akono;CM002006002;Bikok;Nkongndougou IV;village
cameroun;CM002;Centre;CM002006;Mefou-et-Akono;CM002006004;Ngoumou;Ngoumou I;village
cameroun;CM002;Centre;CM002006;Mefou-et-Akono;CM002006004;Ngoumou;Ngoumou 2;village
cameroun;CM002;Centre;CM002006;Mefou-et-Akono;CM002006004;Ngoumou;Nkongmeyos;village
cameroun;CM002;Centre;CM002006;Mefou-et-Akono;CM002006004;Ngoumou;Yn Yna;village
cameroun;CM002;Centre;CM002006;Mefou-et-Akono;CM002006004;Ngoumou;EboalBoum;village
cameroun;CM002;Centre;CM002006;Mefou-et-Akono;CM002006004;Ngoumou;Ngoumou-Centre;village
cameroun;CM002;Centre;CM002006;Mefou-et-Akono;CM002006004;Ngoumou;Ngoumou;town
cameroun;CM002;Centre;CM002006;Mefou-et-Akono;CM002006004;Ngoumou;Kamba;village
cameroun;CM002;Centre;CM002006;Mefou-et-Akono;CM002006004;Ngoumou;Nkongzok I;village
cameroun;CM002;Centre;CM002006;Mefou-et-Akono;CM002006004;Ngoumou;Nkol-Meding;village
cameroun;CM002;Centre;CM002006;Mefou-et-Akono;CM002006004;Ngoumou;Abang II;village
cameroun;CM002;Centre;CM002006;Mefou-et-Akono;CM002006004;Ngoumou;Nloup;village
cameroun;CM002;Centre;CM002006;Mefou-et-Akono;CM002006004;Ngoumou;Nkol-Eman;village
cameroun;CM002;Centre;CM002006;Mefou-et-Akono;CM002006004;Ngoumou;Nkongbibega;village
cameroun;CM002;Centre;CM002006;Mefou-et-Akono;CM002006004;Ngoumou;Nkong-Meyos 3;village
cameroun;CM002;Centre;CM002006;Mefou-et-Akono;CM002006004;Ngoumou;Nkoakom;village
cameroun;CM002;Centre;CM002006;Mefou-et-Akono;CM002006004;Ngoumou;Nkolakono I;village
cameroun;CM002;Centre;CM002006;Mefou-et-Akono;CM002006001;Akono;Akono;town
cameroun;CM002;Centre;CM002006;Mefou-et-Akono;CM002006001;Akono;Nkolakono II;village
cameroun;CM002;Centre;CM002006;Mefou-et-Akono;CM002006001;Akono;Fegmimbang II;village
cameroun;CM002;Centre;CM002006;Mefou-et-Akono;CM002006001;Akono;Fegmimbang I;village
cameroun;CM002;Centre;CM002006;Mefou-et-Akono;CM002006001;Akono;Ekoumdoum;village
cameroun;CM002;Centre;CM002006;Mefou-et-Akono;CM002006004;Ngoumou;Nkolon;village
cameroun;CM002;Centre;CM002006;Mefou-et-Akono;CM002006001;Akono;Ovangoul II;village
cameroun;CM002;Centre;CM002006;Mefou-et-Akono;CM002006001;Akono;Bilik II;village
cameroun;CM002;Centre;CM002006;Mefou-et-Akono;CM002006001;Akono;Bilik;village
cameroun;CM002;Centre;CM002006;Mefou-et-Akono;CM002006001;Akono;Nkongntsam;village
cameroun;CM002;Centre;CM002006;Mefou-et-Akono;CM002006001;Akono;Mfida IV;village
cameroun;CM002;Centre;CM002006;Mefou-et-Akono;CM002006001;Akono;Mfida III;village
cameroun;CM002;Centre;CM002006;Mefou-et-Akono;CM002006001;Akono;Mfida I;village
cameroun;CM002;Centre;CM002006;Mefou-et-Akono;CM002006001;Akono;Mfida II;village
cameroun;CM002;Centre;CM002006;Mefou-et-Akono;CM002006001;Akono;Nkongnen II;village
cameroun;CM002;Centre;CM002006;Mefou-et-Akono;CM002006001;Akono;Zoalouma;village
cameroun;CM002;Centre;CM002006;Mefou-et-Akono;CM002006001;Akono;Ngamba;village
cameroun;CM002;Centre;CM002006;Mefou-et-Akono;CM002006002;Bikok;Nkong Bimvia;village
cameroun;CM002;Centre;CM002006;Mefou-et-Akono;CM002006002;Bikok;Nkolngok I;village
cameroun;CM002;Centre;CM002006;Mefou-et-Akono;CM002006002;Bikok;Mlen;village
cameroun;CM002;Centre;CM002006;Mefou-et-Akono;CM002006002;Bikok;Nkilintsam I;village
cameroun;CM002;Centre;CM002006;Mefou-et-Akono;CM002006002;Bikok;Nkilintsam II;village
cameroun;CM002;Centre;CM002006;Mefou-et-Akono;CM002006002;Bikok;Nvoukeng;village
cameroun;CM002;Centre;CM002006;Mefou-et-Akono;CM002006002;Bikok;Evindissi;town
cameroun;CM002;Centre;CM002006;Mefou-et-Akono;CM002006002;Bikok;Bilon;village
cameroun;CM002;Centre;CM002006;Mefou-et-Akono;CM002006002;Bikok;Nylmeyong;village
cameroun;CM002;Centre;CM002006;Mefou-et-Akono;CM002006002;Bikok;Andok;village
cameroun;CM002;Centre;CM002006;Mefou-et-Akono;CM002006002;Bikok;Nklessi;village
cameroun;CM002;Centre;CM002006;Mefou-et-Akono;CM002006001;Akono;Ossoe mimbang;village
cameroun;CM002;Centre;CM002010;Nyong-et-So'o;CM002010005;Ngomedzap;Mezali;village
cameroun;CM002;Centre;CM002006;Mefou-et-Akono;CM002006001;Akono;Doum;village
cameroun;CM002;Centre;CM002010;Nyong-et-So'o;CM002010005;Ngomedzap;Osso Bemvaa;village
cameroun;CM002;Centre;CM002010;Nyong-et-So'o;CM002010005;Ngomedzap;Nkolngok;village
cameroun;CM002;Centre;CM002010;Nyong-et-So'o;CM002010005;Ngomedzap;Loum;village
cameroun;CM002;Centre;CM002010;Nyong-et-So'o;CM002010005;Ngomedzap;Ndika;village
cameroun;CM002;Centre;CM002010;Nyong-et-So'o;CM002010005;Ngomedzap;Akak;village
cameroun;CM002;Centre;CM002010;Nyong-et-So'o;CM002010005;Ngomedzap;Mtomba;village
cameroun;CM002;Centre;CM002010;Nyong-et-So'o;CM002010005;Ngomedzap;Assi;town
cameroun;CM002;Centre;CM002010;Nyong-et-So'o;CM002010005;Ngomedzap;Nsimalen;village
cameroun;CM002;Centre;CM002010;Nyong-et-So'o;CM002010005;Ngomedzap;Mlen;village
cameroun;CM002;Centre;CM002010;Nyong-et-So'o;CM002010005;Ngomedzap;Abang Betsenga;village
cameroun;CM002;Centre;CM002010;Nyong-et-So'o;CM002010004;Mengueme;Nyim;village
cameroun;CM002;Centre;CM002010;Nyong-et-So'o;CM002010004;Mengueme;Bilon;village
cameroun;CM002;Centre;CM002010;Nyong-et-So'o;CM002010004;Mengueme;Nkolsoumou;village
cameroun;CM002;Centre;CM002010;Nyong-et-So'o;CM002010004;Mengueme;Adzap;village
cameroun;CM002;Centre;CM002010;Nyong-et-So'o;CM002010004;Mengueme;Mvamebod;village
cameroun;CM002;Centre;CM002010;Nyong-et-So'o;CM002010004;Mengueme;Ebogo;village
cameroun;CM002;Centre;CM002010;Nyong-et-So'o;CM002010004;Mengueme;Soassi;village
cameroun;CM002;Centre;CM002010;Nyong-et-So'o;CM002010004;Mengueme;Nkol Ebae;village
cameroun;CM002;Centre;CM002010;Nyong-et-So'o;CM002010003;Mbalmayo;Eboufek;village
cameroun;CM002;Centre;CM002010;Nyong-et-So'o;CM002010003;Mbalmayo;Zoatoupsi;village
cameroun;CM002;Centre;CM002010;Nyong-et-So'o;CM002010003;Mbalmayo;Nkoladzap;village
cameroun;CM002;Centre;CM002010;Nyong-et-So'o;CM002010003;Mbalmayo;Abang;village
cameroun;CM002;Centre;CM002010;Nyong-et-So'o;CM002010003;Mbalmayo;Bidjom;village
cameroun;CM002;Centre;CM002010;Nyong-et-So'o;CM002010003;Mbalmayo;Avebe;village
cameroun;CM002;Centre;CM002010;Nyong-et-So'o;CM002010001;Akoeman;Kol;village
cameroun;CM002;Centre;CM002010;Nyong-et-So'o;CM002010001;Akoeman;Nkolyen I;village
cameroun;CM002;Centre;CM002010;Nyong-et-So'o;CM002010001;Akoeman;Ngoumbou;village
cameroun;CM002;Centre;CM002010;Nyong-et-So'o;CM002010001;Akoeman;Afan;village
cameroun;CM002;Centre;CM002010;Nyong-et-So'o;CM002010001;Akoeman;Biyan;village
cameroun;CM002;Centre;CM002010;Nyong-et-So'o;CM002010001;Akoeman;Ndziefidi;village
cameroun;CM002;Centre;CM002010;Nyong-et-So'o;CM002010001;Akoeman;Akom;village
cameroun;CM002;Centre;CM002010;Nyong-et-So'o;CM002010001;Akoeman;Falassi;village
cameroun;CM002;Centre;CM002010;Nyong-et-So'o;CM002010001;Akoeman;Ynssi;village
cameroun;CM002;Centre;CM002010;Nyong-et-So'o;CM002010004;Mengueme;Bnebalot;village
cameroun;CM002;Centre;CM002010;Nyong-et-So'o;CM002010004;Mengueme;Mintsangom;village
cameroun;CM002;Centre;CM002010;Nyong-et-So'o;CM002010004;Mengueme;Banga;village
cameroun;CM009;Sud;CM009002;Mvila;CM009002008;Ngoulemakong;Bikop;village
cameroun;CM009;Sud;CM009002;Mvila;CM009002008;Ngoulemakong;Ngoulemakong;town
cameroun;CM009;Sud;CM009002;Mvila;CM009002008;Ngoulemakong;Binyenyal;village
cameroun;CM009;Sud;CM009002;Mvila;CM009002008;Ngoulemakong;Mbekaa;village
cameroun;CM009;Sud;CM009002;Mvila;CM009002008;Ngoulemakong;Nvamvende;village
cameroun;CM009;Sud;CM009002;Mvila;CM009002008;Ngoulemakong;Nkol;village
cameroun;CM002;Centre;CM002010;Nyong-et-So'o;CM002010001;Akoeman;Fon;village
cameroun;CM002;Centre;CM002010;Nyong-et-So'o;CM002010001;Akoeman;Akoazol;village
cameroun;CM002;Centre;CM002010;Nyong-et-So'o;CM002010001;Akoeman;Yinkw;village
cameroun;CM002;Centre;CM002010;Nyong-et-So'o;CM002010001;Akoeman;Zok Evondo;village
cameroun;CM002;Centre;CM002010;Nyong-et-So'o;CM002010001;Akoeman;Awafala;village
cameroun;CM009;Sud;CM009002;Mvila;CM009002008;Ngoulemakong;Ngomedjap;village
cameroun;CM009;Sud;CM009002;Mvila;CM009002008;Ngoulemakong;Mbekaa I;village
cameroun;CM009;Sud;CM009002;Mvila;CM009002008;Ngoulemakong;Mendimtsogo;village
cameroun;CM009;Sud;CM009002;Mvila;CM009002008;Ngoulemakong;Ebolboum;village
cameroun;CM009;Sud;CM009002;Mvila;CM009002006;Mengong;Atoui;village
cameroun;CM009;Sud;CM009002;Mvila;CM009002006;Mengong;Nyengue;village
cameroun;CM009;Sud;CM009002;Mvila;CM009002006;Mengong;Mvangue;village
cameroun;CM009;Sud;CM009002;Mvila;CM009002006;Mengong;Mvangue;village
cameroun;CM009;Sud;CM009002;Mvila;CM009002006;Mengong;Doungou;village
cameroun;CM009;Sud;CM009002;Mvila;CM009002006;Mengong;Endam I;village
cameroun;CM009;Sud;CM009002;Mvila;CM009002006;Mengong;Doungou;village
cameroun;CM009;Sud;CM009002;Mvila;CM009002006;Mengong;Koungoulou;village
cameroun;CM009;Sud;CM009002;Mvila;CM009002006;Mengong;Mekamemvom;village
cameroun;CM009;Sud;CM009002;Mvila;CM009002006;Mengong;Mekamemvom;village
cameroun;CM009;Sud;CM009002;Mvila;CM009002006;Mengong;Ebap;village
cameroun;CM009;Sud;CM009002;Mvila;CM009002006;Mengong;Ebap;village
cameroun;CM009;Sud;CM009002;Mvila;CM009002006;Mengong;Efot;village
cameroun;CM009;Sud;CM009002;Mvila;CM009002006;Mengong;Minlamizibi;village
cameroun;CM009;Sud;CM009002;Mvila;CM009002008;Ngoulemakong;Minlamizibi;village
cameroun;CM009;Sud;CM009002;Mvila;CM009002008;Ngoulemakong;Ntoumba;village
cameroun;CM009;Sud;CM009002;Mvila;CM009002008;Ngoulemakong;Minkok;village
cameroun;CM009;Sud;CM009002;Mvila;CM009002008;Ngoulemakong;Yop;village
cameroun;CM009;Sud;CM009002;Mvila;CM009002008;Ngoulemakong;Ekowondo;village
cameroun;CM009;Sud;CM009002;Mvila;CM009002008;Ngoulemakong;Nyiemeyong;village
cameroun;CM009;Sud;CM009002;Mvila;CM009002006;Mengong;Essessana;village
cameroun;CM009;Sud;CM009002;Mvila;CM009002006;Mengong;Essessana;village
cameroun;CM009;Sud;CM009002;Mvila;CM009002006;Mengong;Mengong;town
cameroun;CM009;Sud;CM009002;Mvila;CM009002006;Mengong;Nmyong;village
cameroun;CM009;Sud;CM009002;Mvila;CM009002006;Mengong;Ebolobola;village
cameroun;CM009;Sud;CM009002;Mvila;CM009002006;Mengong;Nko'ovos II;village
cameroun;CM009;Sud;CM009002;Mvila;CM009002006;Mengong;Nko'ovos II;village
cameroun;CM009;Sud;CM009002;Mvila;CM009002006;Mengong;Ando'o;village
cameroun;CM009;Sud;CM009002;Mvila;CM009002006;Mengong;Mbo'abang;village
cameroun;CM009;Sud;CM009002;Mvila;CM009002006;Mengong;Ato'oveng;village
cameroun;CM009;Sud;CM009002;Mvila;CM009002006;Mengong;Bernb;village
cameroun;CM009;Sud;CM009002;Mvila;CM009002006;Mengong;Nmeyong II;village
cameroun;CM009;Sud;CM009002;Mvila;CM009002006;Mengong;Mbondo;village
cameroun;CM009;Sud;CM009002;Mvila;CM009002006;Mengong;Seng;village
cameroun;CM009;Sud;CM009002;Mvila;CM009002006;Mengong;Ke'eke;village
cameroun;CM009;Sud;CM009002;Mvila;CM009002006;Mengong;Nnzam;village
cameroun;CM009;Sud;CM009002;Mvila;CM009002008;Ngoulemakong;Mbekaa I;village
cameroun;CM009;Sud;CM009002;Mvila;CM009002008;Ngoulemakong;Oveng;village
cameroun;CM009;Sud;CM009002;Mvila;CM009002008;Ngoulemakong;Mkom;village
cameroun;CM009;Sud;CM009002;Mvila;CM009002008;Ngoulemakong;Essingang;village
cameroun;CM002;Centre;CM002010;Nyong-et-So'o;CM002010004;Mengueme;Mkamba;village
cameroun;CM009;Sud;CM009002;Mvila;CM009002008;Ngoulemakong;Doum Ola;village
cameroun;CM009;Sud;CM009002;Mvila;CM009002008;Ngoulemakong;Ekombiti;village
cameroun;CM009;Sud;CM009002;Mvila;CM009002008;Ngoulemakong;Soumou;village
cameroun;CM009;Sud;CM009002;Mvila;CM009002008;Ngoulemakong;Messok;village
cameroun;CM009;Sud;CM009002;Mvila;CM009002008;Ngoulemakong;Ngok;village
cameroun;CM009;Sud;CM009002;Mvila;CM009002008;Ngoulemakong;Mvamedjap;village
cameroun;CM009;Sud;CM009002;Mvila;CM009002008;Ngoulemakong;Nyiemeyong;village
cameroun;CM002;Centre;CM002010;Nyong-et-So'o;CM002010004;Mengueme;Minlaba;village
cameroun;CM002;Centre;CM002010;Nyong-et-So'o;CM002010004;Mengueme;Mfida;village
cameroun;CM002;Centre;CM002010;Nyong-et-So'o;CM002010004;Mengueme;Mengum;town
cameroun;CM002;Centre;CM002010;Nyong-et-So'o;CM002010004;Mengueme;SO'O;village
cameroun;CM002;Centre;CM002010;Nyong-et-So'o;CM002010004;Mengueme;Soumayop;village
cameroun;CM002;Centre;CM002010;Nyong-et-So'o;CM002010004;Mengueme;Mimetala;village
cameroun;CM002;Centre;CM002010;Nyong-et-So'o;CM002010004;Mengueme;Nom Nam;village
cameroun;CM002;Centre;CM002010;Nyong-et-So'o;CM002010004;Mengueme;Mebomezoa;village
cameroun;CM002;Centre;CM002010;Nyong-et-So'o;CM002010004;Mengueme;Ossoessam;village
cameroun;CM002;Centre;CM002010;Nyong-et-So'o;CM002010004;Mengueme;Abodomveng;village
cameroun;CM002;Centre;CM002010;Nyong-et-So'o;CM002010005;Ngomedzap;Nkolmyang;village
cameroun;CM002;Centre;CM002010;Nyong-et-So'o;CM002010005;Ngomedzap;Kama;village
cameroun;CM002;Centre;CM002010;Nyong-et-So'o;CM002010005;Ngomedzap;Nomnam;village
cameroun;CM002;Centre;CM002010;Nyong-et-So'o;CM002010005;Ngomedzap;Nkongnen I;village
cameroun;CM002;Centre;CM002010;Nyong-et-So'o;CM002010005;Ngomedzap;Nkongnen II;village
cameroun;CM009;Sud;CM009002;Mvila;CM009002001;Biwong-Bane;Minkan;village
cameroun;CM009;Sud;CM009002;Mvila;CM009002001;Biwong-Bane;Biwong-Bane;town
cameroun;CM009;Sud;CM009002;Mvila;CM009002001;Biwong-Bane;Ndjom-Ban;village
cameroun;CM009;Sud;CM009002;Mvila;CM009002001;Biwong-Bane;Nkolamougou;village
cameroun;CM009;Sud;CM009002;Mvila;CM009002001;Biwong-Bane;Kama;village
cameroun;CM009;Sud;CM009002;Mvila;CM009002001;Biwong-Bane;Ebemewomen;village
cameroun;CM009;Sud;CM009002;Mvila;CM009002001;Biwong-Bane;Obang II;village
cameroun;CM009;Sud;CM009002;Mvila;CM009002008;Ngoulemakong;Abiete;village
cameroun;CM009;Sud;CM009002;Mvila;CM009002008;Ngoulemakong;Mengbwa;village
cameroun;CM009;Sud;CM009002;Mvila;CM009002001;Biwong-Bane;Obang I;village
cameroun;CM009;Sud;CM009002;Mvila;CM009002001;Biwong-Bane;Ngoakele;village
cameroun;CM009;Sud;CM009002;Mvila;CM009002006;Mengong;Nguet;village
cameroun;CM009;Sud;CM009002;Mvila;CM009002006;Mengong;Adjap;village
cameroun;CM009;Sud;CM009002;Mvila;CM009002006;Mengong;Nmeyong;village
cameroun;CM009;Sud;CM009002;Mvila;CM009002004;Ebolowa 2e;About;village
cameroun;CM009;Sud;CM009002;Mvila;CM009002006;Mengong;Nkan;village
cameroun;CM009;Sud;CM009002;Mvila;CM009002006;Mengong;Mvi'i;village
cameroun;CM009;Sud;CM009002;Mvila;CM009002004;Ebolowa 2e;Bityili I;village
cameroun;CM009;Sud;CM009002;Mvila;CM009002004;Ebolowa 2e;Bissok;village
cameroun;CM009;Sud;CM009002;Mvila;CM009002004;Ebolowa 2e;Bityili II;village
cameroun;CM009;Sud;CM009002;Mvila;CM009002004;Ebolowa 2e;Enongal;village
cameroun;CM009;Sud;CM009002;Mvila;CM009002004;Ebolowa 2e;Essinguili;village
cameroun;CM009;Sud;CM009002;Mvila;CM009002004;Ebolowa 2e;Mekalat Yemveng;village
cameroun;CM009;Sud;CM009002;Mvila;CM009002004;Ebolowa 2e;Bilon;village
cameroun;CM009;Sud;CM009002;Mvila;CM009002004;Ebolowa 2e;Mvoutedoum;village
cameroun;CM009;Sud;CM009002;Mvila;CM009002004;Ebolowa 2e;Minkok;village
cameroun;CM009;Sud;CM009002;Mvila;CM009002001;Biwong-Bane;Adjap-Fong;village
cameroun;CM009;Sud;CM009002;Mvila;CM009002001;Biwong-Bane;Ating;village
cameroun;CM009;Sud;CM009002;Mvila;CM009002001;Biwong-Bane;Oveng;village
cameroun;CM009;Sud;CM009002;Mvila;CM009002001;Biwong-Bane;Mlangu I;village
cameroun;CM009;Sud;CM009002;Mvila;CM009002001;Biwong-Bane;Nkomvon;village
cameroun;CM009;Sud;CM009002;Mvila;CM009002003;Ebolowa 1er;Koungoulou Biyeng;village
cameroun;CM009;Sud;CM009002;Mvila;CM009002003;Ebolowa 1er;Dzeng;village
cameroun;CM009;Sud;CM009002;Mvila;CM009002003;Ebolowa 1er;Mba;village
cameroun;CM009;Sud;CM009002;Mvila;CM009002003;Ebolowa 1er;Adjap Biyeng;village
cameroun;CM009;Sud;CM009002;Mvila;CM009002003;Ebolowa 1er;Loo Biyeng;village
cameroun;CM009;Sud;CM009002;Mvila;CM009002003;Ebolowa 1er;Meba;village
cameroun;CM009;Sud;CM009002;Mvila;CM009002003;Ebolowa 1er;Ngalan I;village
cameroun;CM009;Sud;CM009002;Mvila;CM009002003;Ebolowa 1er;Mekalat Biyeng;village
cameroun;CM009;Sud;CM009002;Mvila;CM009002003;Ebolowa 1er;Abang;village
cameroun;CM009;Sud;CM009002;Mvila;CM009002003;Ebolowa 1er;Ebolowa Si;village
cameroun;CM009;Sud;CM009002;Mvila;CM009002003;Ebolowa 1er;Eves;village
cameroun;CM009;Sud;CM009002;Mvila;CM009002003;Ebolowa 1er;Akak Essatolo;village
cameroun;CM009;Sud;CM009002;Mvila;CM009002005;Efoulan;Adjap Essabondan;village
cameroun;CM009;Sud;CM009002;Mvila;CM009002005;Efoulan;Akom;village
cameroun;CM009;Sud;CM009002;Mvila;CM009002003;Ebolowa 1er;Amvan;village
cameroun;CM009;Sud;CM009002;Mvila;CM009002003;Ebolowa 1er;Olem;village
cameroun;CM009;Sud;CM009002;Mvila;CM009002003;Ebolowa 1er;Afanngong Evele;village
cameroun;CM009;Sud;CM009002;Mvila;CM009002003;Ebolowa 1er;Afanngong Adjap;village
cameroun;CM009;Sud;CM009002;Mvila;CM009002005;Efoulan;Ngalan II;village
cameroun;CM009;Sud;CM009002;Mvila;CM009002005;Efoulan;Mvila Yevol;village
cameroun;CM003;Est;CM003004;Lom-et-Djrem;CM003004003;Bertoua 2e;Tindamba;village
cameroun;CM003;Est;CM003004;Lom-et-Djrem;CM003004002;Bertoua 1er;Koum;village
cameroun;CM003;Est;CM003004;Lom-et-Djrem;CM003004007;Mandjou;Kouba;village
cameroun;CM003;Est;CM003004;Lom-et-Djrem;CM003004007;Mandjou;Mandjou;town
cameroun;CM003;Est;CM003004;Lom-et-Djrem;CM003004003;Bertoua 2e;Kano;village
cameroun;CM003;Est;CM003004;Lom-et-Djrem;CM003004007;Mandjou;Mbom;village
cameroun;CM003;Est;CM003004;Lom-et-Djrem;CM003004007;Mandjou;Sambe;village
cameroun;CM003;Est;CM003004;Lom-et-Djrem;CM003004007;Mandjou;Ngamboula;village
cameroun;CM003;Est;CM003004;Lom-et-Djrem;CM003004007;Mandjou;Andingkol;village
cameroun;CM003;Est;CM003004;Lom-et-Djrem;CM003004007;Mandjou;Brigaya;village
cameroun;CM003;Est;CM003004;Lom-et-Djrem;CM003004007;Mandjou;Gount;village
cameroun;CM003;Est;CM003004;Lom-et-Djrem;CM003004007;Mandjou;Moyenam;village
cameroun;CM003;Est;CM003004;Lom-et-Djrem;CM003004007;Mandjou;Boulembe;village
cameroun;CM003;Est;CM003004;Lom-et-Djrem;CM003004007;Mandjou;Bazzama;village
cameroun;CM003;Est;CM003004;Lom-et-Djrem;CM003004007;Mandjou;Petit Bazama;village
cameroun;CM003;Est;CM003003;Kadey;CM003003001;Batouri;Fio;village
cameroun;CM003;Est;CM003003;Kadey;CM003003001;Batouri;Touki;village
cameroun;CM003;Est;CM003003;Kadey;CM003003001;Batouri;Banyo;village
cameroun;CM003;Est;CM003003;Kadey;CM003003001;Batouri;Mbangou;village
cameroun;CM003;Est;CM003003;Kadey;CM003003001;Batouri;Akakl;village
cameroun;CM003;Est;CM003003;Kadey;CM003003001;Batouri;Tikondi;village
cameroun;CM003;Est;CM003003;Kadey;CM003003001;Batouri;Tikondi I;village
cameroun;CM003;Est;CM003003;Kadey;CM003003001;Batouri;Nguindi;village
cameroun;CM003;Est;CM003003;Kadey;CM003003001;Batouri;Akokang;village
cameroun;CM003;Est;CM003003;Kadey;CM003003001;Batouri;Lay;village
cameroun;CM003;Est;CM003003;Kadey;CM003003001;Batouri;Gadji;village
cameroun;CM003;Est;CM003004;Lom-et-Djrem;CM003004008;Ngoura;Guiwa Yangamo;town
cameroun;CM003;Est;CM003004;Lom-et-Djrem;CM003004008;Ngoura;Mbele Mbeke;village
cameroun;CM003;Est;CM003004;Lom-et-Djrem;CM003004008;Ngoura;Bambouti;village
cameroun;CM003;Est;CM003004;Lom-et-Djrem;CM003004008;Ngoura;Petit Bello;village
cameroun;CM003;Est;CM003004;Lom-et-Djrem;CM003004008;Ngoura;Mbomba;village
cameroun;CM003;Est;CM003004;Lom-et-Djrem;CM003004008;Ngoura;Ngoudila;village
cameroun;CM003;Est;CM003004;Lom-et-Djrem;CM003004008;Ngoura;Mbomba;village
cameroun;CM003;Est;CM003004;Lom-et-Djrem;CM003004008;Ngoura;Ndandengue;village
cameroun;CM003;Est;CM003004;Lom-et-Djrem;CM003004007;Mandjou;Ndoumbe;village
cameroun;CM003;Est;CM003004;Lom-et-Djrem;CM003004007;Mandjou;Mboulaye;village
cameroun;CM003;Est;CM003004;Lom-et-Djrem;CM003004007;Mandjou;Daygun;village
cameroun;CM003;Est;CM003004;Lom-et-Djrem;CM003004007;Mandjou;Mboulaye II;village
cameroun;CM003;Est;CM003004;Lom-et-Djrem;CM003004007;Mandjou;Koubou;village
cameroun;CM003;Est;CM003004;Lom-et-Djrem;CM003004007;Mandjou;Leta;village
cameroun;CM003;Est;CM003004;Lom-et-Djrem;CM003004004;Betare-Oya;Mbese;village
cameroun;CM003;Est;CM003004;Lom-et-Djrem;CM003004004;Betare-Oya;Tapare;village
cameroun;CM003;Est;CM003004;Lom-et-Djrem;CM003004004;Betare-Oya;Bambiri;village
cameroun;CM003;Est;CM003004;Lom-et-Djrem;CM003004004;Betare-Oya;Dang Haoussa II;village
cameroun;CM003;Est;CM003004;Lom-et-Djrem;CM003004004;Betare-Oya;Dole;village
cameroun;CM003;Est;CM003004;Lom-et-Djrem;CM003004004;Betare-Oya;Bouli;village
cameroun;CM003;Est;CM003004;Lom-et-Djrem;CM003004004;Betare-Oya;Kombokassi;village
cameroun;CM003;Est;CM003004;Lom-et-Djrem;CM003004004;Betare-Oya;Mararaba;village
cameroun;CM003;Est;CM003004;Lom-et-Djrem;CM003004004;Betare-Oya;Biboko;village
cameroun;CM003;Est;CM003004;Lom-et-Djrem;CM003004004;Betare-Oya;Ngaindara;village
cameroun;CM003;Est;CM003004;Lom-et-Djrem;CM003004004;Betare-Oya;Dol;village
cameroun;CM003;Est;CM003004;Lom-et-Djrem;CM003004004;Betare-Oya;Mararaba;village
cameroun;CM003;Est;CM003004;Lom-et-Djrem;CM003004004;Betare-Oya;Bodomo;village
cameroun;CM003;Est;CM003004;Lom-et-Djrem;CM003004004;Betare-Oya;Mbodomo Issa;village
cameroun;CM003;Est;CM003004;Lom-et-Djrem;CM003004004;Betare-Oya;Ibi;village
cameroun;CM003;Est;CM003004;Lom-et-Djrem;CM003004004;Betare-Oya;Bendl;village
cameroun;CM003;Est;CM003004;Lom-et-Djrem;CM003004004;Betare-Oya;Tourak;village
cameroun;CM003;Est;CM003004;Lom-et-Djrem;CM003004004;Betare-Oya;Ndol;village
cameroun;CM003;Est;CM003004;Lom-et-Djrem;CM003004004;Betare-Oya;Tigoup;village
cameroun;CM003;Est;CM003004;Lom-et-Djrem;CM003004004;Betare-Oya;Bard Ndokayo;village
cameroun;CM003;Est;CM003004;Lom-et-Djrem;CM003004004;Betare-Oya;Sarambi;village
cameroun;CM003;Est;CM003004;Lom-et-Djrem;CM003004004;Betare-Oya;Monai;village
cameroun;CM003;Est;CM003004;Lom-et-Djrem;CM003004004;Betare-Oya;Mbonga;village
cameroun;CM003;Est;CM003004;Lom-et-Djrem;CM003004004;Betare-Oya;Kissi;village
cameroun;CM003;Est;CM003004;Lom-et-Djrem;CM003004004;Betare-Oya;Tapar;village
cameroun;CM003;Est;CM003004;Lom-et-Djrem;CM003004004;Betare-Oya;Bangbel;village
cameroun;CM003;Est;CM003004;Lom-et-Djrem;CM003004004;Betare-Oya;Btar-Oya;town
cameroun;CM003;Est;CM003004;Lom-et-Djrem;CM003004004;Betare-Oya;Ndokayo;town
cameroun;CM003;Est;CM003004;Lom-et-Djrem;CM003004004;Betare-Oya;Mborguene;village
cameroun;CM003;Est;CM003004;Lom-et-Djrem;CM003004004;Betare-Oya;Peage;village
cameroun;CM003;Est;CM003004;Lom-et-Djrem;CM003004004;Betare-Oya;Gabakede;village
cameroun;CM003;Est;CM003004;Lom-et-Djrem;CM003004004;Betare-Oya;Gounte;village
cameroun;CM003;Est;CM003004;Lom-et-Djrem;CM003004004;Betare-Oya;Garga Sarali;village
cameroun;CM003;Est;CM003004;Lom-et-Djrem;CM003004004;Betare-Oya;Mon;village
cameroun;CM003;Est;CM003004;Lom-et-Djrem;CM003004004;Betare-Oya;Oudoula;village
cameroun;CM003;Est;CM003004;Lom-et-Djrem;CM003004004;Betare-Oya;Ndanga Gandima;village
cameroun;CM003;Est;CM003004;Lom-et-Djrem;CM003004004;Betare-Oya;Petit Ngaoundere;village
cameroun;CM003;Est;CM003004;Lom-et-Djrem;CM003004004;Betare-Oya;Garoua Yaka;village
cameroun;CM003;Est;CM003004;Lom-et-Djrem;CM003004004;Betare-Oya;Giazo;village
cameroun;CM003;Est;CM003004;Lom-et-Djrem;CM003004004;Betare-Oya;Deoule;village
cameroun;CM003;Est;CM003004;Lom-et-Djrem;CM003004004;Betare-Oya;Tonge Gandima;village
cameroun;CM003;Est;CM003004;Lom-et-Djrem;CM003004004;Betare-Oya;Nank;village
cameroun;CM003;Est;CM003004;Lom-et-Djrem;CM003004004;Betare-Oya;Tongo;village
cameroun;CM003;Est;CM003004;Lom-et-Djrem;CM003004004;Betare-Oya;Woumbou;village
cameroun;CM003;Est;CM003004;Lom-et-Djrem;CM003004004;Betare-Oya;Bohanto;village
cameroun;CM003;Est;CM003004;Lom-et-Djrem;CM003004004;Betare-Oya;Bongon;village
cameroun;CM003;Est;CM003004;Lom-et-Djrem;CM003004004;Betare-Oya;Nganganga;village
cameroun;CM003;Est;CM003004;Lom-et-Djrem;CM003004004;Betare-Oya;Ngongw;village
cameroun;CM003;Est;CM003004;Lom-et-Djrem;CM003004004;Betare-Oya;Ouaden;village
cameroun;CM003;Est;CM003004;Lom-et-Djrem;CM003004004;Betare-Oya;Bongo;village
cameroun;CM003;Est;CM003004;Lom-et-Djrem;CM003004004;Betare-Oya;Kanzam 1;village
cameroun;CM003;Est;CM003004;Lom-et-Djrem;CM003004004;Betare-Oya;Kanzam 2;village
cameroun;CM003;Est;CM003004;Lom-et-Djrem;CM003004004;Betare-Oya;Sodonou 2;village
cameroun;CM003;Est;CM003004;Lom-et-Djrem;CM003004004;Betare-Oya;Sodonou 1;village
cameroun;CM003;Est;CM003004;Lom-et-Djrem;CM003004006;Garoua-Boulai;Mborgun;village
cameroun;CM003;Est;CM003004;Lom-et-Djrem;CM003004006;Garoua-Boulai;Nandoungu;village
cameroun;CM003;Est;CM003004;Lom-et-Djrem;CM003004006;Garoua-Boulai;Detwadio;village
cameroun;CM003;Est;CM003004;Lom-et-Djrem;CM003004006;Garoua-Boulai;Monbal;village
cameroun;CM003;Est;CM003004;Lom-et-Djrem;CM003004006;Garoua-Boulai;Sabal;village
cameroun;CM003;Est;CM003004;Lom-et-Djrem;CM003004004;Betare-Oya;Borongo;village
cameroun;CM003;Est;CM003004;Lom-et-Djrem;CM003004006;Garoua-Boulai;Boutila;village
cameroun;CM003;Est;CM003004;Lom-et-Djrem;CM003004006;Garoua-Boulai;Abo Boutilla;village
cameroun;CM003;Est;CM003004;Lom-et-Djrem;CM003004006;Garoua-Boulai;Badzere;village
cameroun;CM003;Est;CM003004;Lom-et-Djrem;CM003004006;Garoua-Boulai;Badzr;village
cameroun;CM003;Est;CM003004;Lom-et-Djrem;CM003004006;Garoua-Boulai;Badang;village
cameroun;CM003;Est;CM003004;Lom-et-Djrem;CM003004006;Garoua-Boulai;Badang;village
cameroun;CM003;Est;CM003004;Lom-et-Djrem;CM003004006;Garoua-Boulai;Badan;village
cameroun;CM003;Est;CM003004;Lom-et-Djrem;CM003004006;Garoua-Boulai;Mbassi;village
cameroun;CM003;Est;CM003004;Lom-et-Djrem;CM003004006;Garoua-Boulai;Gbabio;village
cameroun;CM003;Est;CM003004;Lom-et-Djrem;CM003004006;Garoua-Boulai;Yokosire;village
cameroun;CM003;Est;CM003003;Kadey;CM003003005;Mbotoro;Zongabona;village
cameroun;CM003;Est;CM003003;Kadey;CM003003005;Mbotoro;Nambona;village
cameroun;CM003;Est;CM003003;Kadey;CM003003005;Mbotoro;Gbali;village
cameroun;CM003;Est;CM003003;Kadey;CM003003005;Mbotoro;Mbotoro;village
cameroun;CM003;Est;CM003003;Kadey;CM003003005;Mbotoro;Oussounou;village
cameroun;CM003;Est;CM003003;Kadey;CM003003005;Mbotoro;Bounou;village
cameroun;CM003;Est;CM003003;Kadey;CM003003005;Mbotoro;Ouli;town
cameroun;CM003;Est;CM003003;Kadey;CM003003005;Mbotoro;Mblbina;village
cameroun;CM003;Est;CM003003;Kadey;CM003003005;Mbotoro;Ndambi II;village
cameroun;CM003;Est;CM003003;Kadey;CM003003005;Mbotoro;Bassanguia;village
cameroun;CM003;Est;CM003003;Kadey;CM003003005;Mbotoro;Toktoyo;town
cameroun;CM003;Est;CM003003;Kadey;CM003003005;Mbotoro;Jeriko;village
cameroun;CM003;Est;CM003003;Kadey;CM003003005;Mbotoro;Tamounegueze;village
cameroun;CM003;Est;CM003003;Kadey;CM003003003;Kette;camp minier;village
cameroun;CM003;Est;CM003003;Kadey;CM003003003;Kette;Boumbenass;village
cameroun;CM003;Est;CM003003;Kadey;CM003003003;Kette;Roma;village
cameroun;CM003;Est;CM003003;Kadey;CM003003003;Kette;Beke Chantier;village
cameroun;CM003;Est;CM003003;Kadey;CM003003003;Kette;Kana Village;village
cameroun;CM003;Est;CM003003;Kadey;CM003003003;Kette;camp minier;village
cameroun;CM003;Est;CM003003;Kadey;CM003003003;Kette;Tiko;village
cameroun;CM003;Est;CM003003;Kadey;CM003003003;Kette;Beke Route;village
cameroun;CM003;Est;CM003003;Kadey;CM003003003;Kette;Borguene;village
cameroun;CM003;Est;CM003003;Kadey;CM003003003;Kette;Tissanda;village
cameroun;CM003;Est;CM003003;Kadey;CM003003003;Kette;Zalingo;village
cameroun;CM003;Est;CM003003;Kadey;CM003003003;Kette;Tikela;village
cameroun;CM003;Est;CM003003;Kadey;CM003003003;Kette;Boussia;village
cameroun;CM003;Est;CM003003;Kadey;CM003003003;Kette;Ktt;town
cameroun;CM003;Est;CM003003;Kadey;CM003003003;Kette;Lingbim I;village
cameroun;CM003;Est;CM003003;Kadey;CM003003003;Kette;Gonkora Bienven;village
cameroun;CM003;Est;CM003003;Kadey;CM003003003;Kette;Tezoukp;village
cameroun;CM003;Est;CM003003;Kadey;CM003003003;Kette;Ndambi I;village
cameroun;CM003;Est;CM003003;Kadey;CM003003003;Kette;Gonkora;village
cameroun;CM003;Est;CM003003;Kadey;CM003003003;Kette;Taoul;village
cameroun;CM003;Est;CM003003;Kadey;CM003003003;Kette;Ndong Libio;village
cameroun;CM003;Est;CM003003;Kadey;CM003003003;Kette;Bedobo;village
cameroun;CM003;Est;CM003003;Kadey;CM003003003;Kette;Mborguene Gbabio;village
cameroun;CM003;Est;CM003004;Lom-et-Djrem;CM003004008;Ngoura;Boden;village
cameroun;CM003;Est;CM003003;Kadey;CM003003005;Mbotoro;Zankaya;village
cameroun;CM003;Est;CM003003;Kadey;CM003003003;Kette;Lingbim II;village
cameroun;CM003;Est;CM003003;Kadey;CM003003003;Kette;Ngassa;village
cameroun;CM003;Est;CM003003;Kadey;CM003003003;Kette;Nambora;village
cameroun;CM003;Est;CM003003;Kadey;CM003003003;Kette;Tikolo;village
cameroun;CM003;Est;CM003003;Kadey;CM003003005;Mbotoro;Gogoboua;village
cameroun;CM003;Est;CM003003;Kadey;CM003003003;Kette;Zimbi;village
cameroun;CM003;Est;CM003003;Kadey;CM003003005;Mbotoro;Bengu Tiko;village
cameroun;CM003;Est;CM003003;Kadey;CM003003005;Mbotoro;Tapata;village
cameroun;CM003;Est;CM003003;Kadey;CM003003005;Mbotoro;Kassai;village
cameroun;CM003;Est;CM003004;Lom-et-Djrem;CM003004008;Ngoura;Colomine;town
cameroun;CM003;Est;CM003004;Lom-et-Djrem;CM003004004;Betare-Oya;Doumba Blo;village
cameroun;CM003;Est;CM003004;Lom-et-Djrem;CM003004004;Betare-Oya;Ngoura;village
cameroun;CM003;Est;CM003004;Lom-et-Djrem;CM003004008;Ngoura;Oudou;village
cameroun;CM003;Est;CM003003;Kadey;CM003003003;Kette;Gogouambe;village
cameroun;CM003;Est;CM003003;Kadey;CM003003003;Kette;Gogazi;village
cameroun;CM003;Est;CM003004;Lom-et-Djrem;CM003004008;Ngoura;Ngoura;town
cameroun;CM003;Est;CM003003;Kadey;CM003003001;Batouri;Possa Hopi;village
cameroun;CM003;Est;CM003003;Kadey;CM003003003;Kette;Boumbaka;village
cameroun;CM003;Est;CM003003;Kadey;CM003003003;Kette;Wantamo;village
cameroun;CM003;Est;CM003003;Kadey;CM003003003;Kette;Ndongsoumbou;village
cameroun;CM003;Est;CM003003;Kadey;CM003003003;Kette;Lala;village
cameroun;CM003;Est;CM003003;Kadey;CM003003003;Kette;Guedal;village
cameroun;CM003;Est;CM003003;Kadey;CM003003001;Batouri;Tapar;village
cameroun;CM003;Est;CM003003;Kadey;CM003003003;Kette;Mboumana;village
cameroun;CM003;Est;CM003003;Kadey;CM003003001;Batouri;Garoua Samb;village
cameroun;CM003;Est;CM003003;Kadey;CM003003001;Batouri;Mborgun;village
cameroun;CM003;Est;CM003003;Kadey;CM003003001;Batouri;Daligun;village
cameroun;CM003;Est;CM003003;Kadey;CM003003001;Batouri;Nzembeie;village
cameroun;CM003;Est;CM003003;Kadey;CM003003001;Batouri;Bandongw;village
cameroun;CM003;Est;CM003003;Kadey;CM003003001;Batouri;Bakombo;village
cameroun;CM003;Est;CM003003;Kadey;CM003003001;Batouri;Ano;village
cameroun;CM003;Est;CM003003;Kadey;CM003003001;Batouri;Kolkl;village
cameroun;CM003;Est;CM003003;Kadey;CM003003001;Batouri;Konga-Mboua;village
cameroun;CM003;Est;CM003003;Kadey;CM003003001;Batouri;Mosso;village
cameroun;CM003;Est;CM003003;Kadey;CM003003001;Batouri;Nkolmbomo;village
cameroun;CM003;Est;CM003003;Kadey;CM003003001;Batouri;Nkolkl;village
cameroun;CM003;Est;CM003003;Kadey;CM003003001;Batouri;Djengue;village
cameroun;CM003;Est;CM003003;Kadey;CM003003001;Batouri;Sanda;village
cameroun;CM003;Est;CM003003;Kadey;CM003003001;Batouri;Kpwangala;village
cameroun;CM003;Est;CM003003;Kadey;CM003003001;Batouri;Dogbwo II;village
cameroun;CM003;Est;CM003003;Kadey;CM003003001;Batouri;Sambo 1;village
cameroun;CM003;Est;CM003003;Kadey;CM003003001;Batouri;Kambele II;village
cameroun;CM003;Est;CM003003;Kadey;CM003003001;Batouri;Campement Minier;village
cameroun;CM003;Est;CM003003;Kadey;CM003003001;Batouri;Narke;village
cameroun;CM003;Est;CM003003;Kadey;CM003003001;Batouri;Kambele I;village
cameroun;CM003;Est;CM003003;Kadey;CM003003001;Batouri;Narke I;village
cameroun;CM003;Est;CM003003;Kadey;CM003003001;Batouri;Narke I;village
cameroun;CM003;Est;CM003003;Kadey;CM003003001;Batouri;Sambo 2;village
cameroun;CM003;Est;CM003003;Kadey;CM003003001;Batouri;Pater;village
cameroun;CM003;Est;CM003003;Kadey;CM003003001;Batouri;Lobi;village
cameroun;CM003;Est;CM003003;Kadey;CM003003001;Batouri;Dimako I;village
cameroun;CM003;Est;CM003003;Kadey;CM003003001;Batouri;Dimako;village
cameroun;CM003;Est;CM003003;Kadey;CM003003001;Batouri;Ndem II;village
cameroun;CM003;Est;CM003003;Kadey;CM003003001;Batouri;Dem;village
cameroun;CM003;Est;CM003003;Kadey;CM003003001;Batouri;Njira II;village
cameroun;CM003;Est;CM003003;Kadey;CM003003001;Batouri;Djira;village
cameroun;CM003;Est;CM003003;Kadey;CM003003001;Batouri;Ambanga;village
cameroun;CM003;Est;CM003003;Kadey;CM003003001;Batouri;Abeganga;village
cameroun;CM003;Est;CM003003;Kadey;CM003003001;Batouri;Ngumo;village
cameroun;CM003;Est;CM003003;Kadey;CM003003001;Batouri;Abganga;village
cameroun;CM003;Est;CM003003;Kadey;CM003003001;Batouri;Ambana;village
cameroun;CM003;Est;CM003003;Kadey;CM003003003;Kette;Ngarindembo;village
cameroun;CM003;Est;CM003003;Kadey;CM003003001;Batouri;Ndongmembe;village
cameroun;CM003;Est;CM003003;Kadey;CM003003001;Batouri;Ndoumembi;village
cameroun;CM003;Est;CM003003;Kadey;CM003003003;Kette;Mboumana;village
cameroun;CM003;Est;CM003003;Kadey;CM003003003;Kette;Timangolo;town
cameroun;CM003;Est;CM003003;Kadey;CM003003003;Kette;Gw;village
cameroun;CM003;Est;CM003003;Kadey;CM003003003;Kette;Ngwbakine;village
cameroun;CM003;Est;CM003003;Kadey;CM003003003;Kette;Koya II;village
cameroun;CM003;Est;CM003003;Kadey;CM003003003;Kette;Koya;village
cameroun;CM003;Est;CM003003;Kadey;CM003003003;Kette;Nguesse;village
cameroun;CM003;Est;CM003003;Kadey;CM003003003;Kette;Mbosso;village
cameroun;CM003;Est;CM003003;Kadey;CM003003003;Kette;Mama I;village
cameroun;CM003;Est;CM003003;Kadey;CM003003003;Kette;Mama II;village
cameroun;CM003;Est;CM003003;Kadey;CM003003003;Kette;Koumb Tiko;village
cameroun;CM003;Est;CM003003;Kadey;CM003003003;Kette;Ndongndar;village
cameroun;CM003;Est;CM003003;Kadey;CM003003003;Kette;Boubara;town
cameroun;CM003;Est;CM003003;Kadey;CM003003003;Kette;Timbolo;village
cameroun;CM003;Est;CM003003;Kadey;CM003003003;Kette;Ouro Idje;village
cameroun;CM003;Est;CM003003;Kadey;CM003003001;Batouri;Gbguira;village
cameroun;CM003;Est;CM003003;Kadey;CM003003001;Batouri;Ngoura;village
cameroun;CM003;Est;CM003003;Kadey;CM003003001;Batouri;Borongw 1;village
cameroun;CM003;Est;CM003003;Kadey;CM003003001;Batouri;Hpi;village
cameroun;CM003;Est;CM003003;Kadey;CM003003001;Batouri;Gbalatillo;village
cameroun;CM003;Est;CM003003;Kadey;CM003003001;Batouri;Gbagbale;village
cameroun;CM003;Est;CM003003;Kadey;CM003003001;Batouri;Ngarendembo II;village
cameroun;CM003;Est;CM003003;Kadey;CM003003001;Batouri;Panaselo;village
cameroun;CM003;Est;CM003003;Kadey;CM003003001;Batouri;Ndoul;village
cameroun;CM003;Est;CM003003;Kadey;CM003003001;Batouri;Nyabi;village
cameroun;CM003;Est;CM003003;Kadey;CM003003001;Batouri;Blite;village
cameroun;CM003;Est;CM003003;Kadey;CM003003001;Batouri;Borongw 2;village
cameroun;CM003;Est;CM003003;Kadey;CM003003001;Batouri;Belta III;village
cameroun;CM003;Est;CM003003;Kadey;CM003003001;Batouri;Mbounou;village
cameroun;CM003;Est;CM003003;Kadey;CM003003001;Batouri;Guette;village
cameroun;CM003;Est;CM003003;Kadey;CM003003001;Batouri;Nambalo;village
cameroun;CM003;Est;CM003003;Kadey;CM003003001;Batouri;Ngangam;village
cameroun;CM003;Est;CM003003;Kadey;CM003003001;Batouri;Naboubou;village
cameroun;CM003;Est;CM003003;Kadey;CM003003006;Ndelele;Hpi;village
cameroun;CM003;Est;CM003003;Kadey;CM003003006;Ndelele;Gavla;village
cameroun;CM003;Est;CM003003;Kadey;CM003003006;Ndelele;Pana I;village
cameroun;CM003;Est;CM003003;Kadey;CM003003006;Ndelele;Pana II;village
cameroun;CM003;Est;CM003003;Kadey;CM003003006;Ndelele;Alanda;village
cameroun;CM003;Est;CM003003;Kadey;CM003003006;Ndelele;Kentzou II;village
cameroun;CM003;Est;CM003003;Kadey;CM003003006;Ndelele;Alanda;village
cameroun;CM003;Est;CM003003;Kadey;CM003003006;Ndelele;Tikondi;village
cameroun;CM003;Est;CM003003;Kadey;CM003003006;Ndelele;Dongongo;village
cameroun;CM003;Est;CM003003;Kadey;CM003003006;Ndelele;Dongali;village
cameroun;CM003;Est;CM003003;Kadey;CM003003006;Ndelele;Mindourou II;town
cameroun;CM003;Est;CM003003;Kadey;CM003003006;Ndelele;Ngalondo;village
cameroun;CM003;Est;CM003003;Kadey;CM003003004;Mbang;Ngao;village
cameroun;CM003;Est;CM003003;Kadey;CM003003004;Mbang;Bambala;village
cameroun;CM003;Est;CM003003;Kadey;CM003003004;Mbang;Kagnol II;village
cameroun;CM003;Est;CM003003;Kadey;CM003003004;Mbang;Bangu;village
cameroun;CM003;Est;CM003003;Kadey;CM003003004;Mbang;Djampil;village
cameroun;CM003;Est;CM003003;Kadey;CM003003004;Mbang;Djout II;village
cameroun;CM003;Est;CM003003;Kadey;CM003003004;Mbang;Mongobia;village
cameroun;CM003;Est;CM003003;Kadey;CM003003004;Mbang;Lila;village
cameroun;CM003;Est;CM003003;Kadey;CM003003004;Mbang;Gbatanga;village
cameroun;CM003;Est;CM003003;Kadey;CM003003004;Mbang;Baboutou;village
cameroun;CM003;Est;CM003003;Kadey;CM003003004;Mbang;Mobambou;village
cameroun;CM003;Est;CM003003;Kadey;CM003003001;Batouri;Mbndissola;village
cameroun;CM003;Est;CM003003;Kadey;CM003003001;Batouri;Kombo Amougou;village
cameroun;CM003;Est;CM003003;Kadey;CM003003001;Batouri;Akotatsti;village
cameroun;CM003;Est;CM003003;Kadey;CM003003001;Batouri;Lombaya;village
cameroun;CM003;Est;CM003003;Kadey;CM003003001;Batouri;Kombo Amoukou;village
cameroun;CM003;Est;CM003003;Kadey;CM003003001;Batouri;Kombo Djomo;village
cameroun;CM003;Est;CM003003;Kadey;CM003003001;Batouri;Moundia;village
cameroun;CM003;Est;CM003003;Kadey;CM003003001;Batouri;Bakombl;village
cameroun;CM003;Est;CM003003;Kadey;CM003003001;Batouri;Mbendissola;village
cameroun;CM003;Est;CM003003;Kadey;CM003003001;Batouri;Bombe Pana;village
cameroun;CM003;Est;CM003003;Kadey;CM003003004;Mbang;Amour;village
cameroun;CM003;Est;CM003003;Kadey;CM003003004;Mbang;Nzengw;village
cameroun;CM003;Est;CM003003;Kadey;CM003003004;Mbang;Mboua;village
cameroun;CM003;Est;CM003003;Kadey;CM003003004;Mbang;Touki II;village
cameroun;CM003;Est;CM003003;Kadey;CM003003004;Mbang;Mbama;village
cameroun;CM003;Est;CM003003;Kadey;CM003003004;Mbang;Bambota;village
cameroun;CM003;Est;CM003003;Kadey;CM003003004;Mbang;Gwabila;village
cameroun;CM003;Est;CM003003;Kadey;CM003003004;Mbang;Mwadjendi;village
cameroun;CM003;Est;CM003003;Kadey;CM003003004;Mbang;Ndjang;village
cameroun;CM003;Est;CM003003;Kadey;CM003003004;Mbang;Mombl II;village
cameroun;CM003;Est;CM003003;Kadey;CM003003004;Mbang;Domiaka;village
cameroun;CM003;Est;CM003003;Kadey;CM003003004;Mbang;Molobo;village
cameroun;CM003;Est;CM003003;Kadey;CM003003004;Mbang;Mbang;town
cameroun;CM003;Est;CM003003;Kadey;CM003003004;Mbang;Mboumdel;village
cameroun;CM003;Est;CM003003;Kadey;CM003003004;Mbang;Kouemkouem;village
cameroun;CM003;Est;CM003003;Kadey;CM003003004;Mbang;Kolembong;village
cameroun;CM003;Est;CM003003;Kadey;CM003003004;Mbang;Tikondi;village
cameroun;CM003;Est;CM003003;Kadey;CM003003004;Mbang;Koso;village
cameroun;CM003;Est;CM003003;Kadey;CM003003004;Mbang;Akom;village
cameroun;CM003;Est;CM003001;Boumba-et-Ngoko;CM003001004;Yokadouma;Bembon;town
cameroun;CM003;Est;CM003002;Haut-Nyong;CM003002007;Lomie;Lamendoum;village
cameroun;CM003;Est;CM003001;Boumba-et-Ngoko;CM003001004;Yokadouma;Medoum;village
cameroun;CM003;Est;CM003002;Haut-Nyong;CM003002007;Lomie;Bamba;village
cameroun;CM003;Est;CM003001;Boumba-et-Ngoko;CM003001004;Yokadouma;Ouesso;village
cameroun;CM003;Est;CM003001;Boumba-et-Ngoko;CM003001004;Yokadouma;Bonda;village
cameroun;CM003;Est;CM003001;Boumba-et-Ngoko;CM003001004;Yokadouma;Kako;village
cameroun;CM003;Est;CM003001;Boumba-et-Ngoko;CM003001004;Yokadouma;Amwamay;village
cameroun;CM003;Est;CM003001;Boumba-et-Ngoko;CM003001004;Yokadouma;Mbol II;town
cameroun;CM003;Est;CM003001;Boumba-et-Ngoko;CM003001004;Yokadouma;Bankwam;village
cameroun;CM003;Est;CM003001;Boumba-et-Ngoko;CM003001004;Yokadouma;Modoue;village
cameroun;CM003;Est;CM003002;Haut-Nyong;CM003002007;Lomie;Mesok;village
cameroun;CM003;Est;CM003002;Haut-Nyong;CM003002007;Lomie;Asip;village
cameroun;CM003;Est;CM003002;Haut-Nyong;CM003002007;Lomie;Nkolenyin;village
cameroun;CM003;Est;CM003002;Haut-Nyong;CM003002007;Lomie;Nkolvolan;village
cameroun;CM003;Est;CM003002;Haut-Nyong;CM003002007;Lomie;Meka;village
cameroun;CM003;Est;CM003002;Haut-Nyong;CM003002007;Lomie;Ntam;village
cameroun;CM003;Est;CM003002;Haut-Nyong;CM003002007;Lomie;Zoulabot;village
cameroun;CM003;Est;CM003002;Haut-Nyong;CM003002007;Lomie;Mpan;village
cameroun;CM003;Est;CM003002;Haut-Nyong;CM003002007;Lomie;Mang;village
cameroun;CM003;Est;CM003002;Haut-Nyong;CM003002007;Lomie;Mdj;village
cameroun;CM003;Est;CM003002;Haut-Nyong;CM003002007;Lomie;Mingongol;village
cameroun;CM003;Est;CM003002;Haut-Nyong;CM003002011;Messok;Adjla;village
cameroun;CM003;Est;CM003002;Haut-Nyong;CM003002011;Messok;Mindouma;village
cameroun;CM003;Est;CM003002;Haut-Nyong;CM003002011;Messok;Messock;town
cameroun;CM003;Est;CM003002;Haut-Nyong;CM003002011;Messok;Badkok;village
cameroun;CM003;Est;CM003002;Haut-Nyong;CM003002011;Messok;Nkoadimako II;village
cameroun;CM003;Est;CM003002;Haut-Nyong;CM003002011;Messok;Nkoadimako I;village
cameroun;CM003;Est;CM003002;Haut-Nyong;CM003002011;Messok;Bzam;village
cameroun;CM003;Est;CM003002;Haut-Nyong;CM003002011;Messok;Mombokola;village
cameroun;CM003;Est;CM003002;Haut-Nyong;CM003002011;Messok;Kamelon;village
cameroun;CM003;Est;CM003002;Haut-Nyong;CM003002011;Messok;B;village
cameroun;CM003;Est;CM003002;Haut-Nyong;CM003002011;Messok;Mssa;village
cameroun;CM003;Est;CM003002;Haut-Nyong;CM003002011;Messok;Long;village
cameroun;CM003;Est;CM003002;Haut-Nyong;CM003002011;Messok;Mebem;village
cameroun;CM003;Est;CM003002;Haut-Nyong;CM003002011;Messok;Mekwa;village
cameroun;CM003;Est;CM003002;Haut-Nyong;CM003002011;Messok;Zwadiba;village
cameroun;CM003;Est;CM003002;Haut-Nyong;CM003002011;Messok;Mbengbeng;village
cameroun;CM003;Est;CM003002;Haut-Nyong;CM003002011;Messok;Manam;village
cameroun;CM003;Est;CM003002;Haut-Nyong;CM003002011;Messok;Yanebot I;village
cameroun;CM003;Est;CM003002;Haut-Nyong;CM003002011;Messok;Obangi;village
cameroun;CM003;Est;CM003002;Haut-Nyong;CM003002011;Messok;Masins;village
cameroun;CM003;Est;CM003002;Haut-Nyong;CM003002011;Messok;Epobimpoum;village
cameroun;CM003;Est;CM003002;Haut-Nyong;CM003002011;Messok;Mboula;village
cameroun;CM003;Est;CM003002;Haut-Nyong;CM003002007;Lomie;Mayang;village
cameroun;CM003;Est;CM003002;Haut-Nyong;CM003002007;Lomie;Melen;village
cameroun;CM003;Est;CM003002;Haut-Nyong;CM003002007;Lomie;Elandjo;village
cameroun;CM003;Est;CM003002;Haut-Nyong;CM003002011;Messok;Nko'akom;village
cameroun;CM003;Est;CM003002;Haut-Nyong;CM003002011;Messok;Nkwakom I;village
cameroun;CM003;Est;CM003002;Haut-Nyong;CM003002007;Lomie;Djadom;village
cameroun;CM003;Est;CM003002;Haut-Nyong;CM003002007;Lomie;Ngola;village
cameroun;CM003;Est;CM003002;Haut-Nyong;CM003002007;Lomie;Mindro;village
cameroun;CM003;Est;CM003002;Haut-Nyong;CM003002007;Lomie;Assep;village
cameroun;CM003;Est;CM003002;Haut-Nyong;CM003002007;Lomie;Ntam;village
cameroun;CM003;Est;CM003002;Haut-Nyong;CM003002007;Lomie;Douala;village
cameroun;CM003;Est;CM003002;Haut-Nyong;CM003002007;Lomie;Mekak;village
cameroun;CM003;Est;CM003002;Haut-Nyong;CM003002007;Lomie;Kongo;village
cameroun;CM003;Est;CM003002;Haut-Nyong;CM003002007;Lomie;Melen;village
cameroun;CM003;Est;CM003002;Haut-Nyong;CM003002007;Lomie;Ko;village
cameroun;CM003;Est;CM003002;Haut-Nyong;CM003002007;Lomie;Dimpam;village
cameroun;CM003;Est;CM003002;Haut-Nyong;CM003002007;Lomie;Nmeyong;village
cameroun;CM003;Est;CM003002;Haut-Nyong;CM003002007;Lomie;Moangue Le Bosquet;village
cameroun;CM003;Est;CM003002;Haut-Nyong;CM003002011;Messok;Zoulabot II;village
cameroun;CM003;Est;CM003002;Haut-Nyong;CM003002011;Messok;Karagwa;village
cameroun;CM003;Est;CM003002;Haut-Nyong;CM003002011;Messok;Mimbourougou;village
cameroun;CM003;Est;CM003002;Haut-Nyong;CM003002011;Messok;Koungoulou;village
cameroun;CM003;Est;CM003002;Haut-Nyong;CM003002007;Lomie;Biba I;village
cameroun;CM003;Est;CM003002;Haut-Nyong;CM003002007;Lomie;Akonts;village
cameroun;CM003;Est;CM003002;Haut-Nyong;CM003002007;Lomie;Kwalmbo;village
cameroun;CM003;Est;CM003002;Haut-Nyong;CM003002007;Lomie;Sissok;village
cameroun;CM003;Est;CM003002;Haut-Nyong;CM003002007;Lomie;Bitsomo;village
cameroun;CM003;Est;CM003002;Haut-Nyong;CM003002007;Lomie;Polydor;village
cameroun;CM003;Est;CM003002;Haut-Nyong;CM003002007;Lomie;Swam;village
cameroun;CM003;Est;CM003002;Haut-Nyong;CM003002007;Lomie;Titiep;village
cameroun;CM003;Est;CM003002;Haut-Nyong;CM003002007;Lomie;Echiambor;village
cameroun;CM003;Est;CM003002;Haut-Nyong;CM003002007;Lomie;Doumzo;village
cameroun;CM003;Est;CM003002;Haut-Nyong;CM003002007;Lomie;Payo;village
cameroun;CM003;Est;CM003003;Kadey;CM003003004;Mbang;Atik;village
cameroun;CM003;Est;CM003003;Kadey;CM003003004;Mbang;Koudjina;village
cameroun;CM003;Est;CM003003;Kadey;CM003003004;Mbang;Mwapak;village
cameroun;CM003;Est;CM003003;Kadey;CM003003004;Mbang;Nongwala;village
cameroun;CM003;Est;CM003003;Kadey;CM003003004;Mbang;Mayos;village
cameroun;CM003;Est;CM003003;Kadey;CM003003004;Mbang;Borssu;village
cameroun;CM003;Est;CM003003;Kadey;CM003003004;Mbang;Bitwala;village
cameroun;CM003;Est;CM003003;Kadey;CM003003004;Mbang;Monbel 1;village
cameroun;CM003;Est;CM003003;Kadey;CM003003004;Mbang;Wafango;village
cameroun;CM003;Est;CM003003;Kadey;CM003003004;Mbang;Djoknpoum;village
cameroun;CM003;Est;CM003003;Kadey;CM003003004;Mbang;Ppo;village
cameroun;CM003;Est;CM003003;Kadey;CM003003004;Mbang;Essengbot;village
cameroun;CM003;Est;CM003003;Kadey;CM003003004;Mbang;Djbadop;village
cameroun;CM003;Est;CM003003;Kadey;CM003003004;Mbang;Beslebot;village
cameroun;CM003;Est;CM003003;Kadey;CM003003004;Mbang;Djout I;village
cameroun;CM003;Est;CM003003;Kadey;CM003003004;Mbang;Kanyol I;village
cameroun;CM003;Est;CM003003;Kadey;CM003003004;Mbang;Bokendja;village
cameroun;CM003;Est;CM003003;Kadey;CM003003004;Mbang;Ebout;village
cameroun;CM003;Est;CM003003;Kadey;CM003003004;Mbang;Moloundou;village
cameroun;CM003;Est;CM003003;Kadey;CM003003004;Mbang;Bimba;village
cameroun;CM003;Est;CM003003;Kadey;CM003003004;Mbang;Djemiong;village
cameroun;CM003;Est;CM003003;Kadey;CM003003007;Ndem Nam;Nyamsambo;village
cameroun;CM003;Est;CM003003;Kadey;CM003003007;Ndem Nam;Ngulbok;town
cameroun;CM003;Est;CM003003;Kadey;CM003003007;Ndem Nam;Ndem Nam;village
cameroun;CM003;Est;CM003003;Kadey;CM003003007;Ndem Nam;Ngoulmekong;village
cameroun;CM003;Est;CM003003;Kadey;CM003003007;Ndem Nam;Nzeng;village
cameroun;CM003;Est;CM003003;Kadey;CM003003004;Mbang;Bamekok;village
cameroun;CM003;Est;CM003003;Kadey;CM003003004;Mbang;Gout;village
cameroun;CM003;Est;CM003003;Kadey;CM003003004;Mbang;Tikondi;village
cameroun;CM003;Est;CM003003;Kadey;CM003003001;Batouri;Konga;village
cameroun;CM003;Est;CM003003;Kadey;CM003003001;Batouri;Dimako II;village
cameroun;CM003;Est;CM003003;Kadey;CM003003001;Batouri;Nol;village
cameroun;CM003;Est;CM003003;Kadey;CM003003007;Ndem Nam;Ngoutou;village
cameroun;CM003;Est;CM003003;Kadey;CM003003007;Ndem Nam;Llo;village
cameroun;CM003;Est;CM003003;Kadey;CM003003007;Ndem Nam;Ndembo;village
cameroun;CM003;Est;CM003003;Kadey;CM003003007;Ndem Nam;Bitamyen;village
cameroun;CM003;Est;CM003003;Kadey;CM003003007;Ndem Nam;Lta;village
cameroun;CM003;Est;CM003003;Kadey;CM003003007;Ndem Nam;Kamba-Miri;village
cameroun;CM003;Est;CM003003;Kadey;CM003003007;Ndem Nam;Nyamtimbi;village
cameroun;CM003;Est;CM003003;Kadey;CM003003007;Ndem Nam;Ngomboul;village
cameroun;CM003;Est;CM003003;Kadey;CM003003007;Ndem Nam;Melambo;village
cameroun;CM003;Est;CM003003;Kadey;CM003003007;Ndem Nam;Ndjassi;village
cameroun;CM003;Est;CM003003;Kadey;CM003003007;Ndem Nam;Dem;village
cameroun;CM003;Est;CM003003;Kadey;CM003003007;Ndem Nam;Blo-Ngboutou;village
cameroun;CM003;Est;CM003003;Kadey;CM003003007;Ndem Nam;Dengoro;village
cameroun;CM003;Est;CM003003;Kadey;CM003003007;Ndem Nam;Ndemnan;village
cameroun;CM003;Est;CM003003;Kadey;CM003003007;Ndem Nam;Gount;village
cameroun;CM003;Est;CM003003;Kadey;CM003003007;Ndem Nam;Ndembo;village
cameroun;CM003;Est;CM003003;Kadey;CM003003007;Ndem Nam;Godanga;village
cameroun;CM003;Est;CM003002;Haut-Nyong;CM003002003;Dimako;Ngombou;village
cameroun;CM003;Est;CM003002;Haut-Nyong;CM003002003;Dimako;Grand-Pol;village
cameroun;CM003;Est;CM003002;Haut-Nyong;CM003002003;Dimako;Nkolmyanga;village
cameroun;CM003;Est;CM003002;Haut-Nyong;CM003002003;Dimako;Petit-Pol;village
cameroun;CM003;Est;CM003002;Haut-Nyong;CM003002003;Dimako;Simyong;village
cameroun;CM003;Est;CM003002;Haut-Nyong;CM003002006;Doume;Kempong;village
cameroun;CM003;Est;CM003002;Haut-Nyong;CM003002006;Doume;Goumbjrong;village
cameroun;CM003;Est;CM003002;Haut-Nyong;CM003002003;Dimako;Toungrelo;village
cameroun;CM003;Est;CM003002;Haut-Nyong;CM003002003;Dimako;Konpatwa;village
cameroun;CM003;Est;CM003002;Haut-Nyong;CM003002003;Dimako;Kwn;village
cameroun;CM003;Est;CM003002;Haut-Nyong;CM003002003;Dimako;Tchandja;village
cameroun;CM003;Est;CM003002;Haut-Nyong;CM003002006;Doume;Bayong I;village
cameroun;CM003;Est;CM003002;Haut-Nyong;CM003002006;Doume;Mbama;village
cameroun;CM003;Est;CM003002;Haut-Nyong;CM003002006;Doume;Biziga;village
cameroun;CM003;Est;CM003002;Haut-Nyong;CM003002006;Doume;Oulbendamba;village
cameroun;CM003;Est;CM003002;Haut-Nyong;CM003002006;Doume;Paki;village
cameroun;CM003;Est;CM003002;Haut-Nyong;CM003002006;Doume;Mendim;village
cameroun;CM003;Est;CM003002;Haut-Nyong;CM003002006;Doume;Mala;village
cameroun;CM003;Est;CM003002;Haut-Nyong;CM003002006;Doume;Sibita;village
cameroun;CM003;Est;CM003002;Haut-Nyong;CM003002006;Doume;Doum;town
cameroun;CM003;Est;CM003002;Haut-Nyong;CM003002006;Doume;Kobila;village
cameroun;CM003;Est;CM003002;Haut-Nyong;CM003002006;Doume;Loumbou;village
cameroun;CM003;Est;CM003002;Haut-Nyong;CM003002001;Abong-Mbang;Sokamalam;village
cameroun;CM003;Est;CM003002;Haut-Nyong;CM003002001;Abong-Mbang;Miang II;village
cameroun;CM003;Est;CM003002;Haut-Nyong;CM003002001;Abong-Mbang;Mpemzok;village
cameroun;CM003;Est;CM003002;Haut-Nyong;CM003002001;Abong-Mbang;Ntimb II;village
cameroun;CM003;Est;CM003002;Haut-Nyong;CM003002001;Abong-Mbang;Cyrie;village
cameroun;CM003;Est;CM003002;Haut-Nyong;CM003002001;Abong-Mbang;Nongbwala;village
cameroun;CM003;Est;CM003002;Haut-Nyong;CM003002001;Abong-Mbang;Ayen;village
cameroun;CM003;Est;CM003002;Haut-Nyong;CM003002001;Abong-Mbang;Dangereux;village
cameroun;CM003;Est;CM003002;Haut-Nyong;CM003002001;Abong-Mbang;Kendjo;village
cameroun;CM003;Est;CM003002;Haut-Nyong;CM003002001;Abong-Mbang;Nkouak;village
cameroun;CM003;Est;CM003002;Haut-Nyong;CM003002001;Abong-Mbang;Baka de Dja;village
cameroun;CM003;Est;CM003002;Haut-Nyong;CM003002001;Abong-Mbang;Etsiek;village
cameroun;CM003;Est;CM003002;Haut-Nyong;CM003002001;Abong-Mbang;Djouyaya;village
cameroun;CM003;Est;CM003002;Haut-Nyong;CM003002001;Abong-Mbang;Kagnol;village
cameroun;CM003;Est;CM003002;Haut-Nyong;CM003002001;Abong-Mbang;Bitel;village
cameroun;CM003;Est;CM003002;Haut-Nyong;CM003002004;Dja;Djolempoum;village
cameroun;CM003;Est;CM003002;Haut-Nyong;CM003002004;Dja;Baka de Mballam;village
cameroun;CM003;Est;CM003002;Haut-Nyong;CM003002004;Dja;Malene;village
cameroun;CM003;Est;CM003002;Haut-Nyong;CM003002004;Dja;Bedoumo;village
cameroun;CM003;Est;CM003002;Haut-Nyong;CM003002001;Abong-Mbang;Kwamb;village
cameroun;CM003;Est;CM003002;Haut-Nyong;CM003002001;Abong-Mbang;Ngouochie;village
cameroun;CM003;Est;CM003002;Haut-Nyong;CM003002001;Abong-Mbang;Oboul II;village
cameroun;CM003;Est;CM003002;Haut-Nyong;CM003002001;Abong-Mbang;Madouma;village
cameroun;CM003;Est;CM003002;Haut-Nyong;CM003002001;Abong-Mbang;Ayn;village
cameroun;CM003;Est;CM003002;Haut-Nyong;CM003002001;Abong-Mbang;Abong-Mbang II;village
cameroun;CM003;Est;CM003002;Haut-Nyong;CM003002001;Abong-Mbang;Abong Doum;village
cameroun;CM003;Est;CM003002;Haut-Nyong;CM003002001;Abong-Mbang;Nkouolou;village
cameroun;CM003;Est;CM003002;Haut-Nyong;CM003002001;Abong-Mbang;Zoguemboou;village
cameroun;CM003;Est;CM003002;Haut-Nyong;CM003002001;Abong-Mbang;Miang;village
cameroun;CM003;Est;CM003002;Haut-Nyong;CM003002001;Abong-Mbang;Djenassoum;village
cameroun;CM003;Est;CM003002;Haut-Nyong;CM003002001;Abong-Mbang;Ntamkumb;village
cameroun;CM003;Est;CM003002;Haut-Nyong;CM003002001;Abong-Mbang;Adouma;village
cameroun;CM003;Est;CM003002;Haut-Nyong;CM003002005;Doumaintang;Mampang;village
cameroun;CM003;Est;CM003002;Haut-Nyong;CM003002005;Doumaintang;Bago;village
cameroun;CM003;Est;CM003002;Haut-Nyong;CM003002005;Doumaintang;Wama;village
cameroun;CM003;Est;CM003002;Haut-Nyong;CM003002005;Doumaintang;Ambaka;village
cameroun;CM003;Est;CM003002;Haut-Nyong;CM003002008;Mboanz;Bagoloul;village
cameroun;CM003;Est;CM003002;Haut-Nyong;CM003002008;Mboanz;Bagwale;village
cameroun;CM003;Est;CM003002;Haut-Nyong;CM003002005;Doumaintang;Motcheboum;village
cameroun;CM003;Est;CM003002;Haut-Nyong;CM003002005;Doumaintang;Djende II;village
cameroun;CM003;Est;CM003002;Haut-Nyong;CM003002005;Doumaintang;Bent;village
cameroun;CM003;Est;CM003002;Haut-Nyong;CM003002005;Doumaintang;Nkoum;village
cameroun;CM003;Est;CM003002;Haut-Nyong;CM003002005;Doumaintang;Diaglassi;village
cameroun;CM003;Est;CM003002;Haut-Nyong;CM003002005;Doumaintang;Bonando;village
cameroun;CM003;Est;CM003002;Haut-Nyong;CM003002005;Doumaintang;Boumpial;village
cameroun;CM003;Est;CM003002;Haut-Nyong;CM003002006;Doume;Bayong V;village
cameroun;CM003;Est;CM003002;Haut-Nyong;CM003002006;Doume;Mbalengu;village
cameroun;CM003;Est;CM003002;Haut-Nyong;CM003002005;Doumaintang;Mbaguempel;village
cameroun;CM003;Est;CM003002;Haut-Nyong;CM003002005;Doumaintang;Menyangwa;village
cameroun;CM003;Est;CM003002;Haut-Nyong;CM003002005;Doumaintang;Ngomndouma;village
cameroun;CM003;Est;CM003002;Haut-Nyong;CM003002005;Doumaintang;Kabili;village
cameroun;CM003;Est;CM003002;Haut-Nyong;CM003002005;Doumaintang;Sguelndom;village
cameroun;CM003;Est;CM003002;Haut-Nyong;CM003002005;Doumaintang;Kongsimbang;village
cameroun;CM003;Est;CM003002;Haut-Nyong;CM003002005;Doumaintang;Doumaintang;town
cameroun;CM003;Est;CM003002;Haut-Nyong;CM003002005;Doumaintang;Mbama II;village
cameroun;CM003;Est;CM003002;Haut-Nyong;CM003002005;Doumaintang;Oulidik;village
cameroun;CM003;Est;CM003002;Haut-Nyong;CM003002005;Doumaintang;Mbanhankou;village
cameroun;CM003;Est;CM003002;Haut-Nyong;CM003002005;Doumaintang;Mendjime;village
cameroun;CM003;Est;CM003002;Haut-Nyong;CM003002005;Doumaintang;Djend I;village
cameroun;CM003;Est;CM003002;Haut-Nyong;CM003002005;Doumaintang;Badouma;village
cameroun;CM003;Est;CM003002;Haut-Nyong;CM003002005;Doumaintang;Sal;village
cameroun;CM003;Est;CM003002;Haut-Nyong;CM003002005;Doumaintang;Bamkok;village
cameroun;CM003;Est;CM003002;Haut-Nyong;CM003002005;Doumaintang;Oulebiam;village
cameroun;CM003;Est;CM003002;Haut-Nyong;CM003002005;Doumaintang;Mbama I;village
cameroun;CM003;Est;CM003002;Haut-Nyong;CM003002008;Mboanz;Mpoundou;village
cameroun;CM003;Est;CM003002;Haut-Nyong;CM003002008;Mboanz;Abonis;village
cameroun;CM003;Est;CM003002;Haut-Nyong;CM003002008;Mboanz;Djekoundi;village
cameroun;CM003;Est;CM003002;Haut-Nyong;CM003002008;Mboanz;Ankom;village
cameroun;CM003;Est;CM003002;Haut-Nyong;CM003002001;Abong-Mbang;Bindanang;village
cameroun;CM003;Est;CM003002;Haut-Nyong;CM003002001;Abong-Mbang;Banmekoung;village
cameroun;CM003;Est;CM003002;Haut-Nyong;CM003002001;Abong-Mbang;Mazebe;village
cameroun;CM003;Est;CM003002;Haut-Nyong;CM003002008;Mboanz;Kek;village
cameroun;CM003;Est;CM003002;Haut-Nyong;CM003002008;Mboanz;Bagbeze II;village
cameroun;CM003;Est;CM003002;Haut-Nyong;CM003002001;Abong-Mbang;Ankoung;village
cameroun;CM003;Est;CM003002;Haut-Nyong;CM003002001;Abong-Mbang;Nkwal;village
cameroun;CM003;Est;CM003002;Haut-Nyong;CM003002001;Abong-Mbang;Djojok;village
cameroun;CM003;Est;CM003002;Haut-Nyong;CM003002008;Mboanz;Zend;village
cameroun;CM003;Est;CM003002;Haut-Nyong;CM003002008;Mboanz;Angossas;town
cameroun;CM003;Est;CM003002;Haut-Nyong;CM003002008;Mboanz;Mpalampwan;village
cameroun;CM003;Est;CM003002;Haut-Nyong;CM003002008;Mboanz;Andjou;village
cameroun;CM003;Est;CM003002;Haut-Nyong;CM003002005;Doumaintang;Kak I;village
cameroun;CM003;Est;CM003002;Haut-Nyong;CM003002009;Mboma;Mbam;village
cameroun;CM003;Est;CM003002;Haut-Nyong;CM003002009;Mboma;Zoum;village
cameroun;CM003;Est;CM003002;Haut-Nyong;CM003002009;Mboma;Kanyo Piste;village
cameroun;CM003;Est;CM003002;Haut-Nyong;CM003002008;Mboanz;Zend;village
cameroun;CM003;Est;CM003002;Haut-Nyong;CM003002008;Mboanz;Anguengue;village
cameroun;CM003;Est;CM003002;Haut-Nyong;CM003002008;Mboanz;Bagoboung;village
cameroun;CM003;Est;CM003002;Haut-Nyong;CM003002008;Mboanz;Konak;village
cameroun;CM003;Est;CM003002;Haut-Nyong;CM003002008;Mboanz;Mbomba;village
cameroun;CM003;Est;CM003002;Haut-Nyong;CM003002008;Mboanz;Beul;village
cameroun;CM003;Est;CM003002;Haut-Nyong;CM003002008;Mboanz;Abamb;village
cameroun;CM003;Est;CM003002;Haut-Nyong;CM003002009;Mboma;Bangou;village
cameroun;CM003;Est;CM003002;Haut-Nyong;CM003002009;Mboma;Bengono;village
cameroun;CM003;Est;CM003002;Haut-Nyong;CM003002009;Mboma;Nkaoul;village
cameroun;CM003;Est;CM003002;Haut-Nyong;CM003002009;Mboma;Djimbou;village
cameroun;CM003;Est;CM003002;Haut-Nyong;CM003002009;Mboma;Miambo;village
cameroun;CM003;Est;CM003002;Haut-Nyong;CM003002009;Mboma;Ngoumou;village
cameroun;CM003;Est;CM003002;Haut-Nyong;CM003002009;Mboma;Mboma;town
cameroun;CM003;Est;CM003002;Haut-Nyong;CM003002009;Mboma;Kak II;village
cameroun;CM003;Est;CM003002;Haut-Nyong;CM003002009;Mboma;Akossa;village
cameroun;CM003;Est;CM003002;Haut-Nyong;CM003002009;Mboma;Lamba;village
cameroun;CM003;Est;CM003002;Haut-Nyong;CM003002013;Nguelemendouka;Aminemakoum;village
cameroun;CM003;Est;CM003002;Haut-Nyong;CM003002005;Doumaintang;Baditoum;village
cameroun;CM003;Est;CM003002;Haut-Nyong;CM003002005;Doumaintang;Bakombiam;village
cameroun;CM003;Est;CM003002;Haut-Nyong;CM003002005;Doumaintang;Nkouambang I;village
cameroun;CM003;Est;CM003002;Haut-Nyong;CM003002005;Doumaintang;Ngodomou;village
cameroun;CM003;Est;CM003002;Haut-Nyong;CM003002005;Doumaintang;Nkouambang I;village
cameroun;CM003;Est;CM003002;Haut-Nyong;CM003002013;Nguelemendouka;Aklbensa;village
cameroun;CM003;Est;CM003002;Haut-Nyong;CM003002013;Nguelemendouka;Koumbou;village
cameroun;CM003;Est;CM003002;Haut-Nyong;CM003002013;Nguelemendouka;Bouela;village
cameroun;CM003;Est;CM003002;Haut-Nyong;CM003002013;Nguelemendouka;Ademegola;village
cameroun;CM003;Est;CM003002;Haut-Nyong;CM003002013;Nguelemendouka;Djambl;village
cameroun;CM003;Est;CM003002;Haut-Nyong;CM003002013;Nguelemendouka;Azomkout;village
cameroun;CM003;Est;CM003002;Haut-Nyong;CM003002013;Nguelemendouka;Ekpwassong I;village
cameroun;CM003;Est;CM003002;Haut-Nyong;CM003002013;Nguelemendouka;Ngouong;village
cameroun;CM002;Centre;CM002009;Nyong-et-Mfoumou;CM002009002;Ayos;Andom;village
cameroun;CM002;Centre;CM002009;Nyong-et-Mfoumou;CM002009002;Ayos;Atoa;village
cameroun;CM002;Centre;CM002009;Nyong-et-Mfoumou;CM002009002;Ayos;Mbang;village
cameroun;CM002;Centre;CM002009;Nyong-et-Mfoumou;CM002009002;Ayos;Mbok;village
cameroun;CM002;Centre;CM002009;Nyong-et-Mfoumou;CM002009002;Ayos;Momegombo;village
cameroun;CM002;Centre;CM002009;Nyong-et-Mfoumou;CM002009002;Ayos;Mimbega;village
cameroun;CM002;Centre;CM002009;Nyong-et-Mfoumou;CM002009002;Ayos;Mboni;village
cameroun;CM002;Centre;CM002009;Nyong-et-Mfoumou;CM002009002;Ayos;Mvianga;village
cameroun;CM002;Centre;CM002009;Nyong-et-Mfoumou;CM002009002;Ayos;Tomba III;village
cameroun;CM002;Centre;CM002009;Nyong-et-Mfoumou;CM002009002;Ayos;Sobia;village
cameroun;CM002;Centre;CM002009;Nyong-et-Mfoumou;CM002009002;Ayos;Nkoloboudou;village
cameroun;CM002;Centre;CM002009;Nyong-et-Mfoumou;CM002009002;Ayos;Abokoundi;village
cameroun;CM002;Centre;CM002009;Nyong-et-Mfoumou;CM002009005;Nyakokombo;Mbang;village
cameroun;CM002;Centre;CM002009;Nyong-et-Mfoumou;CM002009005;Nyakokombo;Fang Bilon;village
cameroun;CM002;Centre;CM002009;Nyong-et-Mfoumou;CM002009005;Nyakokombo;Kobdombo;town
cameroun;CM002;Centre;CM002009;Nyong-et-Mfoumou;CM002009005;Nyakokombo;Leng-Tombo;village
cameroun;CM003;Est;CM003002;Haut-Nyong;CM003002002;Bebend;Atok;town
cameroun;CM002;Centre;CM002009;Nyong-et-Mfoumou;CM002009005;Nyakokombo;Fan Bikang II;village
cameroun;CM002;Centre;CM002009;Nyong-et-Mfoumou;CM002009005;Nyakokombo;Fan Bikang I;village
cameroun;CM002;Centre;CM002009;Nyong-et-Mfoumou;CM002009005;Nyakokombo;Ngala;village
cameroun;CM002;Centre;CM002009;Nyong-et-Mfoumou;CM002009005;Nyakokombo;Sala;village
cameroun;CM002;Centre;CM002009;Nyong-et-Mfoumou;CM002009005;Nyakokombo;Akam;village
cameroun;CM002;Centre;CM002009;Nyong-et-Mfoumou;CM002009002;Ayos;Ngondo;village
cameroun;CM003;Est;CM003002;Haut-Nyong;CM003002013;Nguelemendouka;Namedjap;village
cameroun;CM003;Est;CM003002;Haut-Nyong;CM003002008;Mboanz;Salangu;village
cameroun;CM003;Est;CM003002;Haut-Nyong;CM003002008;Mboanz;Isseng I;village
cameroun;CM003;Est;CM003002;Haut-Nyong;CM003002009;Mboma;Ngoap;village
cameroun;CM003;Est;CM003002;Haut-Nyong;CM003002008;Mboanz;Bagbez;village
cameroun;CM003;Est;CM003002;Haut-Nyong;CM003002008;Mboanz;Bagbetout;village
cameroun;CM003;Est;CM003002;Haut-Nyong;CM003002008;Mboanz;Mayos;village
cameroun;CM003;Est;CM003002;Haut-Nyong;CM003002002;Bebend;Bidjigue;village
cameroun;CM003;Est;CM003002;Haut-Nyong;CM003002002;Bebend;Ngomatak;village
cameroun;CM003;Est;CM003002;Haut-Nyong;CM003002002;Bebend;Djoum;village
cameroun;CM003;Est;CM003002;Haut-Nyong;CM003002002;Bebend;Ndamkumb;village
cameroun;CM003;Est;CM003002;Haut-Nyong;CM003002002;Bebend;Mpand;village
cameroun;CM003;Est;CM003002;Haut-Nyong;CM003002002;Bebend;Nkinda;village
cameroun;CM003;Est;CM003002;Haut-Nyong;CM003002002;Bebend;Ngwemetak;village
cameroun;CM003;Est;CM003002;Haut-Nyong;CM003002002;Bebend;Bidjingue;village
cameroun;CM003;Est;CM003002;Haut-Nyong;CM003002010;Messamena;Ka Noud;village
cameroun;CM003;Est;CM003002;Haut-Nyong;CM003002010;Messamena;L;village
cameroun;CM003;Est;CM003002;Haut-Nyong;CM003002002;Bebend;Ka Noud;village
cameroun;CM003;Est;CM003002;Haut-Nyong;CM003002010;Messamena;Ngoulmekong;village
cameroun;CM003;Est;CM003002;Haut-Nyong;CM003002002;Bebend;Blakand;village
cameroun;CM003;Est;CM003002;Haut-Nyong;CM003002002;Bebend;Mbama;village
cameroun;CM003;Est;CM003002;Haut-Nyong;CM003002002;Bebend;Bizay;village
cameroun;CM003;Est;CM003002;Haut-Nyong;CM003002002;Bebend;Ntoumb;village
cameroun;CM003;Est;CM003002;Haut-Nyong;CM003002002;Bebend;Nkwanou;village
cameroun;CM003;Est;CM003002;Haut-Nyong;CM003002002;Bebend;Makok;village
cameroun;CM003;Est;CM003002;Haut-Nyong;CM003002002;Bebend;Ndjouk;village
cameroun;CM003;Est;CM003002;Haut-Nyong;CM003002002;Bebend;Mayos;village
cameroun;CM002;Centre;CM002009;Nyong-et-Mfoumou;CM002009005;Nyakokombo;Ebodo;village
cameroun;CM002;Centre;CM002009;Nyong-et-Mfoumou;CM002009005;Nyakokombo;Nyenda;village
cameroun;CM002;Centre;CM002009;Nyong-et-Mfoumou;CM002009005;Nyakokombo;Kombo;village
cameroun;CM002;Centre;CM002009;Nyong-et-Mfoumou;CM002009005;Nyakokombo;Koba;village
cameroun;CM002;Centre;CM002009;Nyong-et-Mfoumou;CM002009002;Ayos;Nsan II;village
cameroun;CM003;Est;CM003002;Haut-Nyong;CM003002002;Bebend;Landa;village
cameroun;CM003;Est;CM003002;Haut-Nyong;CM003002002;Bebend;Ngoulemekong;village
cameroun;CM003;Est;CM003002;Haut-Nyong;CM003002002;Bebend;Salmeyong;village
cameroun;CM003;Est;CM003002;Haut-Nyong;CM003002002;Bebend;Effoulan;village
cameroun;CM003;Est;CM003002;Haut-Nyong;CM003002002;Bebend;Akok Yebekolo;village
cameroun;CM003;Est;CM003002;Haut-Nyong;CM003002002;Bebend;Biesbingo;village
cameroun;CM003;Est;CM003002;Haut-Nyong;CM003002010;Messamena;Djaa;village
cameroun;CM003;Est;CM003002;Haut-Nyong;CM003002010;Messamena;Akok Bikele;village
cameroun;CM003;Est;CM003002;Haut-Nyong;CM003002010;Messamena;Wada;village
cameroun;CM003;Est;CM003002;Haut-Nyong;CM003002010;Messamena;Mpand;village
cameroun;CM003;Est;CM003002;Haut-Nyong;CM003002010;Messamena;Bidjombo;village
cameroun;CM002;Centre;CM002009;Nyong-et-Mfoumou;CM002009001;Akonolinga;Medombo;village
cameroun;CM003;Est;CM003002;Haut-Nyong;CM003002010;Messamena;Meka;village
cameroun;CM003;Est;CM003002;Haut-Nyong;CM003002010;Messamena;Lekek;village
cameroun;CM003;Est;CM003002;Haut-Nyong;CM003002010;Messamena;Meyes;village
cameroun;CM003;Est;CM003002;Haut-Nyong;CM003002010;Messamena;Ebad;village
cameroun;CM003;Est;CM003002;Haut-Nyong;CM003002010;Messamena;Ebade;village
cameroun;CM003;Est;CM003002;Haut-Nyong;CM003002010;Messamena;Ka Sud;village
cameroun;CM003;Est;CM003002;Haut-Nyong;CM003002010;Messamena;Apadjok;village
cameroun;CM003;Est;CM003002;Haut-Nyong;CM003002010;Messamena;Tessang;village
cameroun;CM003;Est;CM003002;Haut-Nyong;CM003002010;Messamena;Male'ele;village
cameroun;CM003;Est;CM003002;Haut-Nyong;CM003002010;Messamena;Etchu;village
cameroun;CM003;Est;CM003002;Haut-Nyong;CM003002010;Messamena;Ayou;village
cameroun;CM003;Est;CM003002;Haut-Nyong;CM003002010;Messamena;Meba;village
cameroun;CM003;Est;CM003002;Haut-Nyong;CM003002010;Messamena;Mwamendiguel;village
cameroun;CM003;Est;CM003002;Haut-Nyong;CM003002010;Messamena;Koum;village
cameroun;CM003;Est;CM003002;Haut-Nyong;CM003002010;Messamena;Mpaki;village
cameroun;CM003;Est;CM003002;Haut-Nyong;CM003002010;Messamena;Mayos;village
cameroun;CM003;Est;CM003002;Haut-Nyong;CM003002010;Messamena;Mba;village
cameroun;CM003;Est;CM003002;Haut-Nyong;CM003002010;Messamena;Nkoung;village
cameroun;CM003;Est;CM003002;Haut-Nyong;CM003002010;Messamena;Bissoua II;village
cameroun;CM003;Est;CM003002;Haut-Nyong;CM003002010;Messamena;Blandjok;village
cameroun;CM003;Est;CM003002;Haut-Nyong;CM003002010;Messamena;Minswan;village
cameroun;CM003;Est;CM003002;Haut-Nyong;CM003002010;Messamena;Messamena;town
cameroun;CM003;Est;CM003002;Haut-Nyong;CM003002010;Messamena;Mengoma;village
cameroun;CM003;Est;CM003002;Haut-Nyong;CM003002010;Messamena;Laba;village
cameroun;CM003;Est;CM003002;Haut-Nyong;CM003002010;Messamena;Bibom;village
cameroun;CM003;Est;CM003002;Haut-Nyong;CM003002010;Messamena;Akoumou;village
cameroun;CM003;Est;CM003002;Haut-Nyong;CM003002010;Messamena;Ebabot;village
cameroun;CM003;Est;CM003002;Haut-Nyong;CM003002010;Messamena;Messak;village
cameroun;CM003;Est;CM003002;Haut-Nyong;CM003002010;Messamena;Mobbeziem;village
cameroun;CM003;Est;CM003002;Haut-Nyong;CM003002010;Messamena;Nkonzu;village
cameroun;CM003;Est;CM003002;Haut-Nyong;CM003002010;Messamena;Addoum;village
cameroun;CM003;Est;CM003002;Haut-Nyong;CM003002010;Messamena;Spierno;village
cameroun;CM003;Est;CM003002;Haut-Nyong;CM003002010;Messamena;Ntolok;village
cameroun;CM003;Est;CM003002;Haut-Nyong;CM003002010;Messamena;Obinem;village
cameroun;CM003;Est;CM003002;Haut-Nyong;CM003002010;Messamena;Chwedomb;village
cameroun;CM003;Est;CM003002;Haut-Nyong;CM003002010;Messamena;Bissoua;village
cameroun;CM003;Est;CM003002;Haut-Nyong;CM003002010;Messamena;Soleye;village
cameroun;CM003;Est;CM003002;Haut-Nyong;CM003002010;Messamena;Mimbang;village
cameroun;CM003;Est;CM003002;Haut-Nyong;CM003002010;Messamena;Doume;village
cameroun;CM003;Est;CM003002;Haut-Nyong;CM003002010;Messamena;Ntollock;village
cameroun;CM003;Est;CM003002;Haut-Nyong;CM003002002;Bebend;Makogou;village
cameroun;CM003;Est;CM003002;Haut-Nyong;CM003002002;Bebend;Kodjans;village
cameroun;CM003;Est;CM003002;Haut-Nyong;CM003002002;Bebend;Minkwague;village
cameroun;CM003;Est;CM003002;Haut-Nyong;CM003002002;Bebend;Zoguela;village
cameroun;CM003;Est;CM003002;Haut-Nyong;CM003002002;Bebend;Ndjinda;village
cameroun;CM003;Est;CM003002;Haut-Nyong;CM003002002;Bebend;Bende;village
cameroun;CM003;Est;CM003002;Haut-Nyong;CM003002002;Bebend;Bigoens;village
cameroun;CM003;Est;CM003002;Haut-Nyong;CM003002002;Bebend;Nyimbe;village
cameroun;CM003;Est;CM003002;Haut-Nyong;CM003002002;Bebend;Swombou;village
cameroun;CM003;Est;CM003002;Haut-Nyong;CM003002002;Bebend;Ndjibe;village
cameroun;CM003;Est;CM003002;Haut-Nyong;CM003002001;Abong-Mbang;Ntoung;village
cameroun;CM003;Est;CM003002;Haut-Nyong;CM003002001;Abong-Mbang;Metoung;village
cameroun;CM003;Est;CM003002;Haut-Nyong;CM003002001;Abong-Mbang;Makak;village
cameroun;CM003;Est;CM003002;Haut-Nyong;CM003002001;Abong-Mbang;Bagofit;village
cameroun;CM003;Est;CM003002;Haut-Nyong;CM003002001;Abong-Mbang;Ankwambwomb;village
cameroun;CM003;Est;CM003002;Haut-Nyong;CM003002001;Abong-Mbang;Sagabin;village
cameroun;CM003;Est;CM003002;Haut-Nyong;CM003002001;Abong-Mbang;Oboul I;village
cameroun;CM003;Est;CM003002;Haut-Nyong;CM003002001;Abong-Mbang;Oyem Gabon;village
cameroun;CM003;Est;CM003002;Haut-Nyong;CM003002001;Abong-Mbang;Djequelong;village
cameroun;CM003;Est;CM003002;Haut-Nyong;CM003002001;Abong-Mbang;Mass;village
cameroun;CM003;Est;CM003002;Haut-Nyong;CM003002010;Messamena;Lakabo;village
cameroun;CM003;Est;CM003002;Haut-Nyong;CM003002001;Abong-Mbang;Ntimb I;village
cameroun;CM003;Est;CM003002;Haut-Nyong;CM003002010;Messamena;Ebouemetoum;village
cameroun;CM003;Est;CM003002;Haut-Nyong;CM003002010;Messamena;Mboumo;village
cameroun;CM003;Est;CM003002;Haut-Nyong;CM003002010;Messamena;Djela;village
cameroun;CM003;Est;CM003002;Haut-Nyong;CM003002010;Messamena;Ekoh;village
cameroun;CM003;Est;CM003002;Haut-Nyong;CM003002010;Messamena;Djolempoum;village
cameroun;CM003;Est;CM003002;Haut-Nyong;CM003002010;Messamena;Assia;village
cameroun;CM003;Est;CM003002;Haut-Nyong;CM003002010;Messamena;Bitemyen;village
cameroun;CM003;Est;CM003002;Haut-Nyong;CM003002010;Messamena;Doumo;village
cameroun;CM003;Est;CM003002;Haut-Nyong;CM003002010;Messamena;Zo'ebefam;village
cameroun;CM003;Est;CM003002;Haut-Nyong;CM003002010;Messamena;Hippodrome;village
cameroun;CM003;Est;CM003002;Haut-Nyong;CM003002010;Messamena;Echou;village
cameroun;CM003;Est;CM003002;Haut-Nyong;CM003002010;Messamena;Madjui I;village
cameroun;CM003;Est;CM003002;Haut-Nyong;CM003002010;Messamena;Echou;village
cameroun;CM003;Est;CM003002;Haut-Nyong;CM003002010;Messamena;Maln II;village
cameroun;CM003;Est;CM003002;Haut-Nyong;CM003002010;Messamena;Madjui II;village
cameroun;CM003;Est;CM003002;Haut-Nyong;CM003002010;Messamena;Mpan;village
cameroun;CM003;Est;CM003002;Haut-Nyong;CM003002010;Messamena;Ntibonke;village
cameroun;CM003;Est;CM003002;Haut-Nyong;CM003002010;Messamena;Doumo;village
cameroun;CM003;Est;CM003002;Haut-Nyong;CM003002010;Messamena;Diassa;village
cameroun;CM003;Est;CM003002;Haut-Nyong;CM003002010;Messamena;Malen V;village
cameroun;CM003;Est;CM003002;Haut-Nyong;CM003002010;Messamena;Palestine;village
cameroun;CM003;Est;CM003002;Haut-Nyong;CM003002014;Somalomo;Mpan;village
cameroun;CM003;Est;CM003002;Haut-Nyong;CM003002014;Somalomo;Elandjo;village
cameroun;CM003;Est;CM003002;Haut-Nyong;CM003002014;Somalomo;Nkolnyengue;village
cameroun;CM003;Est;CM003002;Haut-Nyong;CM003002014;Somalomo;Ekom;village
cameroun;CM003;Est;CM003002;Haut-Nyong;CM003002014;Somalomo;Koungoulou;village
cameroun;CM003;Est;CM003002;Haut-Nyong;CM003002014;Somalomo;Nkwe;village
cameroun;CM003;Est;CM003002;Haut-Nyong;CM003002014;Somalomo;Bodjouo;village
cameroun;CM003;Est;CM003002;Haut-Nyong;CM003002014;Somalomo;Bitso'oman;village
cameroun;CM003;Est;CM003002;Haut-Nyong;CM003002014;Somalomo;Zenkam;village
cameroun;CM003;Est;CM003002;Haut-Nyong;CM003002014;Somalomo;Mimpala;village
cameroun;CM003;Est;CM003002;Haut-Nyong;CM003002014;Somalomo;Male'e;village
cameroun;CM003;Est;CM003002;Haut-Nyong;CM003002014;Somalomo;Mintoum;village
cameroun;CM003;Est;CM003002;Haut-Nyong;CM003002014;Somalomo;Djouo;village
cameroun;CM003;Est;CM003002;Haut-Nyong;CM003002014;Somalomo;Dja'ela;village
cameroun;CM003;Est;CM003002;Haut-Nyong;CM003002014;Somalomo;Nkolekoul;village
cameroun;CM003;Est;CM003002;Haut-Nyong;CM003002014;Somalomo;Nemeyong;village
cameroun;CM003;Est;CM003002;Haut-Nyong;CM003002014;Somalomo;Malen I;village
cameroun;CM003;Est;CM003002;Haut-Nyong;CM003002014;Somalomo;Djo'olimpoum;village
cameroun;CM003;Est;CM003002;Haut-Nyong;CM003002010;Messamena;Malen;village
cameroun;CM003;Est;CM003002;Haut-Nyong;CM003002010;Messamena;Ngouleminanga;village
cameroun;CM003;Est;CM003002;Haut-Nyong;CM003002010;Messamena;Medjo;village
cameroun;CM003;Est;CM003002;Haut-Nyong;CM003002010;Messamena;Ntoumzok;village
cameroun;CM003;Est;CM003002;Haut-Nyong;CM003002010;Messamena;Nemeyong II;village
cameroun;CM003;Est;CM003002;Haut-Nyong;CM003002010;Messamena;Bintsina;village
cameroun;CM003;Est;CM003002;Haut-Nyong;CM003002010;Messamena;Male'ele;village
cameroun;CM003;Est;CM003002;Haut-Nyong;CM003002010;Messamena;Nkolmbong;village
cameroun;CM003;Est;CM003002;Haut-Nyong;CM003002010;Messamena;Nkoul;village
cameroun;CM003;Est;CM003002;Haut-Nyong;CM003002010;Messamena;Bele;village
cameroun;CM003;Est;CM003002;Haut-Nyong;CM003002010;Messamena;Alouma;village
cameroun;CM003;Est;CM003002;Haut-Nyong;CM003002010;Messamena;Kanan;village
cameroun;CM003;Est;CM003002;Haut-Nyong;CM003002010;Messamena;Kemlago'omo;village
cameroun;CM003;Est;CM003002;Haut-Nyong;CM003002010;Messamena;Btani;village
cameroun;CM003;Est;CM003002;Haut-Nyong;CM003002010;Messamena;Kabilone I;village
cameroun;CM003;Est;CM003002;Haut-Nyong;CM003002010;Messamena;Djubla;village
cameroun;CM003;Est;CM003002;Haut-Nyong;CM003002010;Messamena;Modju;village
cameroun;CM003;Est;CM003002;Haut-Nyong;CM003002010;Messamena;Nzmele;village
cameroun;CM003;Est;CM003002;Haut-Nyong;CM003002010;Messamena;Malen III;village
cameroun;CM003;Est;CM003002;Haut-Nyong;CM003002010;Messamena;Dimpam;village
cameroun;CM003;Est;CM003002;Haut-Nyong;CM003002010;Messamena;Kompia;village
cameroun;CM003;Est;CM003002;Haut-Nyong;CM003002010;Messamena;Bifolone;village
cameroun;CM003;Est;CM003002;Haut-Nyong;CM003002010;Messamena;Kodja;village
cameroun;CM003;Est;CM003002;Haut-Nyong;CM003002010;Messamena;Essianbot;village
cameroun;CM003;Est;CM003002;Haut-Nyong;CM003002010;Messamena;Ekomo;village
cameroun;CM003;Est;CM003002;Haut-Nyong;CM003002010;Messamena;Mboumo;village
cameroun;CM003;Est;CM003002;Haut-Nyong;CM003002010;Messamena;Mpomdom;village
cameroun;CM003;Est;CM003002;Haut-Nyong;CM003002010;Messamena;Massea;village
cameroun;CM003;Est;CM003002;Haut-Nyong;CM003002010;Messamena;Nkolkwa;village
cameroun;CM003;Est;CM003002;Haut-Nyong;CM003002010;Messamena;Ntsina;village
cameroun;CM003;Est;CM003002;Haut-Nyong;CM003002010;Messamena;Tonla;village
cameroun;CM003;Est;CM003002;Haut-Nyong;CM003002010;Messamena;Djula;village
cameroun;CM003;Est;CM003002;Haut-Nyong;CM003002010;Messamena;Kwa;village
cameroun;CM003;Est;CM003002;Haut-Nyong;CM003002010;Messamena;Matol;village
cameroun;CM003;Est;CM003002;Haut-Nyong;CM003002010;Messamena;Mang;village
cameroun;CM003;Est;CM003002;Haut-Nyong;CM003002010;Messamena;Mbanga;village
cameroun;CM003;Est;CM003002;Haut-Nyong;CM003002010;Messamena;Ngoulentanan;village
cameroun;CM003;Est;CM003002;Haut-Nyong;CM003002010;Messamena;Tyen;village
cameroun;CM003;Est;CM003002;Haut-Nyong;CM003002010;Messamena;Malen II;village
cameroun;CM003;Est;CM003002;Haut-Nyong;CM003002010;Messamena;Kofadjan;village
cameroun;CM003;Est;CM003002;Haut-Nyong;CM003002010;Messamena;Londjap;village
cameroun;CM003;Est;CM003002;Haut-Nyong;CM003002010;Messamena;Komba I;village
cameroun;CM003;Est;CM003002;Haut-Nyong;CM003002010;Messamena;Mekak;village
cameroun;CM003;Est;CM003002;Haut-Nyong;CM003002010;Messamena;Massiel Mbeno;village
cameroun;CM003;Est;CM003002;Haut-Nyong;CM003002010;Messamena;Biba;village
cameroun;CM003;Est;CM003002;Haut-Nyong;CM003002010;Messamena;Zoulabt;village
cameroun;CM003;Est;CM003002;Haut-Nyong;CM003002010;Messamena;Minlo II;village
cameroun;CM003;Est;CM003002;Haut-Nyong;CM003002014;Somalomo;Kombatita;village
cameroun;CM003;Est;CM003002;Haut-Nyong;CM003002014;Somalomo;Komba I;village
cameroun;CM003;Est;CM003002;Haut-Nyong;CM003002010;Messamena;Tonga;village
cameroun;CM003;Est;CM003002;Haut-Nyong;CM003002010;Messamena;Makak;village
cameroun;CM003;Est;CM003002;Haut-Nyong;CM003002010;Messamena;Pa alekan;village
cameroun;CM003;Est;CM003002;Haut-Nyong;CM003002010;Messamena;Minlo;village
cameroun;CM003;Est;CM003002;Haut-Nyong;CM003002010;Messamena;Malen II;village
cameroun;CM003;Est;CM003002;Haut-Nyong;CM003002014;Somalomo;Ancien village;village
cameroun;CM003;Est;CM003002;Haut-Nyong;CM003002014;Somalomo;Etou;village
cameroun;CM003;Est;CM003002;Haut-Nyong;CM003002014;Somalomo;Somalomo;town
cameroun;CM003;Est;CM003002;Haut-Nyong;CM003002014;Somalomo;Malen IV;village
cameroun;CM003;Est;CM003002;Haut-Nyong;CM003002014;Somalomo;Ngola;village
cameroun;CM003;Est;CM003002;Haut-Nyong;CM003002014;Somalomo;Adjane;village
cameroun;CM003;Est;CM003002;Haut-Nyong;CM003002014;Somalomo;Kanyol;village
cameroun;CM003;Est;CM003002;Haut-Nyong;CM003002014;Somalomo;Chwam;village
cameroun;CM003;Est;CM003002;Haut-Nyong;CM003002014;Somalomo;Ndengue;village
cameroun;CM003;Est;CM003002;Haut-Nyong;CM003002004;Dja;Mwamedom;village
cameroun;CM003;Est;CM003002;Haut-Nyong;CM003002004;Dja;Eden;village
cameroun;CM003;Est;CM003002;Haut-Nyong;CM003002004;Dja;Kalampeng;village
cameroun;CM003;Est;CM003002;Haut-Nyong;CM003002004;Dja;Ampl;village
cameroun;CM003;Est;CM003002;Haut-Nyong;CM003002004;Dja;Mpl;village
cameroun;CM003;Est;CM003002;Haut-Nyong;CM003002004;Dja;Nemeyong;village
cameroun;CM003;Est;CM003002;Haut-Nyong;CM003002004;Dja;Mindourou I;town
cameroun;CM002;Centre;CM002007;Mfoundi;CM002007005;Yaounde 5e;Mvogada;village
cameroun;CM002;Centre;CM002007;Mfoundi;CM002007004;Yaounde 4e;Odza I;village
cameroun;CM002;Centre;CM002005;Mefou-et-Afamba;CM002005007;Nkolafamba;Odza II;village
cameroun;CM002;Centre;CM002005;Mefou-et-Afamba;CM002005007;Nkolafamba;Mhandann III;village
cameroun;CM002;Centre;CM002007;Mfoundi;CM002007004;Yaounde 4e;Mebandan;village
cameroun;CM002;Centre;CM002005;Mefou-et-Afamba;CM002005006;Mfou;Nkolndan;village
cameroun;CM004;Extrme-Nord;CM004003;Mayo-Danay;CM004003007;Maga;Maga;town
cameroun;CM004;Extrme-Nord;CM004003;Mayo-Danay;CM004003007;Maga;Pouss;town
cameroun;CM004;Extrme-Nord;CM004003;Mayo-Danay;CM004003007;Maga;Ngoulmoun;village
cameroun;CM004;Extrme-Nord;CM004003;Mayo-Danay;CM004003007;Maga;Gamsaye;village
cameroun;CM004;Extrme-Nord;CM004003;Mayo-Danay;CM004003007;Maga;Maoda;village
cameroun;CM004;Extrme-Nord;CM004003;Mayo-Danay;CM004003004;Kai-Kai;Gouaye;village
cameroun;CM004;Extrme-Nord;CM004003;Mayo-Danay;CM004003004;Kai-Kai;Doreissou;village
cameroun;CM004;Extrme-Nord;CM004003;Mayo-Danay;CM004003009;Vele;Gum;town
cameroun;CM004;Extrme-Nord;CM004003;Mayo-Danay;CM004003009;Vele;Vele;village
